{"type": "FeatureCollection", "features": [{"type": "Feature", "properties": {"identifier": "0029b563-de6c-4413-965c-24e61295f1b8", "name": "Ferienwohnung \"Margrit West\"", "description": "<p class=\"MsoNormal\">Eine Ferienwohnung inmitten der Bergwelt. In unmittelbarer N&auml;he zur Skipiste. Mitten im Wanderparadies. Wir freuen uns auf dich.</p><p class=\"MsoNormal\">&Uuml;ber den Button gelangst du direkt zum Buchungsportal oder kannst eine E-Mail f&uuml;r deine Reservationsanfrage an den Vermieter schicken.</p>", "image": "https://jrtagpimtsoch.sos-ch-dk-2.exoscale-cdn.com/catalog/6/1/f/e/61fe7cfe38a68f2993f9301b5251d6ffc7968e42_Margrit_West.webp", "openstreetmap_id": "way/548560724"}, "geometry": {"type": "Point", "coordinates": ["7.9069069", "46.5944872"]}}, {"type": "Feature", "properties": {"identifier": "02fdda8f-111f-435a-b32b-49b0dee70ddc", "name": "Chalet Susenegg", "description": "<p>Eine Ferienwohnung inmitten der Bergwelt. In unmittelbarer N\u00e4he zur Skipiste. Mitten im Wanderparadies. Wir freuen uns auf dich.</p><p>\u00dcber den Button gelangst du direkt zum Buchungsportal oder kannst eine E-Mail f\u00fcr deine Reservationsanfrage an den Vermieter schicken.<br></p><div><br></div>", "url": "https://www.ferienwohnung-grindelwald-be.ch", "image": "https://jrtagpimtsoch.sos-ch-dk-2.exoscale-cdn.com/catalog/b/e/6/b/be6b3670988a044724b60d2c78a1114d7a816d5f_Chalet_Susenegg.jpg", "openstreetmap_id": "way/320922649"}, "geometry": {"type": "Point", "coordinates": ["8.014725255166969", "46.631674950000004"]}}, {"type": "Feature", "properties": {"identifier": "03cbfdc3-5c1e-4b7c-9af4-e808a03f9d64", "name": "Kinderparadies M\u00e4nnlichen", "description": "Das Kinderparadies M\u00e4nnlichen befindet sich bei der Bergstation der Gondelbahn Grindelwald \u2013 M\u00e4nnlichen bzw. der Luftseilbahn Wengen \u2013 M\u00e4nnlichen.\n\nAuf dem Gel\u00e4nde f\u00fcr Anf\u00e4nger*innen stehen ein Tellerlift, ein F\u00f6rderband und ein Seillift zur Verf\u00fcgung.\n\nKurz eine Pause einlegen, sich kulinarisch verw\u00f6hnen lassen? Unmittelbar neben dem Kinderparadies befindet sich das Berghaus M\u00e4nnlichen.", "url": "https://www.skischule-maennlichen.ch/en", "image": "https://jrtagpimtsoch.sos-ch-dk-2.exoscale-cdn.com/catalog/0/e/7/1/0e7197ff8a51fe9d2be065b509ecc0edd7b2aa82_NY_SH4406_MAENNLICHEN_D119465.jpg", "openstreetmap_id": "node/283740485"}, "geometry": {"type": "Point", "coordinates": ["7.942171096801759", "46.61077712752204"]}}, {"type": "Feature", "properties": {"identifier": "049e04da-8c23-4c86-9bda-05cd423a259f", "name": "Zenger bringt\u2019s", "description": "<p><span style=\"font-weight: 700;\"><a href=\"https://www.google.com/maps/place/Dorfstrasse+62,+3818+Grindelwald/@46.6243993,8.0284303,17z/data=!3m1!4b1!4m6!3m5!1s0x478f995473cffaaf:0x6d0aa1e499b557c6!8m2!3d46.6243993!4d8.0310106!16s%2Fg%2F11c1w_khtw?entry=ttu&amp;g_ep=EgoyMDI1MDMwNC4wIKXMDSoASAFQAw%3D%3D\" target=\"_blank\">Zum Ziel navigieren (Google Maps)</a></span></p><p><br></p><p>Zenger bringt's liefert auch K\u00e4sespezialit\u00e4ten und Getr\u00e4nke im Raum Grindelwald direkt vor deine Haust\u00fcre \u2013 oder f\u00fcllen deinen K\u00fchlschrank vor der Anreise in dein Feriendomizil! Ruf uns an!</p>", "url": "https://www.zenger-bringts.ch/", "image": "https://jrtagpimtsoch.sos-ch-dk-2.exoscale-cdn.com/catalog/9/3/0/e/930e60821c1612e1d86ac6fc469ed46143b5c58b_Zenger.jpeg", "openstreetmap_id": "way/320493137"}, "geometry": {"type": "Point", "coordinates": ["8.031002257136599", "46.62436795"]}}, {"type": "Feature", "properties": {"identifier": "04a25199-9f8a-472f-bf43-1eb0186e1652", "name": "Grindelwald Memories Store ", "description": "<p><a href=\"https://www.google.com/maps/place/Grindelwald+Memories+Store/@46.6235404,8.0366785,1070m/data=!3m2!1e3!4b1!4m6!3m5!1s0x478f9bfe58183c53:0x4aec726670d38f36!8m2!3d46.6235404!4d8.0392534!16s%2Fg%2F1ptzgs0v5?entry=ttu&amp;g_ep=EgoyMDI1MDIyMy4xIKXMDSoASAFQAw%3D%3D\" style=\"font-weight: bold;\">Zum Ziel navigieren ( Google Maps )</a><br></p><p><br></p><p>Grindelwald Memories GmbH bietet eine Auswahl an Geschenken in Grindelwald an. Das Gesch\u00e4ft befindet sich in der Dorfstrasse 155, 3818 Grindelwald. Interessierte k\u00f6nnen sich telefonisch unter 033 525 80 82 oder per E-Mail an info@griwa-memories.ch wenden, um weitere Informationen zu erhalten. Grindelwald Memories GmbH ist bekannt f\u00fcr seine vielf\u00e4ltige Auswahl an Geschenken, die sowohl f\u00fcr Einheimische als auch f\u00fcr Besuchende attraktiv sind.</p>", "image": "https://jrtagpimtsoch.sos-ch-dk-2.exoscale-cdn.com/catalog/9/1/3/b/913b762b68af590bb7e220414e99f9c280cb8a56_Eiger_im_Hintergrund.jpg", "openstreetmap_id": "map=19/46.623501/8.038993"}, "geometry": {"type": "Point", "coordinates": ["8.03908979333016", "46.6235106764471"]}}, {"type": "Feature", "properties": {"identifier": "059c467f-aa1d-4efd-8bd8-64cb04c7eee7", "name": "Wyss Sport", "description": "Wyss Sport befindet sich auf der Kleinen Scheidegg. Das Gesch\u00e4ft liegt somit zwischen Grindelwald und Wengen, auf 2061 m.\u00fc.M. Du findest es direkt am Bahnhof Kleine Scheidegg, neben Hotels und Restaurants und mitten im Skigebiet Grindelwald-Wengen. Neben dem Verkauf und Verleih von Winter- und Sommerausr\u00fcstung kannst du auch eine Ski- oder Snowboard-Lektion buchen. In der oberen Etage befindet sich zudem ein Souvenir Shop.", "url": "https://www.wyss-sport.ch", "image": "https://jrtagpimtsoch.sos-ch-dk-2.exoscale-cdn.com/catalog/6/e/8/8/6e886ec3d021b591e413ef28de51a61e1c4876de__AMO2302.jpg", "openstreetmap_id": "way/546891112"}, "geometry": {"type": "Point", "coordinates": ["7.961581020409334", "46.5853262"]}}, {"type": "Feature", "properties": {"identifier": "05e3a999-2e48-4157-b9bb-f23e42769ed3", "name": "Marktfrauen Gimmelwald", "description": "Die Marktfrauen Gimmelwald bieten eine breite Auswahl an Produkten, die direkt bei ihnen bestellt werden k\u00f6nnen. Dazu geh\u00f6ren K\u00e4se von den umliegenden Alpen Schiltalp und Sefinenalp, W\u00fcrste zum Rohessen und Mostbr\u00f6ckli, frisches Kalb-, Jungrind-, Lamm- und Gitzi-Fleisch sowie Gonfi und S\u00fcss-Saures nach eigenen Rezepturen. Auch Zopf und andere Backwaren sind erh\u00e4ltlich. Alle Produkte k\u00f6nnen individuell zusammengestellt werden. Die Marktfrauen freuen sich, Besucher an ihrem Marktstand begr\u00fcssen zu d\u00fcrfen.", "url": "https://marktfrauen.ch/", "image": "https://jrtagpimtsoch.sos-ch-dk-2.exoscale-cdn.com/catalog/e/4/e/c/e4ec38df6f916eedb93ae42126edb1afef97161e_Marktfrauen_Gimmelwald.jpg", "openstreetmap_id": "node/7153618487"}, "geometry": {"type": "Point", "coordinates": ["7.8914988", "46.5443695"]}}, {"type": "Feature", "properties": {"identifier": "08f74b77-4f96-4e95-b4bb-fa4b7e694aa2", "name": "Barrys Restaurant, Bar & Lounge", "description": "<p>Bergh\u00fcttenromantik so authentisch wie Geschichten \u00fcber Rettungshunde, alpines Flair kombiniert mit hippen Trends und ein Team so dynamisch, dass der Funke ruckzuck \u00fcberspringt: Barrys verbindet Traditionelles mit Angesagtem und \u00fcberrascht mit neuen Interpretationen. Entdecke bei uns dein Lieblingspl\u00e4tzchen in der Lounge oder in gem\u00fctlichen Nischen im 1. Stock \u2013 immer inmitten von alpinen und trendigen Themenwelten und ganz viel charmanter Authentizit\u00e4t.\n\nWir sind an 364 Tagen von 7.00 bis 23.30 Uhr und an Wochenenden bis 1.00 Uhr f\u00fcr dich da. Nur der 365. Tag geh\u00f6rt einzig unseren Mitarbeitenden. Je nach Saisonalit\u00e4t k\u00f6nnen einzelne Bereiche des Restaurants geschlossen sein.</p><p></p>", "url": "https://www.barrysrestaurant.ch/", "image": "https://jrtagpimtsoch.sos-ch-dk-2.exoscale-cdn.com/catalog/0/8/f/0/08f02670de7441f8b07a9e17d12cfab23c51ee01_Barrys_restaurant_Titelbild.jpg", "openstreetmap_id": "node/5284535683"}, "geometry": {"type": "Point", "coordinates": ["8.0381633", "46.6236709"]}}, {"type": "Feature", "properties": {"identifier": "0b5c94c5-e765-4995-981f-18ab533721cf", "name": "Buri Sport", "description": "<p><strong><a href=\"https://www.google.ch/maps/place/Buri+Sport/@46.6234205,8.0395686,20z/data=!4m10!1m2!2m1!1sburi+sport!3m6!1s0x478f9bedc66333db:0x9353b08d1a5dfaf5!8m2!3d46.623485!4d8.0399347!15sCgpidXJpIHNwb3J0WgwiCmJ1cmkgc3BvcnSSAQlza2lfc3RvcmXgAQA!16s%2Fg%2F11rp0qwy7w?hl=de&amp;entry=ttu&amp;g_ep=EgoyMDI1MDIyNS4wIKXMDSoASAFQAw%3D%3D\" rel=\"noopener noreferrer\" target=\"_blank\">Zum Ziel navigieren (Google Maps)</a></strong></p><p></p><p>Bei Buri Sport findest du eine grosse Auswahl an Sport- und anderer Kleidung sowie originelle Souvenirs und T-Shirts mit exklusiven Designs. Sowohl im Winter als auch im Sommer kannst du den Ausr\u00fcstungsverleih f\u00fcr Skier, Snowboards, Schlitten und E-Bikes in Anspruch nehmen. Dar\u00fcber steht die M\u00f6glichkeit zur Verf\u00fcgung, Skikurse zu buchen.</p>", "url": "https://www.burisport.ch", "image": "https://jrtagpimtsoch.sos-ch-dk-2.exoscale-cdn.com/catalog/a/7/4/5/a7459d5d13db90aa0b0d82190e88326e010eda5f_BuriSport_Fashion.jpg", "openstreetmap_id": "node/4379348094"}, "geometry": {"type": "Point", "coordinates": ["8.03991080186", "46.623435407111224"]}}, {"type": "Feature", "properties": {"identifier": "0baf2c95-6d96-4a75-833e-59815d01ab8f", "name": "OUTDOOR - Grindelwald Shop and Caf\u00e9", "description": "<p><strong><a href=\"https://www.google.com/maps/place/OUTDOOR+-+Grindelwald+Shop+and+Caf%C3%A9/@46.6243574,8.0306377,17z/data=!3m1!4b1!4m6!3m5!1s0x478f9955932b4381:0x445e6d75c26f7b5c!8m2!3d46.6243575!4d8.0355032!16s%2Fg%2F11b6rhm4qx?entry=ttu&amp;g_ep=EgoyMDI1MDIwMi4wIKXMDSoASAFQAw%3D%3D\" rel=\"noopener noreferrer\" target=\"_blank\">Zum Ziel navigieren (Google Maps)</a></strong></p><p></p><p>Der OUTDOOR - Grindelwald Shop and Caf\u00e9 bietet verschiedene Produkte: Von leichter Kleidung im Sommer bis zur alpinen Ausr\u00fcstung f\u00fcrs Hochgebirge. Bei einem Kaffee kann man im Shop \u00fcber die eigenen Erlebnisse berichten und die n\u00e4chste Tour planen. Neben dem Verkauf kann man im Outdoorshop auch einen Bergf\u00fchrer oder Skilehrer buchen. Der Shop vermietet zudem unter anderem Skiausr\u00fcstung, Bergsportausr\u00fcstung, Wander- und Bergschuhe.</p>", "url": "https://outdoor.ch/de", "image": "https://jrtagpimtsoch.sos-ch-dk-2.exoscale-cdn.com/catalog/0/d/3/7/0d373441fbcfe119f384174758f2f1c00d3dfee9_Outdoorshop.jpg", "openstreetmap_id": "node/4370627488"}, "geometry": {"type": "Point", "coordinates": ["8.035420775413515", "46.6243306907794"]}}, {"type": "Feature", "properties": {"identifier": "0c099564-9cc4-4b5e-9add-6db5ac08dcda", "name": "Buri Sport", "description": "Private Ski- & Snowboardschule SSBS und Rental Center\nPrivatlektionen\n7 Tage in der Woche\nprofessionelle Ausbildung\nindividuelle Betreuung\nSki- und Snowboardmiete", "url": "https://www.burisport.ch/skischule/", "image": "https://jrtagpimtsoch.sos-ch-dk-2.exoscale-cdn.com/catalog/4/c/c/9/4cc9009f0d2ddac9991ed2e8a50c8a4496fdcd36_Burisport_aussen.jpg", "openstreetmap_id": "node/4379348094"}, "geometry": {"type": "Point", "coordinates": ["8.0398714", "46.6234565"]}}, {"type": "Feature", "properties": {"identifier": "0c16072f-889e-4fb7-a034-630db07614ea", "name": "Badesee Hasliberg", "description": "Der Sommertreffpunkt von G\u00e4sten und Einheimischen. Vor dieser pr\u00e4chtigen Bergkulisse musst du einfach den Sprung ins k\u00fchle Nass wagen.\n\nDer Badesee Hasliberg befindet sich direkt neben der Talstation der Gondelbahn Twing-K\u00e4serstatt. Nebst dem Badevergn\u00fcgen \u2013 f\u00fcr Kinder ist eigens ein seichter Bereich angelegt mit Sandstrand und Spielzeug \u2013 bietet der See auch Liegewiesen, Slackline, Bibliothek, Strandspiele, Umkleidekabinen, ein Bistro mit Sommersnacks und eine Dusche im Freien mit Blick aufs Bergpanorama. Sonnenschirme stehen dir gratis zur Verf\u00fcgung.\n\nParkpl\u00e4tze sind direkt beim Badesee keine vorhanden \u2013 ein beschilderter Weg f\u00fchrt vom Parkplatz der Bergbahnen direkt zum See.", "image": "https://jrtagpimtsoch.sos-ch-dk-2.exoscale-cdn.com/catalog/6/9/6/f/696fda3be04cdd4580037791978869fdc2f1c6e1_badesee_hasliberg__6_.jpg", "openstreetmap_id": "way/53361569"}, "geometry": {"type": "Point", "coordinates": ["8.193593931097052", "46.74662415"]}}, {"type": "Feature", "properties": {"identifier": "0e76f9be-6f65-4a2f-8b6d-d6718fef6ab2", "name": "Skigebiet Grindelwald-Wengen", "description": "<p>Das Skigebiet liegt am Fuss von Eiger, M&ouml;nch und Jungfrau. Die weltber&uuml;hmte Lauberhornabfahrt befindet sich hier. Sie f&uuml;hrt vom Lauberhorn &uuml;ber eine fast 4,5 km lange Strecke hinunter nach Wengen. Der Eiger Express f&auml;hrt in nur 15 Minuten von Grindelwald Terminal zum Eigergletscher auf 2328 m &uuml;. M. Erreichbar ist das Skigebiet zudem von Grindelwald und Wengen mit der Zahnradbahn (Wengernalpbahn) oder per Seilbahn (Gondelbahn Grindelwald &ndash; M&auml;nnlichen resp. Luftseilbahn Wengen &ndash; M&auml;nnlichen).</p><p>Die aktuellen Betriebszeiten findest du&nbsp;<strong><a href=\"https://grindelwald.swiss/de/service/betriebsstatus/wintersportbericht.html\">hier.</a></strong></p>", "url": "https://www.jungfrau.ch", "image": "https://jrtagpimtsoch.sos-ch-dk-2.exoscale-cdn.com/catalog/c/4/b/9/c4b906f0eeb1e16d6acf1e9b19abe4e9f0fcb4b4_Skifahren_Grindelwald.jpg", "openstreetmap_id": "node/3668308747"}, "geometry": {"type": "Point", "coordinates": ["7.9608968", "46.5850987"]}}, {"type": "Feature", "properties": {"identifier": "0e8a46d5-4961-4c71-8a97-2a537e206262", "name": "ASPEN alpin lifestyle Wellness", "description": "<p>Erlebe im Aspen Alpin Lifestyle Hotel eine unersch&ouml;pfliche Aromenvielfalt, Lichtspiele und die wirkungsvollen Kr&auml;fte der Natur.</p><p>Der Wellnessbereich steht w&auml;hrend gewissen Zeiten nur Hotelg&auml;sten zur Verf&uuml;gung. Die &Ouml;ffnungszeiten erf&auml;hrst du an der Reception oder unter 033 854 40 00.</p><p>Kinder unter 14j. haben keinen Zutritt.<br><br><br>In unserem Wellnessbereich findest du:</p><p>Finnische Altholzsauna mit 90&deg;C (Nacktbereich)<br>Kr&auml;uterbad mit automatischem Aufguss 65&deg;C (Nacktbereich)&nbsp;<br>Soledampfbad mit 100% Luftfeuchtigkeit und 45&deg;C (Nacktbereich) <br>Vitaminbar mit Tee, Fr&uuml;chten und N&uuml;ssen <br>Eisbrunnen <br>Erlebnisduschen <br>Fusssprudelbecken <br>Temperierte Wasserbetten <br>Aussenwhirlpool (36&deg;C) mit Inneneinstieg. Im Winter direkt an der Piste!</p>", "url": "https://www.hotel-aspen.ch", "image": "https://jrtagpimtsoch.sos-ch-dk-2.exoscale-cdn.com/catalog/0/6/8/4/0684165f5bf01a924a4fbeb370b9b7161224a488__ASP0990.jpg", "openstreetmap_id": "node/986991474"}, "geometry": {"type": "Point", "coordinates": ["8.0056956", "46.6190463"]}}, {"type": "Feature", "properties": {"identifier": "0f24fa42-895d-4d9a-a250-d1c073776916", "name": "Test", "description": "Test,\n\nE-Mail kann gel\u00f6scht werden.\n\nLG\nBill", "url": "https://test.ch", "image": "https://jrtagpimtsoch.sos-ch-dk-2.exoscale-cdn.com/catalog/d/9/b/e/d9befc8ba4e3ff1539803cbe9025c953def0b0e7_JRT07891.jpg", "openstreetmap_id": "way/346760571"}, "geometry": {"type": "Point", "coordinates": ["7.92142281234676", "46.6019364"]}}, {"type": "Feature", "properties": {"identifier": "10d9ba3c-5db7-41fc-a493-53f30ed39b8e", "name": "Grindellodge", "description": "<p>Unsere Zimmer vereinen die wilde Anziehungskraft der Berge mit ruhiger japanischer Eleganz. Geniessen Sie eine stilvolle Unterkunft mit atemberaubender Aussicht, wo jede Jahreszeit eine einzigartige Harmonie aus Ruhe und nat&uuml;rlicher Pracht offenbart.</p>", "url": "https://www.theglacier.ch/de/grindellodge/", "image": "https://jrtagpimtsoch.sos-ch-dk-2.exoscale-cdn.com/catalog/1/3/6/c/136c66c04191c3db7882aef38c7fc10b6f644dac__A7R5794.jpg", "openstreetmap_id": "way/320651620"}, "geometry": {"type": "Point", "coordinates": ["8.049588829181747", "46.6294861"]}}, {"type": "Feature", "properties": {"identifier": "1201eef0-5ae8-4744-99ce-9028224e9a7e", "name": "Wengener Konfit\u00fcre", "description": "Konfit\u00fcre, Marmelade und Chutneys aus regionalen Fr\u00fcchten.", "image": "https://jrtagpimtsoch.sos-ch-dk-2.exoscale-cdn.com/catalog/4/b/e/b/4beb81023d361ebb00224abb3e43d2f065fa3c5c_allgemein_wengen.jpg", "openstreetmap_id": "node/240096898"}, "geometry": {"type": "Point", "coordinates": ["7.9217237", "46.6054411"]}}, {"type": "Feature", "properties": {"identifier": "141df1f1-a1cc-4525-b52d-b71789ead7a5", "name": "Vogts Corner", "description": "<p><span style=\"font-weight: 700;\"><a href=\"https://www.google.ch/maps/place/Dorfstrasse+111,+3818+Grindelwald/@46.6240178,8.036102,17z/data=!3m1!4b1!4m6!3m5!1s0x478f99558a2b4b0d:0x3272d77c4197c195!8m2!3d46.6240178!4d8.036102!16s%2Fg%2F11c8993v83?entry=ttu&amp;g_ep=EgoyMDI1MDMxOS4yIKXMDSoASAFQAw%3D%3D\" target=\"_blank\">Zum Ziel navigieren (Google Maps)</a></span></p><p><br></p><p>Im Zentrum von Grindelwald bietet Vogts Corner eine Auswahl an hochwertigen Schweizer Uhren, Messern aller Art sowie Parf\u00fcms der weltbekannten Marke Victorinox.</p>", "url": "https://www.grindelwald-shopping.com", "image": "https://jrtagpimtsoch.sos-ch-dk-2.exoscale-cdn.com/catalog/5/5/d/5/55d500fb0a935b894b92ccc6a5408eab48a5c61e_DSC05266.JPG", "openstreetmap_id": "map=19/46.623996/8.036046"}, "geometry": {"type": "Point", "coordinates": ["8.03612136259331", "46.6240719"]}}, {"type": "Feature", "properties": {"identifier": "152065f7-f1c1-4971-b03b-6c254ef26d6f", "name": "Chalet Crystal 4 Bett Wohnung", "description": "<p class=\"MsoNormal\">Eine Ferienwohnung inmitten der Bergwelt. In unmittelbarer\nN\u00e4he zur Skipiste. Mitten im Wanderparadies. Wir freuen uns auf dich.&nbsp;</p><p>\n\n\n\n</p><p class=\"MsoNormal\">\u00dcber den Button gelangst du direkt zum Buchungsportal oder\nkannst eine E-Mail f\u00fcr deine Reservationsanfrage an den Vermieter schicken.<o:p></o:p></p>", "image": "https://jrtagpimtsoch.sos-ch-dk-2.exoscale-cdn.com/catalog/f/b/e/1/fbe136508015a1aa5576fc4897ba638b53ce4f35_M__rren_Chalet_Crystal_4_Bett.jpg", "openstreetmap_id": "way/223027125"}, "geometry": {"type": "Point", "coordinates": ["7.89369285106659", "46.55885661714059"]}}, {"type": "Feature", "properties": {"identifier": "19783417-844e-4596-9809-b1a1206677ae", "name": "Nachts am Hasliberg", "description": "Verbringe einen lustigen und kurzweiligen Abend mit deinen Freunden oder deiner Familie am Hasliberg. F\u00fcrs Skifahren sind die Pisten Nr. 14 und 23 von M\u00e4gisalp nach Reuti beleuchtet.  Das Nachtschlitteln findet jeweils auf der unbeleuchteten Schlittelstrecke von M\u00e4gisalp nach Bidmi statt, daher unbedingt eine Stirnlampe mitnehmen.\n\nUm das Erlebnis abzurunden, empfehlen wir dir im Bergrestaurant M\u00e4gisalp den Fondue- oder Racletteplausch \u2013 musikalische Unterhaltung inklusive.\n\nEbenfalls sind w\u00e4hrend dem Nachtskifahren das Familienrestaurant Bidmi sowie das Hotel Reuti ge\u00f6ffnet.\n\nG\u00fcltig: Jahres- und Saisonabonnemente, Top4-Skipass, Ski-/Wandertages- und Mehrtageskarten*\n* Die Wander- und Schlittelp\u00e4sse sind ausschliesslich zum Wandern und Schlitteln g\u00fcltig und berechtigen nicht zum Ski- oder Snowboardfahren.", "url": "https://meiringen-hasliberg.ch/183/nachtangebote", "image": "https://jrtagpimtsoch.sos-ch-dk-2.exoscale-cdn.com/catalog/9/1/f/f/91ffeee2c67eb7e2a2b345dc1e094aa480e1d509_nachtskifahren_hasliberg_bydavidbirri.jpg", "openstreetmap_id": "node/322637096"}, "geometry": {"type": "Point", "coordinates": ["8.209640979766847", "46.73315459237943"]}}, {"type": "Feature", "properties": {"identifier": "1a0568e0-b55d-4f46-8ddf-9e2837a39587", "name": "\u00dcbungsgel\u00e4nde Allmendhubel", "description": "<p>Mit Spielplatz, Terrasse und Restaurant ist der Allmendhubel der ideale Ort f&uuml;r Familien. Auf dem Gel&auml;nde gibt es diverse M&ouml;glichkeiten, das Skifahren und Snowboarden zu &uuml;ben. Am Tellerlift lernst du das Fahren am Lift und hat die M&ouml;glichkeit zu den hinteren Pisten (Allmi und Palace-Run) zu gelangen. Infrastruktur Das Gel&auml;nde ist mit einem Tellerlift ausgestattet. Dieser liegt an einer blauen Piste und f&uuml;hrt zu weiteren blauen und roten Pisten. Teil des Gel&auml;ndes ist auch Lilly's magische Kidsslope &ndash; eine leichte und abenteuerliche Strecke f&uuml;r Kinder. Das Pamoramarestaurant befindet sich unmittelbar bei der Bergstation.</p>", "url": "https://www.schilthorn.ch", "image": "https://jrtagpimtsoch.sos-ch-dk-2.exoscale-cdn.com/catalog/0/7/e/f/07efda8760a15092245cb535694c01bf2faba08b_Allmihubelbahn3_Panorama_1.jpg", "openstreetmap_id": "way/150268609"}, "geometry": {"type": "Point", "coordinates": ["7.888805866241456", "46.56406467312938"]}}, {"type": "Feature", "properties": {"identifier": "1a210b7d-c822-4289-8ac8-d8aca9ca374e", "name": "Coop Vitality Apotheke", "description": "<p><a href=\"https://www.google.ch/maps/place/Firstbahn+AG/@46.625125,8.0392042,17z/data=!3m1!4b1!4m6!3m5!1s0x478f9bfa25f37115:0x739c6d6142c5e8b9!8m2!3d46.625125!4d8.0417791!16s%2Fg%2F119wpmlj0?hl=de&amp;entry=ttu&amp;g_ep=EgoyMDI0MTExOC4wIKXMDSoASAFQAw%3D%3D\" target=\"_blank\" style=\"font-weight: bold;\">Zum Ziel navigieren (Google Maps)</a></p><p><br>Die Coop Vitality Apotheke bietet verschiedene Gesundheitsdienstleistungen wie Allergie-Check, Blutdruckmessung, Covid-19-Tests und Impfungen (z. B. Grippe und Covid-19). Weitere Angebote umfassen Diabetes-Check, HerzCheck\u00ae, Haar-Mineral-Analyse, Polymedikations-Check, Taping, Ohrcheck, Ohrlochstechen und Zecken-Impfung. Zudem wird eine individuelle Beratung zu Gesundheit und Pr\u00e4vention geboten.</p>", "url": "https://www.coop.ch/de/unternehmen/standorte-und-oeffnungszeiten/detail.html/5150/coop-vitality-vitality-grindelwald.html?srsltid=AfmBOor5uBJ5oEM5fbNGoVByqNgywOrtzmu54ROGXYuA60BgItx800jf", "image": "https://jrtagpimtsoch.sos-ch-dk-2.exoscale-cdn.com/catalog/d/4/2/9/d429fd1e0294b1657bd36d2cd9bb6cf3f156e06a_2024_09_16.jpg", "openstreetmap_id": "node/299311870"}, "geometry": {"type": "Point", "coordinates": ["8.035241", "46.6242074"]}}, {"type": "Feature", "properties": {"identifier": "1cd07d27-f4e7-4efe-9aba-14771db25d0b", "name": "ALTITUDE Ski and Snowboard School", "description": "Die ALTITUDE Ski and Snowboard School hat sich zum Ziel gesetzt, dass ihre G\u00e4ste eine bestm\u00f6gliche Erfahrung machen \u2013 von der Buchung des Unterrichts oder der F\u00fchrung bis hin zum Geniessen eines unglaublichen Tages auf dem Berg.\n\nSie bietet Privat- und Gruppenunterricht in \u00fcber zehn  Sprachen an.", "url": "https://www.altitudeskischool.com/grindelwald/", "image": "https://jrtagpimtsoch.sos-ch-dk-2.exoscale-cdn.com/catalog/d/1/6/e/d16e04734a1e0efa1620bb160cbbca4dde3354a8_Altitude_Skischule__3_.jpg", "openstreetmap_id": "node/299398609"}, "geometry": {"type": "Point", "coordinates": ["8.03727686405182", "46.62335441493738"]}}, {"type": "Feature", "properties": {"identifier": "1d0cde03-af5c-4968-9eab-64d8619cc1d9", "name": "Alpwirtschaft Handegg ", "description": "K\u00e4se, Wurst, Joghurt ", "url": "https://www.facebook.com/alpkaeserei.handegg/", "image": "https://jrtagpimtsoch.sos-ch-dk-2.exoscale-cdn.com/catalog/3/a/0/f/3a0f5413d6f7e6b32c0fa450f9b13acec069ab5d_Alpwirtschaft_Handegg.jpg", "openstreetmap_id": "node/3407346138"}, "geometry": {"type": "Point", "coordinates": ["8.3071639", "46.6128392"]}}, {"type": "Feature", "properties": {"identifier": "1de50a7d-7bb3-4373-9334-37078621c01a", "name": "Paramed Zentrum Willems", "description": "<p><a href=\"https://www.google.com/maps/place/Spillstattstrasse+46,+3818+Grindelwald/@46.6271406,8.0245482,2319m/data=!3m2!1e3!4b1!4m6!3m5!1s0x478f99519414a661:0x6512e181949e63e1!8m2!3d46.6271369!4d8.0271231!16s%2Fg%2F11dzp_6wrj?entry=ttu&amp;g_ep=EgoyMDI0MTEyNC4xIKXMDSoASAFQAw%3D%3D\" target=\"_blank\" style=\"font-weight: bold;\">Zum Ziel navigieren (Google Maps)</a></p><p><br></p><p>Seit 2000 leitet Marco Willems das Paramed Zentrum Willems in Grindelwald, das sich auf Physiotherapie, Osteopathie und Manuelle Therapie spezialisiert hat und seit 2017 in neuen R\u00e4umlichkeiten arbeitet, wo ein engagiertes Team individuelle Behandlungs- und Fitnessprogramme anbietet und eng mit der Schul- sowie Komplement\u00e4rmedizin zusammenarbeitet, auch in Interlaken.</p>", "url": "https://www.paramedzentrum-willems.ch/", "image": "https://jrtagpimtsoch.sos-ch-dk-2.exoscale-cdn.com/catalog/7/9/3/3/7933737e745424ed4255cfad042c476a85ecd79d_Screenshot_2024_11_29_100048.png", "openstreetmap_id": "way/320771397"}, "geometry": {"type": "Point", "coordinates": ["8.027121691120819", "46.6270935"]}}, {"type": "Feature", "properties": {"identifier": "1e0ce6e4-c22a-45a4-98b1-33b6002294b2", "name": "Chalet Sunnerain Erdgeschoss und Gartengeschoss ideal f\u00fcr bis zu 7 Personen", "description": "<p class=\"MsoNormal\">Eine Ferienwohnung inmitten der Bergwelt. In unmittelbarer\nN\u00e4he zur Skipiste. Mitten im Wanderparadies. Wir freuen uns auf dich.&nbsp;</p><p>\n\n\n\n</p><p class=\"MsoNormal\">\u00dcber den Button gelangst du direkt zum Buchungsportal oder\nkannst eine E-Mail f\u00fcr deine Reservationsanfrage an den Vermieter schicken.<o:p></o:p></p>", "image": "https://jrtagpimtsoch.sos-ch-dk-2.exoscale-cdn.com/catalog/a/e/e/9/aee9f048175e0b52a6a4718a20e863ca0fc568ff_M__rren_Chalet_Sunnerain_Erdgeschoss_Sommer.jpg", "openstreetmap_id": "way/331198674"}, "geometry": {"type": "Point", "coordinates": ["7.892182413764218", "46.5582737"]}}, {"type": "Feature", "properties": {"identifier": "1e722ce1-9546-4de9-b976-ef274ed8f909", "name": "Klettergarten Gletscherschlucht", "description": "Direkt beim Eingang zur Gletscherschlucht befindet sich der Klettergarten. Ob Beginner oder Fortgeschrittene, jeder findet hier die passende Herausforderung.", "url": "https://grindelwald.swiss", "image": "https://jrtagpimtsoch.sos-ch-dk-2.exoscale-cdn.com/catalog/a/d/a/c/adac4ed88b539fac1a162d9cc43b4d066aff0fd6_Klettern_Gletscherschlucht__3_.jpg", "openstreetmap_id": "way/358443004"}, "geometry": {"type": "Point", "coordinates": ["8.046820163726808", "46.61358293192834"]}}, {"type": "Feature", "properties": {"identifier": "1f1d7557-6f76-4c17-a439-62aa8d24403f", "name": "BaseCamp Bar & Restaurant", "description": "Das BaseCamp ist mehr als ein Restaurant.\n\nEs ist ein Ort der Zusammenkunft, wo Freunde gemeinsam Genuss und Echtheit zelebrieren wie einst die Bergsteiger vor Aufbruch oder nach R\u00fcckkehr ihrer Bergtour. Auf der Karte findest du das Beste aus der Region sowie das Raffinierteste von dem, was wir jenseits der Talgrenze entdeckt haben. Hier darfst du ganz du sein, geniessen und mit Freunden verweilen, drinnen oder draussen auf einer der sch\u00f6nsten Terrassen von Grindelwald.", "url": "https://www.basecamp.restaurant/", "image": "https://jrtagpimtsoch.sos-ch-dk-2.exoscale-cdn.com/catalog/2/6/3/3/263369399ed81f8c64710aee23072494e40c23ef_BaseCamp_Summer26_OutdoorTerrasseMood_77.jpg", "openstreetmap_id": "way/279369142"}, "geometry": {"type": "Point", "coordinates": ["8.04079055786133", "46.62347964394176"]}}, {"type": "Feature", "properties": {"identifier": "1f74b4c1-c0d8-4634-adea-d969841ab523", "name": "P\u00fc\u00fcre Laden ", "description": "Der P\u00fc\u00fcre Laden Gadmen bietet eine Auswahl an authentischen Schweizer Produkten, darunter Alpk\u00e4se, ein K\u00e4se, der ausschliesslich in den Sommermonaten auf der Alp hergestellt wird und mit w\u00fcrzigen Kr\u00e4utern verfeinert ist. Ausserdem gibt es eine Reihe von Wurstwaren wie Gadmermerchnebel, Geisswurst, Schafwurst und Trockenfleisch, die alle von Tieren stammen, die auf der Alp aufgezogen und nach traditionellen Rezepten verarbeitet wurden. Zu ihren Spezialit\u00e4ten geh\u00f6ren auch Lik\u00f6re, Sirupe, Essige, Marmeladen, Honig und Nidelt\u00e4feli, die du online kaufen kannst.", "image": "https://jrtagpimtsoch.sos-ch-dk-2.exoscale-cdn.com/catalog/7/8/0/5/7805b81e1dba57dab8a534a1ad8279ff4adebfd9_pic_96830.jpg", "openstreetmap_id": "node/11540037509"}, "geometry": {"type": "Point", "coordinates": ["8.3184243", "46.7211085"]}}, {"type": "Feature", "properties": {"identifier": "21980845-75ac-42bf-8242-c8e222e25e30", "name": "Skirennzentrum Hasliberg", "description": "Das Skirennzentrum Hasliberg ist eine einzigartige alpine Begegnungsst\u00e4tte. Hier k\u00f6nnen motivierte Jungtalente Seite an Seite mit etablierten Weltcup- und Europacup-Fahrern*innen trainieren. \n\nDie Strecken und das Infrastrukturgeb\u00e4ude sind zwischen dem Panoramarestaurant Alpen tower und der M\u00e4gisalp. Die Renn- und Trainingspiste befindet sich parallel zum Tschuggilift. Die Fahrzeit vom Skilift betr\u00e4gt nur sechs Minuten, was viele Trainingsl\u00e4ufe in kurzer Zeit erm\u00f6glicht.\n\nInfrastruktur\nSicherheit: Die Piste ist mit fix installierten Sicherheitsnetzen ausger\u00fcstet. Zus\u00e4tzlich steht mobiles Sicherheitsmaterial vor Ort zur Verf\u00fcgung. \n\nBeschneiung: Die Piste kann ganzfl\u00e4chig maschinell beschneit werden. Das garantiert stabile Bedingungen und eine lange Saison. \n\nZeitmessung: Fix installierte Zeitmessungskabel f\u00fcr Wettk\u00e4mpfe der Disziplinen SG, RS, SL und PS. \n\nBeschallung: Eine fix installierte Lautsprecheranlage erm\u00f6glicht die Beschallung der ganzen Strecke. \n\nZielgel\u00e4nde: Modernes Geb\u00e4ude mit Wettkampfb\u00fcro, Aufenthaltsraum und sanit\u00e4ren Anlagen. \n\nSki- und Wachsraum: In der Gondelbahnstation Hasliberg Reuti steht den Teams permanent ein Wachsraum zur Verf\u00fcgung. \n\nMaterial: Das Skirennzentrum Hasliberg verf\u00fcgt \u00fcber top modernes Trainings- und Wettkampfmaterial.", "url": "https://www.meiringen-hasliberg.ch", "image": "https://jrtagpimtsoch.sos-ch-dk-2.exoscale-cdn.com/catalog/f/9/7/f/f97f4ca9be42f8c70abdd361319bd1828e281c24_SkirennzentrumHasliberg_Fahrer.jpg", "openstreetmap_id": "relation/1682470"}, "geometry": {"type": "Point", "coordinates": ["8.237342834472658", "46.749027045057815"]}}, {"type": "Feature", "properties": {"identifier": "22f1ae8a-e3ee-4857-8466-79e37fd7a6e6", "name": "Belvedere Swiss Quality Hotel", "description": "<p>Hotel Belvedere Grindelwald &ndash; herzliche Gastfreundschaft bei Familie Hauser und Mit-Gastgebern</p><p>Hier finden Sie alles, was Ihr Herz begehrt: Prachtvolle Aussichten aus allen individuellen Suiten, Doppel- und Familienzimmern mit Balkon, Klimaanlage, Teestation, internationalem TV und verschiedenen Kopfkissen f&uuml;r einen erholsamen Schlaf in den Ferien. Die genussreiche K&uuml;che in den beiden Restaurants &laquo;1910 &middot; Gourmet by Hausers&raquo; (ausgezeichnet mit einem Stern im Guide MICHELIN 2025 und 16 Gault-Millau-Punkten) und &laquo;Belvedere&raquo; verw&ouml;hnt Ihren Gaumen. Viele Produkte auf dem Fr&uuml;hst&uuml;cksbuffet stammen aus der Region und original aus Grindelwald. Und die gem&uuml;tlich eingerichtete Gondel bietet den perfekten Rahmen f&uuml;r ein romantisches T&ecirc;te-&agrave;-T&ecirc;te bei einem klassischen Schweizer K&auml;se-Fondue.</p><p>Ob klassisch oder originell: Die feinen Drinks von der Cocktailbar geniessen die G&auml;ste auf der Terrasse mit Blick auf den Eiger, in der Belvedere Stuba mit Kamin oder bei einer Partie Billard.</p><p>Der kleine, aber feine Wellness-Bereich mit einem Sole-Whirlpool im Garten, Schwimmbad im Alpin-Style, Saunen, Dampfbad und Massagen l&auml;dt die ganze Familie zum gem&uuml;tlichen Verweilen und Entspannen ein.</p><p>Gratis WLAN im ganzen Hotel, gratis Parkpl&auml;tze vor dem Haus, der Abholservice am Bahnhof bei der Anreise und der private Skibus am Morgen in der Wintersaison runden das Angebot ab.</p><p>Herzlich willkommen - wir freuen uns auf Sie!</p>", "url": "https://www.belvedere-grindelwald.ch/de/seminare/seminare-und-tagungen/", "image": "https://jrtagpimtsoch.sos-ch-dk-2.exoscale-cdn.com/catalog/f/7/0/a/f70ab3baa96a7234440345cc1d9e6b723f893558_image.jpeg", "openstreetmap_id": "way/320493156"}, "geometry": {"type": "Point", "coordinates": ["8.029357532361477", "46.62523865"]}}, {"type": "Feature", "properties": {"identifier": "230498ed-a589-403e-a9c0-32c18b8cdd6d", "name": "Eisbahn Wengen ", "url": "https://wengen.swiss", "image": "https://jrtagpimtsoch.sos-ch-dk-2.exoscale-cdn.com/catalog/1/b/7/0/1b70de301ea2e715ead4689196b697659027a1b3_DJI_20260101151747_0563_D.JPG", "openstreetmap_id": "way/293872085"}, "geometry": {"type": "Point", "coordinates": ["7.9223901", "46.6062717"]}}, {"type": "Feature", "properties": {"identifier": "233bc40d-2229-47ee-aab8-c5996514991f", "name": "Intersport Graf", "description": "<p><strong><a href=\"https://www.google.com/maps/place/Intersport+Graf/@46.6244584,8.0324477,17z/data=!3m1!4b1!4m6!3m5!1s0x478f9953ea38e8c7:0x696c4877b150fbe0!8m2!3d46.6244584!4d8.035028!16s%2Fg%2F1vq9l5wg?entry=ttu&amp;g_ep=EgoyMDI1MDIyNi4xIKXMDSoASAFQAw%3D%3D\" rel=\"noopener noreferrer\" target=\"_blank\">Zum Ziel navigieren (Google Maps)</a></strong></p><p></p><p>Intersport Graf bietet eine erstklassige Auswahl an Bekleidung und Ausr\u00fcstung der bekanntesten Marken, sowohl f\u00fcr Damen als auch f\u00fcr Herren. Neben dem Verkauf steht dir auch ein umfangreiches Sortiment an Winter- und Sommersportausr\u00fcstung zur Miete zur Verf\u00fcgung.</p><p></p><p>Die Skivermietung ist Teil des Intersport Jungfrau Netzwerks und garantiert dir h\u00f6chste Qualit\u00e4t und besten Service, damit du deine Zeit in den Bergen in vollen Z\u00fcgen geniessen kannst.</p>", "url": "https://www.grafgrindelwald.ch/de/", "image": "https://jrtagpimtsoch.sos-ch-dk-2.exoscale-cdn.com/catalog/1/e/8/b/1e8bd3f67342c497a5be2e4666a92cdab64fd32a_marieroth.photo.2___1_.jpg", "openstreetmap_id": "way/320340592"}, "geometry": {"type": "Point", "coordinates": ["8.035017949202674", "46.624489249999996"]}}, {"type": "Feature", "properties": {"identifier": "23c15502-ba15-48d9-ab3a-6b4e797879d2", "name": "SPA und Fitness Silberhorn", "description": "<p>K&ouml;rper und Seele in Harmonie bringen &ndash; ausbalancieren, innehalten... der Stress verschwindet.<br><br>Ausstattung:</p><ul><li>Whirlpool</li><li>beheiztes Dampfbad Solarium (gegen Geb&uuml;hr)</li><li>Fusskneippbecken</li><li>Finnische Sauna</li><li>Bio-Sauna</li><li>Erlebnisduschen</li><li>Massageraum (Massage gegen Geb&uuml;hr)</li><li>Ruhe- und Entspannungsraum mit Blick auf das herrliche Bergpanorama</li><li>Honesty Bar</li><li>Im Sommer: Terasse mit Liegest&uuml;hlen<br><br></li></ul>", "url": "https://www.silberhorn.ch/en", "image": "https://jrtagpimtsoch.sos-ch-dk-2.exoscale-cdn.com/catalog/8/b/0/7/8b074c0b628374b0cb7448177994c10c8f4794e9_spa_und_fitness_silberhorn__1_.jpg", "openstreetmap_id": "node/1874698243"}, "geometry": {"type": "Point", "coordinates": ["7.9221381", "46.6052545"]}}, {"type": "Feature", "properties": {"identifier": "2408c6a6-ded3-4152-8619-b7971b7093b7", "name": "Mount Cushion", "description": "<p data-start=\"67\" data-end=\"302\" class=\"\"><span style=\"font-weight: bold;\"><a href=\"https://www.google.ch/maps/place/Dorfstrasse+165A,+3818+Grindelwald/@46.6241882,8.0385594,17z/data=!3m1!4b1!4m6!3m5!1s0x478f9bfeb9361165:0x64410794f3380ea7!8m2!3d46.6241882!4d8.0411343!16s%2Fg%2F11sscv_p51?entry=ttu&amp;g_ep=EgoyMDI1MDMxOS4yIKXMDSoASAFQAw%3D%3D\" target=\"_blank\">Zum Ziel navigieren (Google Maps)</a></span></p><p data-start=\"67\" data-end=\"302\" class=\"\"><span style=\"font-weight: bold;\"><br></span></p><p data-start=\"67\" data-end=\"302\" class=\"\">Ein Laden voller Kissen. Zum Kuscheln, zum Tr\u00e4umen, zum W\u00e4rmen, zum K\u00fchlen, zum Schm\u00fccken von R\u00e4umen. Mount Cushion verbindet Traditionelles mit zeitgem\u00e4ssem Design. Moderne Swissness f\u00fcr das Zuhause.</p><p data-start=\"67\" data-end=\"302\" class=\"\">Kissen, entworfen und gen\u00e4ht in Grindelwald und der Region. Hochwertige Textilien und edle F\u00fcllungen werden verwendet, wie zum Beispiel altes Leinen und Arvensp\u00e4ne. Ein St\u00fcck echte Bergwelt f\u00fcr das Zuhause.</p>", "url": "https://mount-cushion.ch/", "image": "https://jrtagpimtsoch.sos-ch-dk-2.exoscale-cdn.com/catalog/3/5/3/e/353e02dd0e82de2ed57c8b9f8624870c2d807661_DSC05235.JPG", "openstreetmap_id": "map=19/46.624205/8.041131"}, "geometry": {"type": "Point", "coordinates": ["8.041130487914229", "46.624204750000004"]}}, {"type": "Feature", "properties": {"identifier": "24d5d59f-92c1-4acf-ab4e-2aab78a85a62", "name": "S\u00e4ge Schwarzwaldalp", "description": "Das historische S\u00e4gewerk Schwarzwaldalp, das vor \u00fcber einem Jahrhundert gebaut wurde, arbeitet immer noch mit der gleichen Pr\u00e4zision wie am ersten Tag. Dieses Wunderwerk der Technik wird mit einer Naturkraft angetrieben und ist ein Beispiel f\u00fcr ausgefeilte Handwerkskunst.&nbsp;", "url": "https://saege-schwarzwaldalp.ch/d/fotos/", "image": "https://jrtagpimtsoch.sos-ch-dk-2.exoscale-cdn.com/catalog/6/e/e/0/6ee0c409ed1915555daa42e4bf3094c27909b7c3_S__ge_Schwarzwaldalp.jpg", "openstreetmap_id": "node/1909288810"}, "geometry": {"type": "Point", "coordinates": ["8.1330486", "46.6753094"]}}, {"type": "Feature", "properties": {"identifier": "24db44e6-e503-47d1-8d73-330e845dd2eb", "name": "Chalet Soldanella", "description": "<p class=\"MsoNormal\">Das Chalet Soldanella befindet sich im Zentrum von M&uuml;rren an ruhiger Lage. Die 3 Zimmerwohnung im Dachgeschoss eines &auml;lteren Dreifamilienchalets hat einen gem&uuml;tlichem Ausbau mit einmaliger Aussicht. Das Domizil eignet sich bestens f&uuml;r Sommer- und Winterurlaub.<br><br>Nebst dem Wohnzimmer hat es in einem Schlafzimmer zwei hintereinanderliegende Betten, im anderen Schlafzimmer ist ein Einzelbett von 120 cm Breite. Die K&uuml;che ist zweckm&auml;ssig ausger&uuml;stet. Das Bad verf&uuml;gt &uuml;ber ein WC, eine Badewanne zum Duschen und 2 Lavabos.&nbsp;<br><br>Sportzentrum und Restaurants sind in 5-10 Minuten zu Fuss erreichbar.&nbsp;Zur&nbsp;Talstation der Allmendhubelbahn sind es 150m. Die Skipiste f&uuml;hrt direkt am Chalet vorbei.<br><br>Die obligatorische Tourismusabgabe/Steuer ist ab Sommersaison 2026 im Mietpreis inbegriffen. Die G&auml;stekarte, welche zum freien Eintritt im Hallenbad oder der Kunsteisbahn (Winter) berechtigt, wird den G&auml;sten bei der Anreise von der Vermieterin ausgeh&auml;ndigt.</p><p class=\"MsoNormal\">&nbsp;</p>", "image": "https://jrtagpimtsoch.sos-ch-dk-2.exoscale-cdn.com/catalog/c/a/f/c/cafc83af4793f01a7a038a87295fa9a1b7e41bce_M__rren_Chalet_Soldanella.jpg", "openstreetmap_id": "way/223027581"}, "geometry": {"type": "Point", "coordinates": ["7.892694540849671", "46.56019005"]}}, {"type": "Feature", "properties": {"identifier": "24e33176-0518-4797-a878-37bb2b5c42e3", "name": "Dorflade Wengen ", "description": "Dorflade Wengen bietet ein breites Sortiment an Lebensmitteln, darunter K\u00e4se von der Wengernalp. Das Gesch\u00e4ft ist bekannt f\u00fcr seine regionalen Produkte und den Hauslieferdienst. Die \u00d6ffnungszeiten variieren je nach Saison, wobei das Gesch\u00e4ft im Sommer, Winter und Fr\u00fchling t\u00e4glich ge\u00f6ffnet ist. ", "url": "https://www.dorflade-wengen.ch/de", "image": "https://jrtagpimtsoch.sos-ch-dk-2.exoscale-cdn.com/catalog/1/c/1/f/1c1f8670201e118efe006e770d7d4982a66bb1a5_Dorflade_wengen.jpg", "openstreetmap_id": "node/5162410346"}, "geometry": {"type": "Point", "coordinates": ["7.9211369", "46.6060061"]}}, {"type": "Feature", "properties": {"identifier": "2732ba6a-8511-4c15-be57-cc40116cc56f", "name": "Klein und Gross Simelistock", "description": "Die herrliche Klettertour auf die Simelist\u00f6cke ist wohl der Klassiker schlechthin in den Engelh\u00f6rnern. Vom Parkplatz auf der Rychenbachalp (bewilligungspflichtig) marschierst du in ca. 1 Stunde an den Einstieg der Kletterroute. In herrlicher Kalkkletterei \u00fcberschreitest du zuerst den kleinen Simelistock und anschliessend \u2013 in etwas ausgesetzter Kalkkletterei \u2013 erreichst du den Gipfel des grossen Simelistocks.\n\nDie Aussicht auf das wilde Ochsental ist wunderbar. Der Abstieg erfolgt \u00fcber etliche Abseilstellen und Wegspuren ins Ochsental hinunter. In der Engelhornh\u00fctte kannst du dich st\u00e4rken, bevor du zur\u00fcck zum Parkplatz wanderst.", "url": "https://www.bergsteigerschule-rosenlaui.ch", "image": "https://jrtagpimtsoch.sos-ch-dk-2.exoscale-cdn.com/catalog/e/3/b/0/e3b00f33c01e7ddb3b826508205fd010484af94b_simeli1_57e39af167efa.jpg", "openstreetmap_id": "node/9910364469"}, "geometry": {"type": "Point", "coordinates": ["8.1813687", "46.6817314"]}}, {"type": "Feature", "properties": {"identifier": "278455a3-be6a-4a6d-894b-6938759144f1", "name": "Kaufmann Fashion", "description": "<p><span style=\"font-weight: bold;\"><a href=\"https://www.google.ch/maps/place/Kaufmann+Fashion/@46.6237134,8.0365242,20z/data=!4m6!3m5!1s0x478f9bfe2f65311b:0x4aac64f29040d9df!8m2!3d46.6236063!4d8.0366968!16s%2Fg%2F11g9sxgr5j?hl=de&amp;entry=ttu&amp;g_ep=EgoyMDI1MDMxOC4wIKXMDSoASAFQAw%3D%3D\" target=\"_blank\">Zum Ziel navigieren (Google Maps)</a></span></p><p><br></p><p>Kaufmann Fashion befindet sich im Zentrum von Grindelwald, direkt neben dem Sportgesch\u00e4ft Intersport Kaufmann. Der Laden bietet hochwertige, modische Kleidung im l\u00e4ssigen Stil f\u00fcr jeden Anlass.</p>", "url": "https://www.kaufmann-fashion.ch", "image": "https://jrtagpimtsoch.sos-ch-dk-2.exoscale-cdn.com/catalog/8/b/c/1/8bc1cf600a12cdc5ffafdd80966cd07c7603031c_Kaufmann_Fashion.jpg", "openstreetmap_id": "map=19/46.623493/8.036443"}, "geometry": {"type": "Point", "coordinates": ["8.036584854125978", "46.62356069635375"]}}, {"type": "Feature", "properties": {"identifier": "28f3b135-0a20-46e4-9012-3514c244a9c0", "name": "United Colors of Benetton", "description": "<p><a href=\"https://www.google.ch/maps/place/Dorfstrasse+131,+3818+Grindelwald/@46.6234769,8.0353123,16z/data=!3m1!4b1!4m6!3m5!1s0x478f9bfe48c38e15:0xb74da2089ecc35e2!8m2!3d46.6234769!4d8.0378872!16s%2Fg%2F11c2b3x2qb?hl=de&amp;entry=ttu&amp;g_ep=EgoyMDI1MDMxOC4wIKXMDSoASAFQAw%3D%3D\" target=\"_blank\" style=\"font-weight: bold;\">Zum Ziel navigieren (Google Maps)</a></p><p><br></p><p>Der United Colors of Benetton Laden in Grindelwald bietet eine grosse Auswahl an legerer und modischer Kleidung. Im Herzen der Schweizer Alpen gelegen, zeichnet sich der Laden durch seinen jungen, bunten und dynamischen Stil aus, ideal f\u00fcr diejenigen, die moderne Trends in einer gem\u00fctlichen und eleganten Atmosph\u00e4re suchen.</p>", "image": "https://jrtagpimtsoch.sos-ch-dk-2.exoscale-cdn.com/catalog/d/7/5/a/d75a529c4b7171115beb576329d7434bb2480d3a_Benetton.jpg", "openstreetmap_id": "map=19/46.623495/8.037880"}, "geometry": {"type": "Point", "coordinates": ["8.0378839", "46.6234655"]}}, {"type": "Feature", "properties": {"identifier": "29827f87-30ad-47a2-a1dc-ec2cd54e8800", "name": "Gasthof B\u00e4ren", "description": "<p>Der Gasthof B\u00e4ren in Hasliberg kombiniert den Charme eines traditionellen Schweizer Gasthauses mit der kulinarischen Vielfalt einer italienischen Pizzeria. Gelegen in der malerischen Berglandschaft der Schweizer Alpen, bietet der Gasthof gem\u00fctliche Zimmer mit einem Mix aus rustikalem Stil und modernem Komfort, ideal f\u00fcr einen erholsamen Aufenthalt. Das Check-in ist ab 15:00 Uhr m\u00f6glich und erfolgt im Hotel Wetterhorn.</p><p>Die Pizzeria des Gasthofs ist bekannt f\u00fcr ihre k\u00f6stlichen, authentischen Pizzen, die im Holzofen gebacken werden, sowie f\u00fcr eine Vielzahl weiterer italienischer Spezialit\u00e4ten und Gerichte. G\u00e4ste k\u00f6nnen ihre Mahlzeiten im einladenden Restaurant oder auf der sonnigen Terrasse mit Blick auf die Berge geniessen.</p><p>Der Gasthof B\u00e4ren ist ein idealer Ausgangspunkt f\u00fcr Outdoor-Aktivit\u00e4ten wie Wandern, Skifahren und Mountainbiken. Mit seiner freundlichen Atmosph\u00e4re und dem zuvorkommenden Service sorgt der Gasthof daf\u00fcr, dass sich jeder Gast willkommen und wohl f\u00fchlt.</p>", "url": "https://sinnvollgastro.ch/unsere-betriebe/gasthof-baeren/seminar-baeren", "image": "https://jrtagpimtsoch.sos-ch-dk-2.exoscale-cdn.com/catalog/7/9/8/6/7986ef22eed6ca0ea3e4413d8eb28dab1c49173a_b__ren_hasliberg_hq_druck__8501156_HDR.jpg", "openstreetmap_id": "way/291503659"}, "geometry": {"type": "Point", "coordinates": ["8.169911669172103", "46.7522656"]}}, {"type": "Feature", "properties": {"identifier": "2aa0736b-3a02-4051-9d65-0a53b139f6ef", "name": "Curling Grindelwald", "description": "Curling ist eine attraktive und spannende Eissportart, welche in jedem Alter gespielt werden kann. Das Spiel f\u00f6rdert sowohl die geistige und k\u00f6rperliche Beweglichkeit, als auch die Konzentrationsf\u00e4higkeit und die Beobachtungsgabe. Neben den sportlichen Voraussetzungen, wie K\u00f6nnen und Geschicklichkeit, sind Fairness und Teamgeist gefragt.\n\nRegelm\u00e4ssig finden auch Turniere des Curling Clubs Grindelwald f\u00fcr Anf\u00e4nger*innen und Profis statt.", "url": "https://www.sportzentrum-grindelwald.ch", "image": "https://jrtagpimtsoch.sos-ch-dk-2.exoscale-cdn.com/catalog/c/b/5/3/cb53aed90cd38371bac75e943daadd186f3f48b4_curling_sportzentrum_grindelwald__1_.jpg", "openstreetmap_id": "way/81742666"}, "geometry": {"type": "Point", "coordinates": ["8.035522339040838", "46.62300125"]}}, {"type": "Feature", "properties": {"identifier": "2cb66714-7269-49a3-af8b-b2fd1a8b8581", "name": "Wellness im Hotel Gletschergarten", "description": "Das Hotel Gletschergarten bietet dir eine kleine aber feine Wellnessoase mit Sauna/Sanarium, Dampfbad und einem gem\u00fctlichen Ruheraum. Entspann dich nach einem langen Ski-oder Wandertag. Bei der Einrichtung unseres Wellnessbereichs legten wir grossen Wert auf nat\u00fcrliche Materialien, wobei viel Eichen-und Arvenholz aus der Region verwendet wurde.\n\nDie Wellnessanlage ist nur f\u00fcr Hotelg\u00e4ste ge\u00f6ffnet. W\u00e4hrend der Sommersaison auf Anfrage.", "url": "https://www.hotel-gletschergarten.ch", "image": "https://jrtagpimtsoch.sos-ch-dk-2.exoscale-cdn.com/catalog/9/a/6/4/9a64e259f8b7252b66e59298e0c234beb1868ae9_wellness_hotel_gletschergarten__5_.jpg", "openstreetmap_id": "way/264459279"}, "geometry": {"type": "Point", "coordinates": ["8.046201812303753", "46.625503800000004"]}}, {"type": "Feature", "properties": {"identifier": "2deb8cf2-10a5-42c3-8381-eb7751edd496", "name": "Kunsteisbahn M\u00fcrren", "description": "<p>Die Kunsteisbahn unter freiem Himmel beeindruckt mit wundersch&ouml;nem Bergpanorama im Hintergrund. Ob Schlittschuhlaufen, Eishockey, Curling oder Eisdisco, hier ist immer etwas los.</p><p>&nbsp;</p>", "url": "https://www.sportzentrum-muerren.ch", "image": "https://jrtagpimtsoch.sos-ch-dk-2.exoscale-cdn.com/catalog/0/b/5/1/0b516a90f6a9f9e4ba08c559e604cf908e43fc94_csm_Eislaufschule_M__rren_Lea_Seiler_und_Kinder_ece29d9d3b.jpg", "openstreetmap_id": "way/548551235"}, "geometry": {"type": "Point", "coordinates": ["7.895324281060606", "46.562483"]}}, {"type": "Feature", "properties": {"identifier": "3293ced8-e0c9-4429-a21c-2a11a4b2de7c", "name": "Uf em Melk ", "description": "Grossesel Wengen bietet eine Vielzahl von Bio-Hofprodukten an. Die saisonale Produkte umfassen Lam und Gitzi, w\u00e4hrend Alpk\u00e4se und Ziegenk\u00e4se das ganze Jahr \u00fcber erh\u00e4ltlich sind. Dauerhafte Angebote sind H\u00fchnereier und Trockenwurst. Der Hof ist BIO-zertifiziert (BIOSUISSE) ", "url": "https://grossesel.com/ueber-uns/", "image": "https://jrtagpimtsoch.sos-ch-dk-2.exoscale-cdn.com/catalog/0/6/c/c/06cc2c51fc53fa07f67a18d8bcff9db8fe964f74_Uf_em_Melk.jpg", "openstreetmap_id": "way/225746000"}, "geometry": {"type": "Point", "coordinates": ["7.92270159080873", "46.59372765"]}}, {"type": "Feature", "properties": {"identifier": "32b9d4e1-1dbd-43ba-b5a3-ae2386c04532", "name": "Alpines Tenniscenter Meiringen", "description": "Tenniscenter mit Tennisschule, 3 Hallenpl\u00e4tzen, 2 Aussenpl\u00e4tzen, 4 Badmintonpl\u00e4tzen, Bistro und Shop f\u00fcr Tennis-, Badminton- und Kletterausr\u00fcstung. Unsere wundersch\u00f6n gelegene Anlage im Herzen des Haslitals mit drei Hallenpl\u00e4tzen und zwei Aussenpl\u00e4tzen l\u00e4dt zum Tennis- und Badmintonspielen ein.\n\nDie famili\u00e4re Tennisschule bietet Jung und Alt ein breites Angebot, um das Spiel mit der Filzkugel zu geniessen, verbessern und erlernen. Unsere erfahrenen und gut ausgebildeten TennislehrerInnen bilden das Fundament einer Tennisschule, welche sich vor allem dem Breitensport widmet. \n\nEin gutes Glas Wein in unserer Lounge? Gem\u00fctlich ein Glas Bier und im Grossbild-TV ein Fussballmatch schauen? Bei einem Caf\u00e9 und leckerem Kuchen den Kindern in der Kinderecke beim Spielen zusehen? Bei uns im Bistro bist du daf\u00fcr genau richtig.\n\nOb Mietmaterial oder Sportartikel f\u00fcr Tennis, Badminton und Klettern \u2013 unser Shop bietet die wichtigsten Ausr\u00fcstungsgegenst\u00e4nde zu vern\u00fcnftigen Preisen an.", "url": "https://www.tennismeiringen.ch/", "image": "https://jrtagpimtsoch.sos-ch-dk-2.exoscale-cdn.com/catalog/0/8/6/3/086302fb59ba96c750aa7e99acbe301de6d7b564_Tennishalle_Meiringen__4_.jpg", "openstreetmap_id": "node/3052259038"}, "geometry": {"type": "Point", "coordinates": ["8.188757300376894", "46.72283294151757"]}}, {"type": "Feature", "properties": {"identifier": "34da7a6a-17c3-4e26-b4ec-2bae10f6333b", "name": "Backdoor Shop", "description": "<p><strong><a href=\"https://www.google.com/maps/place/Dorfstrasse+164,+3818+Grindelwald/@46.6232587,8.0401726,20.18z/data=!4m10!1m2!2m1!1sdorfstrasse+164!3m6!1s0x478f9bfee817f365:0xf27d7fd2a16e4669!8m2!3d46.6234686!4d8.0404701!15sCg9kb3Jmc3RyYXNzZSAxNjSSARFjb21wb3VuZF9idWlsZGluZ-ABAA!16s%2Fg%2F11bw43b9yh?entry=ttu&amp;g_ep=EgoyMDI1MDIxMC4wIKXMDSoASAFQAw%3D%3D\" target=\"_blank\" rel=\"noopener noreferrer\">Zum Ziel navigieren (Google Maps)</a></strong></p><p>&nbsp;</p><p>Der Backdoor Shop bietet alles rund um die Themen Snowboarden, Skifahren oder Trailrunning. Neben dem Verkauf kann man im Backdoor Shop auch verschiedene Winter- und Sommerausr&uuml;stungen mieten &ndash; unter anderem Skitouringmaterial und Splitboards.</p>", "url": "https://backdoorshop.ch/", "image": "https://jrtagpimtsoch.sos-ch-dk-2.exoscale-cdn.com/catalog/c/6/8/4/c684a96e994e364f868473cc2b9762e348080b2c_Backdoor_Shop_Winter_by.davidbirri.jpg", "openstreetmap_id": "way/279369129"}, "geometry": {"type": "Point", "coordinates": ["8.040455547630536", "46.623443800000004"]}}, {"type": "Feature", "properties": {"identifier": "360e1bed-a31c-44f7-a3ba-697c1475e6c9", "name": "Hotel Kreuz & Post", "description": "<p>Zimmer &amp; SUITEN <br>Wo Schweizer Charme auf modernen Komfort trifft! Unsere stilvollen Zimmer und Suiten sind mehr als nur ein Ort zum &Uuml;bernachten &ndash; sie sind Ihr pers&ouml;nlicher R&uuml;ckzugsort inmitten der beeindruckenden Bergwelt Grindelwalds. Ankommen, wohlf&uuml;hlen und geniessen!</p><p>Restaurant &amp; Bar <br>Schweizer Genuss mit Herz &amp; Seele &ndash; Willkommen im Restaurant Kreuz &amp; Post! <br>Wo authentische Aromen, frische Zutaten und herzliche Gastfreundschaft aufeinandertreffen.</p><p>Wellness <br>Nach einem erlebnisreichen Tag in den Alpen ist unser gem&uuml;tlicher Wellnessbereich der perfekte R&uuml;ckzugsort. Durchflutet von nat&uuml;rlichem Licht, umh&uuml;llt von wohltuender W&auml;rme &ndash; hier k&ouml;nnen Sie abschalten, neue Energie tanken und K&ouml;rper sowie Geist verw&ouml;hnen.</p>", "url": "https://www.kreuz-post.ch/de/seminar-event-anfrage", "image": "https://jrtagpimtsoch.sos-ch-dk-2.exoscale-cdn.com/catalog/6/7/f/6/67f675617b44c2e3f5d3d9dccf7d802ea89244e1_S7_Hotel_ext.jpg", "openstreetmap_id": "way/320340622"}, "geometry": {"type": "Point", "coordinates": ["8.034180243484641", "46.62458205"]}}, {"type": "Feature", "properties": {"identifier": "370105c5-80ad-4a5e-b761-cb219fa69343", "name": "Edelwyss Hairstyling", "description": "<p><strong><a href=\"https://www.google.com/maps/place/Edelwyss+Hairstyling/@46.624396,8.0409711,880m/data=!3m2!1e3!4b1!4m6!3m5!1s0x478f9bf95cee6797:0x2f6429b224a768fe!8m2!3d46.624396!4d8.043546!16s%2Fg%2F1ydpvc52d?entry=ttu&amp;g_ep=EgoyMDI1MDUxNS4wIKXMDSoASAFQAw%3D%3D\" rel=\"noopener noreferrer\" target=\"_blank\">Zum Ziel navigieren (Google Maps) </a></strong></p><p></p><p></p><p>Edelwyss Hairstyling ist ein Coiffeur Salon in Grindelwald, der Dienstleistungen f\u00fcr Damen, Herren und Kinder anbietet. Du kannst bequem online einen Termin buchen und das erfahrene Team von Dana J\u00e4ggi und Anna Nussbaum k\u00fcmmert sich um deine Haarbed\u00fcrfnisse. Egal ob Haarschnitt, F\u00e4rben oder spezielle Anl\u00e4sse, hier findest du das passende Angebot. </p>", "image": "https://jrtagpimtsoch.sos-ch-dk-2.exoscale-cdn.com/catalog/1/3/0/9/1309afb9f96925f0ccdcd20f92bcc21e060527a0_Eiger_im_Hintergrund.jpg", "openstreetmap_id": "map=19/46.624422/8.043543"}, "geometry": {"type": "Point", "coordinates": ["8.04353713989258", "46.62441901419527"]}}, {"type": "Feature", "properties": {"identifier": "3a130882-99d5-4e89-9c80-05f1f1090e31", "name": "Fusspflege Sunstar", "description": "<p><strong><a href=\"https://www.google.com/maps/place/Sunstar+Hotel+Grindelwald/@46.6238043,8.0391232,17z/data=!3m1!4b1!4m6!3m5!1s0x478f6fc8895efcc9:0x3562ca57e63ba8fc!8m2!3d46.6238043!4d8.0416981!16s%2Fg%2F1tf0pjbx?entry=ttu&amp;g_ep=EgoyMDI1MDQyOS4wIKXMDSoASAFQAw%3D%3D\" rel=\"noopener noreferrer\" target=\"_blank\">Zum Ziel navigieren (Google Maps) </a></strong></p><p></p><p></p><p>Im Sunstar Grindelwald kannst du ein Verw\u00f6hnprogramm f\u00fcr deine H\u00e4nde und F\u00fcsse geniessen. Die Manik\u00fcre beginnt ab CHF 65.- und die Pedik\u00fcre ab CHF 75.-. Zus\u00e4tzlich kannst du deine N\u00e4gel f\u00fcr CHF 21 lackieren lassen. Diese Behandlungen bieten eine entspannende Auszeit und pflegen deine H\u00e4nde und F\u00fcsse in einer angenehmen Umgebung. </p>", "image": "https://jrtagpimtsoch.sos-ch-dk-2.exoscale-cdn.com/catalog/4/c/1/d/4c1d74d9b7a795e3c7f4bf95b1822d1ad8f90584_Sunstar.jpg", "openstreetmap_id": "map=18/46.623795/8.042062"}, "geometry": {"type": "Point", "coordinates": ["8.042145708610706", "46.62378206085777"]}}, {"type": "Feature", "properties": {"identifier": "3a251ae6-ce2d-43f1-ac7a-c15e568f33f0", "name": "OUTDOOR - Bergsportschule", "description": "<p><a href=\"https://www.google.com/maps/place/Hauptstrasse+15,+3800+Matten+bei+Interlaken/@46.6815849,7.8605164,17z/data=!3m1!4b1!4m6!3m5!1s0x478fa49d4eebd4f9:0x2de41fdaa60f9e69!8m2!3d46.6815812!4d7.8630913!16s%2Fg%2F11c5b6s43x?entry=ttu&amp;g_ep=EgoyMDI0MTExOS4yIKXMDSoASAFQAw%3D%3D\" target=\"_blank\" style=\"font-weight: bold;\">Zum Ziel navigieren (Google Maps)</a></p><p><br></p><p>Die OUTDOOR Bergsportschule Grindelwald bietet ganzj\u00e4hrig unvergessliche Naturerlebnisse f\u00fcr alle Abenteuerlustigen \u2013 sei es f\u00fcr Anf\u00e4nger, die erste Erfahrungen in den Bergen sammeln m\u00f6chten, oder f\u00fcr erfahrene Bergprofis, die ihre F\u00e4higkeiten erweitern wollen. Mit einer breiten Palette an Kursen, darunter Wandern, Klettern, Skitouren und Alpinismus, erm\u00f6glicht die Schule einzigartige Erlebnisse in der beeindruckenden Bergwelt.</p>", "url": "https://outdoor.ch", "image": "https://jrtagpimtsoch.sos-ch-dk-2.exoscale-cdn.com/catalog/e/b/3/c/eb3c84b6ce4a9b5218f81e88df4b249864fa9111_outdoor.png", "openstreetmap_id": "map=19/46.681559/7.863081"}, "geometry": {"type": "Point", "coordinates": ["8.035431504249575", "46.62434550596852"]}}, {"type": "Feature", "properties": {"identifier": "3b426c92-fe50-453f-a244-0931f113409e", "name": "Gemeindeverwaltung Grindelwald", "description": "<p><strong><a href=\"https://www.google.com/maps/place/Spillstattstrasse+2,+3818+Grindelwald/@46.6253503,8.0300381,18.25z/data=!4m6!3m5!1s0x478f995400476a3b:0x7cb84624acb079f2!8m2!3d46.6257979!4d8.0310212!16s%2Fg%2F11dzqzx9dx?entry=ttu&amp;g_ep=EgoyMDI1MDQyOS4wIKXMDSoASAFQAw%3D%3D\" rel=\"noopener noreferrer\" target=\"_blank\">Zum Ziel navigieren (Google Maps) </a></strong></p><p></p><p></p><p>Die Gemeindeverwaltung Grindelwald bietet umfassende Dienstleistungen f\u00fcr Einwohner*innen und Besucher*innen. Von der Bauverwaltung \u00fcber die Wasserversorgung bis hin zur Finanzverwaltung deckt sie alle wichtigen Bereiche ab. Zudem gibt es Informationen zu aktuellen Projekten. Die Verwaltung ist an der Spillstattstrasse 2 zu finden und steht f\u00fcr Fragen und Anliegen zur Verf\u00fcgung. \u00d6ffnungszeiten sind von Montag bis Freitag, mit variierenden Zeiten am Nachmittag.</p>", "image": "https://jrtagpimtsoch.sos-ch-dk-2.exoscale-cdn.com/catalog/f/7/8/f/f78fccced8847debd55b6dee28e8cd223e6937cc_IMG_1820_1024x768.jpg", "openstreetmap_id": "map=18/46.625732/8.030979"}, "geometry": {"type": "Point", "coordinates": ["8.031002872858288", "46.62577611708412"]}}, {"type": "Feature", "properties": {"identifier": "3c5d7257-c5aa-47d9-b779-ea71358f51a2", "name": "Harmonie Holz", "description": "Harmonie Holz am Terrassenweg 61 in Grindelwald hat sich auf die Herstellung einzigartiger Holzkunstwerke und Installationen spezialisiert. Sie bieten massgeschneiderte Produkte an, die individuelle Kundenw\u00fcnsche mit ihrer umfangreichen Erfahrung verbinden. Ihr Portfolio umfasst Unikate und Installationen aus Holz, Wildholz und Altholz f\u00fcr den Innen- und Aussenbereich. Harmonie Holz ist stolz darauf, sich aussergew\u00f6hnlichen Herausforderungen zu stellen und nimmt sie regelm\u00e4ssig an.&nbsp;", "url": "https://harmonieholz.ch/47/produkte", "image": "https://jrtagpimtsoch.sos-ch-dk-2.exoscale-cdn.com/catalog/2/3/7/4/2374fec61b0e87d0bf10f609ec3eb813628a453f_Harmonie_Holz_Teamlist.jpg", "openstreetmap_id": "node/2618801527"}, "geometry": {"type": "Point", "coordinates": ["8.0388129", "46.6295823"]}}, {"type": "Feature", "properties": {"identifier": "3d002f43-2436-447d-8c22-c99e56d125e1", "name": "Ausstein Chalet Steimanndli", "description": "<p class=\"MsoNormal\">Eine Ferienwohnung inmitten der Bergwelt. In unmittelbarer\nN\u00e4he zur Skipiste. Mitten im Wanderparadies. Wir freuen uns auf dich.</p><p>\n\n\n\n</p><p class=\"MsoNormal\">\u00dcber den Button gelangst du direkt zum Buchungsportal oder\nkannst eine E-Mail f\u00fcr deine Reservationsanfrage an den Vermieter schicken.<o:p></o:p></p>", "url": "https://www.ausstein.ch", "image": "https://jrtagpimtsoch.sos-ch-dk-2.exoscale-cdn.com/catalog/8/9/e/7/89e77a8b77cbdd1004b9b0d957ebe2af4389c934_Ausstein_Chalet_Steinmanndli.jpg", "openstreetmap_id": "way/348687257"}, "geometry": {"type": "Point", "coordinates": ["8.029775126361411", "46.62322545"]}}, {"type": "Feature", "properties": {"identifier": "3d324199-e364-4064-9f03-6bda4ddf0a6c", "name": "Wengener Teemischung ", "description": "Eigertee, M\u00f6nchtee, Jungfrautee\n", "image": "https://jrtagpimtsoch.sos-ch-dk-2.exoscale-cdn.com/catalog/b/c/4/b/bc4bafab32865c05fe144dd64856857ea9c21714_allgemein_wengen.jpg", "openstreetmap_id": "way/547992201"}, "geometry": {"type": "Point", "coordinates": ["7.922437650877148", "46.60745825"]}}, {"type": "Feature", "properties": {"identifier": "3f73fbc3-f26d-4500-8744-3200c092b377", "name": "Lauberhorn Crazy Golf Wengen", "description": "<p>Lauberhorn Crazy Golf ist mehr als nur Minigolf. Die 18-Loch-Bahn erz&auml;hlt verschiedene Geschichten rund um die ber&uuml;hmt-ber&uuml;chtigte Lauberhornabfahrt. Das Kernen-S oder das &Ouml;sterreicherloch spielen, sowie den Ball aus der Schneekanone schleudern &ndash; ein Erlebnis f&uuml;r die ganze Familie.<br><br></p>", "image": "https://jrtagpimtsoch.sos-ch-dk-2.exoscale-cdn.com/catalog/b/e/6/5/be651d450c8f6a6e5587c47f1b510115b2018a3d_Mini_Golf_Wengen.jpg", "openstreetmap_id": "node/10723247819"}, "geometry": {"type": "Point", "coordinates": ["7.9217902", "46.6059468"]}}, {"type": "Feature", "properties": {"identifier": "41926421-f430-40cf-ae96-785845d6b069", "name": "Handegg Fair Hands Line", "description": "Der Einstieg liegt etwas n\u00f6rdlich (hinter) der Talstation der Gelmerbahn in der Handegg. Mehrheitlich Platten- und Wandklettrei mit guten Strukturen unterbrochen durch eine steile Verschneidung. \n\nSchwierigkeitsgrad: 6a", "url": "https://bergsteigerschule-rosenlaui.ch/", "image": "https://jrtagpimtsoch.sos-ch-dk-2.exoscale-cdn.com/catalog/7/8/4/9/78498315818af52cfa48ed72db54c72fe5f359d5_image00002.jpeg", "openstreetmap_id": "node/3407346138"}, "geometry": {"type": "Point", "coordinates": ["8.310384750366213", "46.614692018532814"]}}, {"type": "Feature", "properties": {"identifier": "41b29cee-90a4-4fce-b16e-759145c2d552", "name": "Gingerwald", "description": "Gingerwald ist ein lokaler Hersteller in Grindelwald, der sich auf hausgemachten veganen Bio-Ingwerlik\u00f6r spezialisiert hat. Ihr einzigartiges Getr\u00e4nk wird mit Gletscherwasser hergestellt und unterstreicht die Reinheit und die nat\u00fcrliche Essenz der Region. Die Produkte von Gingerwald gibt es bei Eigerness, dem Laden in Grindelwald, sowie in einem lokalen Laden in Unterseen und im purpur Biol\u00e4deli in Interlaken.&nbsp;", "url": "https://www.gingerwald.ch/", "image": "https://jrtagpimtsoch.sos-ch-dk-2.exoscale-cdn.com/catalog/0/c/5/c/0c5c8ae871bcabb53b39ead46f1846c49a84739a_Gingerwald.jpg", "openstreetmap_id": "way/320771670"}, "geometry": {"type": "Point", "coordinates": ["8.024643659591677", "46.62855200310119"]}}, {"type": "Feature", "properties": {"identifier": "42296b65-7897-4a1f-b849-3bf8d5a81d24", "name": "Bernet Garage und Landmaschinen AG", "description": "<p class=\"ql-align-justify\"><strong><a href=\"https://www.google.ch/maps/place/Bernet+Garage+und+Landmaschinen/@46.6260672,8.013002,16z/data=!4m16!1m9!3m8!1s0x478f9948cbf6559d:0xc33b2da085867b50!2sBernet+Garage+und+Landmaschinen!8m2!3d46.6260672!4d8.0155769!9m1!1b1!16s%2Fg%2F1td1tc0y!3m5!1s0x478f9948cbf6559d:0xc33b2da085867b50!8m2!3d46.6260672!4d8.0155769!16s%2Fg%2F1td1tc0y?hl=de&amp;entry=ttu&amp;g_ep=EgoyMDI1MDQxMy4wIKXMDSoASAFQAw%3D%3D\" rel=\"noopener noreferrer\" target=\"_blank\">Zum Ziel navigieren (Google Maps)</a></strong></p><p></p><p>Wir sind ein kompetenter und erfahrener Anbieter von Qualit\u00e4tsprodukten f\u00fcr die Land- und Forstwirtschaft, die Kommunaltechnik, den Gartenbau und Winterdienst. In unserer Werkstatt f\u00fchren wir Service, Unterhalt und Reparaturen an Landmaschinen, Autos und anderen Motorger\u00e4ten aus.</p><p></p><p>F\u00fcr\u00a0Unfallbergungen und Pannenhilfe\u00a0sind wir bestens ausger\u00fcstet.</p><p></p>", "url": "https://garagebernet.ch/", "image": "https://jrtagpimtsoch.sos-ch-dk-2.exoscale-cdn.com/catalog/4/b/a/0/4ba0d0d66ff4cd8e6e79ca7c91835c32185ccfa3_pannenhilfe_winter.jpg", "openstreetmap_id": "map=19/46.625857/8.015959"}, "geometry": {"type": "Point", "coordinates": ["8.015958666801454", "46.62589640964873"]}}, {"type": "Feature", "properties": {"identifier": "452085c9-988a-4c52-9ef3-cb71ead63777", "name": "Tennisanlage Mettenberg", "description": "<p><strong><a href=\"https://www.google.ch/maps/place/TC+Grindelwald+Club-Nr.+2125/@46.6202351,8.0432779,17z/data=!4m10!1m2!2m1!1stennis+grindelwald!3m6!1s0x478f9bf80da88261:0xc116072bc859b5e9!8m2!3d46.6203079!4d8.0465266!15sChJ0ZW5uaXMgZ3JpbmRlbHdhbGSSAQx0ZW5uaXNfY291cnTgAQA!16s%2Fg%2F11cnckqlnz?hl=de&amp;entry=ttu&amp;g_ep=EgoyMDI0MTIxMS4wIKXMDSoASAFQAw%3D%3D\" rel=\"noopener noreferrer\" target=\"_blank\">Zum Ziel navigieren (Google Maps)</a></strong></p><p></p><p>Die Tennisanlage Mettenberg befindet sich im Talgrund und ist mit dem Grindelwald Bus gut erschlossen. Es stehen 4 Sandpl\u00e4tze zur Verf\u00fcgung. Im Sommer finden w\u00f6chentlich G\u00e4steturniere statt. 4 Sandpl\u00e4tze (Freiluft) W\u00f6chentliche G\u00e4steturniere Vermietung von Rackets und B\u00e4llen Tennisunterricht (Privat- und Gruppenunterricht) Buche deinen Tennisplatz direkt online. Weitere Informationen unter www.tcgrindelwald.ch. Adresse Tennisanlage: Mettenbergstrasse 18, 3818 Grindelwald</p>", "url": "https://www.tcgrindelwald.ch/anlage", "image": "https://jrtagpimtsoch.sos-ch-dk-2.exoscale-cdn.com/catalog/c/2/1/2/c21289ec710dc012cb9d46359e531b50b89240ca_2207_2767_by.davidbirri.jpg", "openstreetmap_id": "way/25717830"}, "geometry": {"type": "Point", "coordinates": ["8.045811653137209", "46.620293767321755"]}}, {"type": "Feature", "properties": {"identifier": "45f3464a-34f1-4c9d-8ba1-68682a82b71d", "name": "Fitnessraum Alpines Sportzentrum M\u00fcrren", "description": "<p data-start=\"422\" data-end=\"502\">Sie m&ouml;chten Ihre Leistungsf&auml;higkeit steigern oder an Ihrer Muskelkraft arbeiten?</p><p data-start=\"504\" data-end=\"593\">In unserem Fitnessraum bieten wir Ihnen moderne Ger&auml;te f&uuml;r schweiss&shy;treibende Stunden an.</p><p data-start=\"595\" data-end=\"632\">Der Zutritt ist ab 16 Jahren erlaubt.</p><p data-start=\"634\" data-end=\"715\">Erwachsene: M&uuml;rren Goldcard CHF 18.00 / G&auml;stekarten der Jungfrau Region CHF 18.00</p>", "url": "https://www.sportzentrum-muerren.ch/", "image": "https://jrtagpimtsoch.sos-ch-dk-2.exoscale-cdn.com/catalog/8/a/8/d/8a8df4c113bb8cb87a571d1dc5776a136d3ed728_Fitness_1.png", "openstreetmap_id": "way/548551235"}, "geometry": {"type": "Point", "coordinates": ["7.8953243", "46.562483"]}}, {"type": "Feature", "properties": {"identifier": "46698adb-d706-484c-9e9d-8b18fcb30114", "name": "Molkerei Gertsch ", "description": "<p><a href=\"https://www.google.com/maps/place/Molkerei+Gertsch/@46.6254689,8.0279496,880m/data=!3m2!1e3!4b1!4m6!3m5!1s0x478f9953f974e7b1:0x5a0c27e2c0ebae92!8m2!3d46.6254689!4d8.0305245!16s%2Fg%2F11f00cth25?entry=ttu&amp;g_ep=EgoyMDI1MDMwMy4wIKXMDSoASAFQAw%3D%3D\" style=\"font-weight: bold;\">Zum Ziel navigieren ( Google Maps) </a><br></p><p><br></p><p>Die Molkerei Gertsch in Grindelwald bietet eine breite Auswahl an K\u00e4sesorten f\u00fcr jeden Geschmack. Von milden bis w\u00fcrzigen Varianten, hier findest du den passenden K\u00e4se f\u00fcr jeden Anlass. Ihr Raclette-Sortiment und das selbst zusammengestellte K\u00e4sefondue sind besonders beliebt. Zudem gibt es liebevoll zusammengestellt K\u00e4seplatten, die sich auch als Geschenk eignen. Entdecke die Vielfalt der regionalen Spezialit\u00e4ten und lass dich von der Leidenschaft f\u00fcr hochwertige Produkte begeistern. Gutscheine und eine Auswahl an handgemachten Produkten runden das Angebot ab.&nbsp;</p>", "url": "https://molkerei-gertsch.ch/", "image": "https://jrtagpimtsoch.sos-ch-dk-2.exoscale-cdn.com/catalog/c/9/f/1/c9f100e5bd7f5ffe8401d0ab386133cdd75e36b7_CdB_R6CB4366_Swisstainable_Day_2.jpg", "openstreetmap_id": "map=19/46.625826/8.029743"}, "geometry": {"type": "Point", "coordinates": ["8.029718626326888", "46.6258032633617"]}}, {"type": "Feature", "properties": {"identifier": "46714511-b00e-4407-9995-a3095090f643", "name": "Bank UBS Grindelwald", "description": "<p><strong><a href=\"https://www.google.com/maps/place/UBS+Branch/@46.6234426,8.0343923,880m/data=!3m2!1e3!4b1!4m6!3m5!1s0x478f99546da8b073:0x4a2e4bc0fba6d7d4!8m2!3d46.6234426!4d8.0369672!16s%2Fg%2F1tfxflgz?entry=ttu&amp;g_ep=EgoyMDI1MDQxMy4wIKXMDSoASAFQAw%3D%3D\" rel=\"noopener noreferrer\" target=\"_blank\">Zum Ziel navigieren (Google Maps) </a></strong></p><p></p><p></p><p>Die UBS-Filiale in Grindelwald bietet eine Vielzahl von Dienstleistungen f\u00fcr Privat- und Firmenkund*innen an. Du findest hier Digital Banking, Hypotheken, Konten und Karten sowie Anlagem\u00f6glichkeiten. Die Filiale ist barrierefrei zug\u00e4nglich und verf\u00fcgt \u00fcber Bancomaten mit Brailleschrift und Sprechbefehlen. Ein Bancomat Plus und Multimat stehen rund um die Uhr zur Verf\u00fcgung.</p>", "image": "https://jrtagpimtsoch.sos-ch-dk-2.exoscale-cdn.com/catalog/c/4/9/6/c49634b096c77dc97c3ea8b350611fa01987996e_Eiger_im_Hintergrund.jpg", "openstreetmap_id": "map=19/46.623490/8.036923"}, "geometry": {"type": "Point", "coordinates": ["8.036378050603831", "46.6236667976984"]}}, {"type": "Feature", "properties": {"identifier": "46cc36da-269b-49cd-a645-d98d249a08bd", "name": "Bernet Sport", "description": "<p><strong><a href=\"https://www.google.ch/maps/place/Bernet+Sport+AG/@46.6233594,8.0345771,17z/data=!3m1!4b1!4m6!3m5!1s0x478f9953ea38e8c7:0x1e92b717e6f01bf!8m2!3d46.6233594!4d8.0371574!16s%2Fg%2F1tgw8ttl?hl=de&amp;entry=ttu&amp;g_ep=EgoyMDI1MDIwOS4wIKXMDSoASAFQAw%3D%3D\" rel=\"noopener noreferrer\" target=\"_blank\">Zum Ziel navigieren (Google Maps)</a></strong></p><p></p><p>Bei Bernet Sport findest Du exklusive Sport- und Freizeitbekleidung der bekannten Marken wie Bogner, Fire &amp; Ice, Toni Sailer, Mammut, Ortovox, Phenix, Mountain Studio und vieles mehr.</p><p>Im Untergeschoss erwartet Dich eine sorgf\u00e4ltig ausgesuchte Auswahl an Schuhen und Sportartikel der Marken Head, Molitor (made by St\u00f6ckli) Atomic, Van Deer, Kessler, Tecnica, Fischer etc. sowie unseren Verleih und Service.</p>", "url": "https://www.sport-shop-grindelwald.ch/de/home/", "image": "https://jrtagpimtsoch.sos-ch-dk-2.exoscale-cdn.com/catalog/9/e/f/a/9efa17878f073bf6b6a776157644ad456ec03a60_Bernet_Sport_Aussenansicht.jpg", "openstreetmap_id": "node/299398609"}, "geometry": {"type": "Point", "coordinates": ["8.037282261469812", "46.62338012473818"]}}, {"type": "Feature", "properties": {"identifier": "46e73bc5-03b7-4cbe-bfc3-e03f9a95276d", "name": "Aussen-Tennispl\u00e4tze Sportchalet", "description": "<p>Das Sportchalet M&uuml;rren bietet 4 Outdoor-Sandtennispl&auml;tze mit der wohl spektakul&auml;rsten Aussicht ins Lauterbrunnnental. Die Pl&auml;tze k&ouml;nnen einzeln gemietet werden. Die Netze sind im Sommer immer gespannt. Die Tennispl&auml;tze liegen auf 1650 m &uuml;. M. und sind am unmittelbaren Ende der Bergwand gebaut, auf der sich M&uuml;rren befindet. Sie sind Teil des Sportchalets, welches den G&auml;sten &ndash; nebst einer Umkleide-M&ouml;glichkeit &ndash; auch Toiletten, Duschen und als Gastgeber auch eine Unterkunft mit Mahlzeiten anbietet. Anfangs Juli wird eine Tenniswoche mit einem professionellen Tennislehrer durchgef&uuml;hrt. G&auml;ste k&ouml;nnen die Courts aber auch individuell buchen. Vor Ort stehen das n&ouml;tige Mietmaterial, Garderoben und Toiletten zur Verf&uuml;gung.</p><p>&nbsp;</p>", "url": "https://www.sportchalet.ch", "image": "https://jrtagpimtsoch.sos-ch-dk-2.exoscale-cdn.com/catalog/7/3/d/7/73d72fc61887775b89801b7097a29a562ec81690_tennis_muerren__4_.jpg", "openstreetmap_id": "way/223027130"}, "geometry": {"type": "Point", "coordinates": ["7.894794813320088", "46.55951845"]}}, {"type": "Feature", "properties": {"identifier": "475dc674-489e-4df6-bc2c-a904300cdeb9", "name": "Eiger View Alpine Lodge", "description": "<p>Wir freuen uns sehr, unsere G&auml;ste an einem der wohl sch&ouml;nsten Orte in den Alpen begr&uuml;ssen zu d&uuml;rfen &ndash; ein Chaletbau mit einer atemberaubenden Aussicht auf den Eiger und die umliegenden Berge. Die Lodge befindet sich hoch &uuml;ber Grindelwald inmitten eines 4&rsquo;000m2 grossen Gartens und bietet auf 1&rsquo;000m2 total 25 G&auml;sten ein unvergleichliches Ferienerlebnis. Zusammen mit einer alten Scheune, einem historischen Brunnen und einem sch&ouml;nen Baumbestand definiert sich ein &laquo;Kraftort&raquo; am Fuss des m&auml;chtigen Eigers.</p><p>Unsere Lodge &laquo;Eiger View&raquo; beherbergt 8 grossz&uuml;gige Hotelzimmer mit privatem Badezimmer, davon 2 Suiten, 2 Deluxe Zimmer, 2 Superior Zimmer, 2 Standard Zimmer sowie 3 Studiowohnungen im Dachgeschoss. Alle Studios sind ausgestattet mit Badezimmer, K&uuml;che, Wohnbereich und separatem Schlafzimmer. Sieben Zimmer verf&uuml;gen &uuml;ber einen direkten Anschluss zu umlaufenden Terrassen mit Blick auf die Bergkulisse, vor allem auf dem Eiger.</p><p>Wir f&uuml;hren keinen Restaurantbetrieb, bieten dir gerne ein reichhaltiges Fr&uuml;hst&uuml;ck an. Eine K&uuml;che steht zur Verf&uuml;gung, wenn du f&uuml;r deine Gruppe kochen oder ein Catering organisieren m&ouml;chtest.</p>", "url": "https://www.eigerviewalpinelodge.ch/", "image": "https://jrtagpimtsoch.sos-ch-dk-2.exoscale-cdn.com/catalog/2/1/a/2/21a22df1c99ac22dad0ace504d7a69de2474812d_EVAL_Signs.jpg", "openstreetmap_id": "way/320771622"}, "geometry": {"type": "Point", "coordinates": ["8.03098815186199", "46.6283216"]}}, {"type": "Feature", "properties": {"identifier": "498f5bf9-c137-4353-a835-6256a3e3adae", "name": "Chalet Snowbird Studio mit Loft (B\u00e4renstudio)", "description": "<p class=\"MsoNormal\">Eine Ferienwohnung inmitten der Bergwelt. In unmittelbarer\nN\u00e4he zur Skipiste. Mitten im Wanderparadies. Wir freuen uns auf dich.&nbsp;</p><p>\n\n\n\n</p><p class=\"MsoNormal\">\u00dcber den Button gelangst du direkt zum Buchungsportal oder\nkannst eine E-Mail f\u00fcr deine Reservationsanfrage an den Vermieter schicken.<o:p></o:p></p>", "image": "https://jrtagpimtsoch.sos-ch-dk-2.exoscale-cdn.com/catalog/3/2/0/1/3201a1bd48bb2223663d253153cdd35d7ba5659e_M__rren_Snowbird_Studio.jpg", "openstreetmap_id": "node/7142890691"}, "geometry": {"type": "Point", "coordinates": ["7.896933", "46.5643376"]}}, {"type": "Feature", "properties": {"identifier": "49b11f37-f0bc-41eb-a3ff-d6762979927a", "name": "Simelistock", "description": "Ausgangspunkt f\u00fcr die Klettereien in den Engelh\u00f6rnern ist die Engelhornh\u00fctte im Reichenbachtal, welche von der Gletscherschlucht Rosenlaui aus erreicht werden kann (Aufstieg durch die Schlucht m\u00f6glich).\nDie Engelh\u00f6rner sind eine etwa vier Kilometer lange Bergkette mit zahlreichen Gipfeln (mehrheitlich Kalk). Der Zustieg und der Abstieg (mehrere Abseilstellen) erfolgen in zum Teil schwierigem Gel\u00e4nde.\n\nKletterrouten:\n\nRosenlauistock (Westgruppe)\nTannenspitze (Westgruppe)\nGrosser und Kleiner Simelistock\nKingspitze\nMittelgruppe\nSportkletterrouten an den Simelist\u00f6cken und Vorderspitze", "url": "https://www.bergsteigerschule-rosenlaui.ch", "image": "https://jrtagpimtsoch.sos-ch-dk-2.exoscale-cdn.com/catalog/5/9/a/7/59a7952389af292215e54ba06109b69bef256abb_Rufenen_Rosenlauital_1_byDavidBirri.jpg", "openstreetmap_id": "node/502925545"}, "geometry": {"type": "Point", "coordinates": ["8.1728265", "46.6831781"]}}, {"type": "Feature", "properties": {"identifier": "49bc1f84-dfd1-4cf4-8fc3-4129377d9756", "name": "lisi-bisi", "description": "<p><a href=\"https://www.google.com/maps/place/Grindelwaldstrasse+95,+3818+Grindelwald/@46.6261771,8.0126779,17z/data=!3m1!4b1!4m6!3m5!1s0x478f994bc337434d:0xc1a7d1ecf07b6c9!8m2!3d46.6261772!4d8.0175434!16s%2Fg%2F11csj6dc70?entry=ttu&amp;g_ep=EgoyMDI1MDIyNi4xIKXMDSoASAFQAw%3D%3D\" target=\"_blank\" style=\"font-weight: 700;\">Zum Ziel navigieren (Google Maps)</a></p><p><br></p><p>lisi-bisi bietet folgende Leistungen an: </p><ul><li>Chalet Lieferservice f\u00fcr Fr\u00fchst\u00fcck und Abendessen</li><li>Chalet Einkaufsservice </li><li>Outdoor experience: Gef\u00fcllte Rucks\u00e4cke oder Picknick-K\u00f6rbe (Fondue-Rucksack, Raclette-Rucksack, Wander-Rucksack, Picknick-Korb und Grill-Rucksack) </li><li>Catering f\u00fcr Events, Feiern und Feste im Berner Oberland </li><li>Lieferung in Grindelwald, Lauterbrunnen und Interlaken</li></ul>", "url": "https://www.lisi-bisi.ch/", "image": "https://jrtagpimtsoch.sos-ch-dk-2.exoscale-cdn.com/catalog/5/d/7/5/5d7519786b7f27c3c77045c54846b4e37224356e_lisi_bisi.jpg", "openstreetmap_id": "map=19/46.626172/8.017530"}, "geometry": {"type": "Point", "coordinates": ["8.017532499927842", "46.62617435"]}}, {"type": "Feature", "properties": {"identifier": "4cd5ba03-6bd5-49c0-b65c-ebebd7d7b059", "name": "Restaurant Belvedere", "description": "<p>Das Restaurant &laquo;Belvedere&raquo; ist Mitglied der &laquo;Cha&icirc;ne des R&ocirc;tisseurs&raquo; und verw&ouml;hnt dich f&uuml;r den perfekten Start in den Tag mit einem reichhaltigen Fr&uuml;hst&uuml;ck sowie am Abend mit frischen und abwechslungsreichen Gerichten aus der Schweizer und internationalen K&uuml;che.</p><p>Falls du besondere Anspr&uuml;che an dein Essen hast, bist du bei uns gut aufgehoben. Egal ob Gluten, Laktose oder andere Unvertr&auml;glichkeiten wie N&uuml;sse, Beeren, etc. &ndash; gib vor deinem Besuch Bescheid und du kannst dich darauf verlassen, dass auch f&uuml;r dich ein ausgesprochen genussreiches Essen gezaubert wird. Vegetarische Gerichte sind immer erh&auml;ltlich.</p><p>Haustiere: Bitte habe Verst&auml;ndnis daf&uuml;r, dass Haustiere im Restaurant nicht erlaubt sind.</p>", "url": "https://www.belvedere-grindelwald.ch", "image": "https://jrtagpimtsoch.sos-ch-dk-2.exoscale-cdn.com/catalog/b/9/5/2/b952ba76b01093e9f777cb854f3e25b7d723537b_Restaurant_Belvedere_Grindelwald_01.jpg", "openstreetmap_id": "way/320493156"}, "geometry": {"type": "Point", "coordinates": ["8.029357532361477", "46.62523865"]}}, {"type": "Feature", "properties": {"identifier": "4f3e29ae-af1b-44ac-b8ed-9660180779eb", "name": "Fiescherblick Spa", "description": "<p><span style=\"color: black; mso-color-alt: windowtext; background: white;\">Nach einem Tag auf der Piste oder beim Wandern k&ouml;nnen G&auml;ste im japanisch inspirierten Salzwasser-Onsen-Pool mit Bergblick entspannen oder in der finnischen Panorama-Sauna mit Sicht auf Eiger, Fiescherhorn und Gletscher zur Ruhe kommen. Erg&auml;nzt wird das Angebot durch eine Regendusche und Feuerstein&trade;-Pflegeprodukte, Erfrischungen sowie attraktive Private Spa Packages.</span></p><p data-start=\"562\" data-end=\"794\" data-is-last-node=\"\" data-is-only-node=\"\"><span style=\"color: black; mso-color-alt: windowtext; background: white;\">Der Spa ist in den&nbsp;<span style=\"font-family: 'Aptos',sans-serif; mso-bidi-font-family: Aptos;\">Alpine Relaxation Raten</span>&nbsp;enthalten; G&auml;ste mit&nbsp;<span style=\"font-family: 'Aptos',sans-serif; mso-bidi-font-family: Aptos;\">Alpine Expedition Rate</span>&nbsp;k&ouml;nnen ihn gegen Aufpreis nutzen. Externe G&auml;ste sind nach Verf&uuml;gbarkeit willkommen, Reservierungen sind bis 48 Stunden im Voraus m&ouml;glich.</span></p>", "url": "https://hotel-fiescherblick.ch/spa/", "image": "https://jrtagpimtsoch.sos-ch-dk-2.exoscale-cdn.com/catalog/8/6/d/b/86db2de7d3770fe170d6410e516c890a0b36e832_05_2025_fiescherblick_spa_romystreit.jpg", "openstreetmap_id": "way/264459274"}, "geometry": {"type": "Point", "coordinates": ["8.045827746391298", "46.62515962346955"]}}, {"type": "Feature", "properties": {"identifier": "4ffadcd0-0b36-46a9-a1ec-99d74c39097b", "name": "Klettergarten Gimmelwald", "description": "<p>Die anspruchsvollen Kletterw&auml;nde lassen das Herz des Sportkletterers h&ouml;her schlagen. Erfahrene Alpinisten und Kletterer haben dieses Gebiet massgebend gepr&auml;gt. In den zwei Sektoren \"A Surfer's Paradise\" und \"B Zivilschutz\" sind Routen der Grade 5c bis 8c geschraubt. Insgesamt &uuml;ber 70 Routen sind in diesem Kalkstein zu finden. Man kann sich hier tagelang austoben. Topos sind in Kletterf&uuml;hrern von Vertical Sport, Filidor oder Plaisir zu finden. Die s&uuml;dliche Ausrichtung l&auml;sst den Fels im Sommer schnell aufw&auml;rmen. Je nach Sektor ist der Fels nass oder schmutzig, wenn der oben liegende Schnee schmilzt. Vom Dorf Gimmelwald f&uuml;hrt ein ca. 50-min&uuml;tiger Fussmarsch zum Fuss der Wand. Man folgt der Kiesstrasse Richtung Chilchbalm. Nach der &Uuml;berquerung des Flusses f&uuml;hrt ein Pfad rechts hoch zur Wand.</p><p>&nbsp;</p>", "image": "https://jrtagpimtsoch.sos-ch-dk-2.exoscale-cdn.com/catalog/b/0/2/4/b02481264d2a566a98b048544bbdaef49d2b96e5_Klettern_Gimmelwald_Katherine_Choong.jpg", "openstreetmap_id": "node/8956531490"}, "geometry": {"type": "Point", "coordinates": ["7.87443", "46.54241"]}}, {"type": "Feature", "properties": {"identifier": "51839fae-0a60-451d-86cc-f562e5cf5054", "name": "Xundheitszentrum", "description": "<p><a href=\"https://www.google.com/maps/place/Xundheitszentrum+Grindelwald/@46.625918,8.0277158,1159m/data=!3m2!1e3!4b1!4m6!3m5!1s0x478f99acef30d323:0x87723bc32582916f!8m2!3d46.6259143!4d8.0302907!16s%2Fg%2F11g18zs2s8?entry=ttu&amp;g_ep=EgoyMDI0MTEyNC4xIKXMDSoASAFQAw%3D%3D\" target=\"_blank\" style=\"font-weight: bold;\">Zum Ziel navigieren (Google Maps)</a></p><p><br></p><p>In unseren modernen Praxisr\u00e4umlichkeiten bieten wir eine umfassende medizinische Grundversorgung f\u00fcr Patientinnen und Patienten jeden Alters. Unser Leistungsspektrum umfasst die prim\u00e4rmedizinische Betreuung, Allgemein- und Innere Medizin, die Erstversorgung bei Notf\u00e4llen und Skiunf\u00e4llen sowie pr\u00e4operative Untersuchungen. Zudem behandeln wir akute und chronische Wunden und f\u00fchren Impfungen durch. Hausbesuche sind auf Anfrage m\u00f6glich.</p>", "url": "https://www.swissmedical.net/de", "image": "https://jrtagpimtsoch.sos-ch-dk-2.exoscale-cdn.com/catalog/f/0/1/f/f01f9a94af855ae2ff5347d6a57e9cc1c3252c64_gosimg10AM02000155808080b3000012016urn.jpg", "openstreetmap_id": "map=19/46.625942/8.030367"}, "geometry": {"type": "Point", "coordinates": ["8.030385553340324", "46.6259551"]}}, {"type": "Feature", "properties": {"identifier": "5419b464-38ad-4ba3-bdc7-d3b8f148b83a", "name": "test TSO AG", "description": "Beschreibung - DE", "image": "https://jrtagpimtsoch.sos-ch-dk-2.exoscale-cdn.com/catalog/2/1/8/2/218212d34be5884630cc51b0345395f6ff915291_6515008829_4aba0aac1f_o.jpg", "openstreetmap_id": "relation/1682493"}, "geometry": {"type": "Point", "coordinates": ["7.8585139", "46.6855231"]}}, {"type": "Feature", "properties": {"identifier": "54241fc7-ffdd-4953-9fa4-a29d7917a47f", "name": "M\u00e4rith\u00fcsli ", "description": "<div><span style=\"font-family: Arial, sans-serif; font-size: 14.6667px;\">Seit 1978 produziert das M\u00e4rith\u00fcsli unter der Familienmarke Jenni Hemden die bekannten Edelweisshemden. An der Lenggasse 4 in Meiringen werden die Produkte entwickelt, Massanfertigungen und kleine Serien gefertigt. Nicht mehr ausschliesslich Folklorehemden. Unter der Marke Cottage Chic entstehen dort auch urbanere Flanellhemden Made in Switzerland. Wer will, kann dort einen Blick in die Produktion werfen und Stoff kaufen.&nbsp;</span></div><div><span style=\"font-family: Arial, sans-serif; font-size: 14.6667px;\"><br></span></div><div><span style=\"font-family: Arial, sans-serif; font-size: 14.6667px;\">Direkt daneben befindet sich an der Alpbachstrasse 1 der Laden, wo die Kleidung und viele dazu passende Artikel zu finden sind.</span></div>", "url": "https://maerithuesli.ch/de/", "image": "https://jrtagpimtsoch.sos-ch-dk-2.exoscale-cdn.com/catalog/4/0/4/d/404d44d028fec8933fee79eb51b7da32af26ba67_Doku_EDW_Hemd_045.jpg", "openstreetmap_id": "way/427175169"}, "geometry": {"type": "Point", "coordinates": ["8.190679916404488", "46.7261812"]}}, {"type": "Feature", "properties": {"identifier": "54c242b9-4d26-4067-a7d2-978a05c2242a", "name": "Kiosk Grindelwald Bahnhof ", "description": "<p><a href=\"http://https://www.google.com/maps/place/k+kiosk/@46.6246482,8.0323401,268m/data=!3m1!1e3!4m10!1m2!2m1!1skiosk+grindelwald+bahnhog!3m6!1s0x478f995435b45fe9:0xb63f22c56032af61!8m2!3d46.6246482!4d8.0332603!15sChlraW9zayBncmluZGVsd2FsZCBiYWhuaG9mkgEFa2lvc2vgAQA!16s%2Fg%2F11cn8t0978?entry=ttu&amp;g_ep=EgoyMDI1MDIyMy4xIKXMDSoASAFQAw%3D%3D\" style=\"font-weight: bold;\">Zum Ziel navigieren ( Google Maps) </a><br></p><p><br></p><p>Der k Kiosk bietet eine breite Palette an Produkten und Dienstleistungen an. Dazu geh\u00f6rt Tabakprodukte, die bequeme online bestellt werden k\u00f6nnen, sowie eine grosse Auswahl an Geschenkkarten im Onlineshop. B\u00fccher k\u00f6nnen \u00fcber pressbooks.ch bestellt und im k Kiosk abgeholt werden. Zudem gibt es exklusive Produkte wie zuckerfreie Artikel und digitale Gutscheine, die sowohl verschenkt als auch selbst genutzt werden k\u00f6nnen. Der k Kiosk bietet auch praktische Services wie Geldbehebungen, den Kauf von Flixbustickets, die R\u00fcckgabe von Paketen und das Ausleihen von Powerakkus an. Diese&nbsp; Vielfalt an Angeboten macht den k Kiosk zu einem n\u00fctzlichen Anlaufpunkt f\u00fcr viele Bed\u00fcrfnisse&nbsp;</p>", "url": "https://www.kkiosk.ch/", "image": "https://jrtagpimtsoch.sos-ch-dk-2.exoscale-cdn.com/catalog/4/5/8/d/458d4e4640006c86690f0c56bf0adafbff223169_DSC05280.JPG", "openstreetmap_id": "map=19/46.624604/8.033339"}, "geometry": {"type": "Point", "coordinates": ["8.033334568820477", "46.6246085537879"]}}, {"type": "Feature", "properties": {"identifier": "55db47f6-f761-4644-acf8-956352bb060f", "name": "Skih\u00e4sliland Bidmi - Schweizer Skischule Meiringen-Hasliberg", "description": "<p>Das Skih&auml;sliland in der Bidmi z&auml;hlt zu den sch&ouml;nsten &Uuml;bungsgel&auml;nden der Schweiz, um Wintersportarten zu erlernen und dabei optimale Lernfortschritte zu erzielen. In der Wintersaison 1992/93 wurde das Skih&auml;sliland ins Leben gerufen und ist seither nicht mehr aus dem touristischen Angebot im Haslital wegzudenken.&nbsp;</p><p>Bunte Figuren, ein Funpark, kleine Hindernisse und sechs Lifte machen jede Fahrt im Skih&auml;sliland zum Erlebnis. Das &Uuml;bungsgel&auml;nde wird stets den aktuellen Bed&uuml;rfnissen angepasst und erweitert, damit es immer auf dem neusten Stand ist und f&uuml;r alle Familienmitglieder ein unvergessliches Erlebnis bietet. Die Anlagen sind im Besitz der <span lang=\"DE\"><a href=\"https://skischule-hasliberg.ch/\">Schweizer Skischule Meiringen-Hasliberg</a></span> die deren Unterhalt finanziert, das Gel&auml;nde pflegt und die Sicherheit gew&auml;hrleistet.</p>", "url": "https://skischule-hasliberg.ch", "image": "https://jrtagpimtsoch.sos-ch-dk-2.exoscale-cdn.com/catalog/7/5/2/b/752b0a06f8fe5ed6ee365390024cce2a95fc8ab2_2601_28_3037_by.davidbirri.jpg", "openstreetmap_id": "node/322637096"}, "geometry": {"type": "Point", "coordinates": ["8.218975067138674", "46.74480290736164"]}}, {"type": "Feature", "properties": {"identifier": "56670d51-3c64-4708-b2b1-7da0e34a1328", "name": "Hallenbad Grindelwald", "description": "Im Hallenbad Grindelwald hast du die Qual der Wahl:\n  \nSchwimmbecken (17 m)\nNichtschwimmerbecken (10 m)\nKinderbassin (ca. 6 x 3 m)\nSprungbrett (1 m)\n70 m Rutschbahn (Blackhole)", "url": "https://www.sportzentrum-grindelwald.ch/angebot/hallenbad.html", "image": "https://jrtagpimtsoch.sos-ch-dk-2.exoscale-cdn.com/catalog/8/d/7/5/8d75f01949730579e9e772708f3478bf8848a8a8_hallenbad_grindelwald__5_.jpg", "openstreetmap_id": "way/81742666"}, "geometry": {"type": "Point", "coordinates": ["8.035672903060915", "46.623254934968365"]}}, {"type": "Feature", "properties": {"identifier": "569686fb-d446-4a98-b30d-7489c9095333", "name": "ASPEN alpin lifestyle Restaurant", "description": "<p>Mit viel Liebe zum Detail vereinen sich Tradition und Moderne in den neu renovierten Restaurants und an der Bar. Zeitgen&ouml;ssisches Design zwischen Chalet-Stil, Alph&uuml;tte und Kuhstall. Die Themen Bergsport und Wald begleiten dich durch das ganze Haus und werden in den Restaurants und an der Bar gekonnt und bis ins letzte Detail umgesetzt.</p><p>Kulinarisch werden hochwertige regionale Gerichte und Produkte aufgetischt. Unser K&uuml;chenchef, Sebastian Schuster, veredelt mit seinen Mitarbeitern m&ouml;glichst Erzeugnisse aus der Region. Das bedeutet, dass die Herkunft aller verwendeten Produkte bekannt ist.</p>", "url": "https://hotel-aspen.ch", "image": "https://jrtagpimtsoch.sos-ch-dk-2.exoscale-cdn.com/catalog/9/0/1/6/9016920bd0975e4003ae428f6c41a04fefee662a_Hotel_Aspen_sommer_2400.jpg", "openstreetmap_id": "node/7188808790"}, "geometry": {"type": "Point", "coordinates": ["8.0056166", "46.6190746"]}}, {"type": "Feature", "properties": {"identifier": "57bd5271-29aa-4aec-a335-ed4a4e36dd8c", "name": "Post Grindelwald ", "description": "<p><strong><a href=\"https://www.google.com/maps/place/Post+Filiale+3818+Grindelwald/@46.6246542,8.0311395,782m/data=!3m2!1e3!4b1!4m6!3m5!1s0x478f9955cbafd891:0x1acffbb5159a674f!8m2!3d46.6246542!4d8.0337144!16s%2Fg%2F1pp2wytx4?entry=ttu&amp;g_ep=EgoyMDI1MDQyMC4wIKXMDSoASAFQAw%3D%3D\" rel=\"noopener noreferrer\" target=\"_blank\">Zum Ziel navigieren (Google Maps) </a></strong></p><p></p><p></p><p>Die Postfiliale 3818 in Grindelwald bietet eine Vielzahl von Dienstleistungen an. Du kannst Briefe und Pakete versenden und empfangen, sowie den Kopierservice nutzen. Es gibt auch die M\u00f6glichkeit, Sendungen klimaneutral zu verschicken. F\u00fcr den Zahlungsverkehr stehen Bargeldbezug und Einzahlungen in CHF und EUR zur Verf\u00fcgung. Zudem kannst du Noten wechseln und verschiedene Karten nutzen. Die Filiale bietet auch Zusatzangebote wie Post Mobile Produkte, Autobahnvignetten und eine Auswahl an B\u00fcroartikeln. Partnerangebote umfassen AXA Versicherungen, Swisscaution Mietkaution und Western Union Geldtransfers. </p>", "image": "https://jrtagpimtsoch.sos-ch-dk-2.exoscale-cdn.com/catalog/8/0/1/a/801aa7d799f5b36f0cf95c0e078d8a57ad051ca9_DSC05276.JPG", "openstreetmap_id": "map=19/46.624582/8.033677"}, "geometry": {"type": "Point", "coordinates": ["8.033682236805438", "46.62456148374732"]}}, {"type": "Feature", "properties": {"identifier": "58e45aa0-121e-40ce-ae59-0527cdfae84f", "name": "Freibad Wengen", "description": "<p>Seit 1931 sorgt dieses historische und denkmalgesch&uuml;tzte Freibad f&uuml;r Erfrischung - und f&uuml;r einen einmaligen Blick auf die Jungfrau. Eingebettet in die beeindruckende Bergwelt verbindet es nostalgischen Charme mit alpiner Leichtigkeit. Perfekt f&uuml;r eine sommerliche Abk&uuml;hlung.</p><p><strong>Preise:</strong></p><ul><li>Erwachsene ab 16 Jahre : CHF 6</li><li>Kinder bis ende 15 Jahre: gratis</li></ul><p><strong>Ausstattung:</strong></p><ul><li>Schwimmbecken</li><li>&nbsp;40 x 20 m Abgetrenntes Kinderbecken</li><li>Liegewiese</li><li>Tischtennis</li></ul>", "url": "https://wengen.swiss", "image": "https://jrtagpimtsoch.sos-ch-dk-2.exoscale-cdn.com/catalog/d/6/2/e/d62e3b1985d3e8edadec47136162ea402f483b64_Schwimmbad_Wengen.jpg", "openstreetmap_id": "node/240096898"}, "geometry": {"type": "Point", "coordinates": ["7.925435425119761", "46.606547310387185"]}}, {"type": "Feature", "properties": {"identifier": "5ba81802-0c92-4650-b40a-0bc056fd1edd", "name": "Kletterhalle - Haslital", "description": "Die Halle steht G\u00e4sten wie einheimischen Climbers jederzeit als Alternative bei schlechtem Wetter oder in der Winterzeit zur Verf\u00fcgung.\n\nKletterhalle:\nGesamtkletterfl\u00e4che von 730 m\u00b2\nWandsysteme: Modulw\u00e4nde von T-Wall und Entreprise\nSchwierigkeitsgrade von 4b bis 7c+, Hauptgewicht 5b bis 6c\nVerstellbare W\u00e4nde: 52 m\u00b2 hydraulisch, 10 m\u00b2 manuell\n25 m\u00b2 Kinderkletterwand\n6 Ausbildungspl\u00e4tze: 2 Abseilstellen, Zwischenstandplatz f\u00fcr Mehrseill\u00e4ngentechnik, 3 Standpl\u00e4tze\nSlackline 4 m\nCampusboard\nGalerie f\u00fcr Besucher \n\nBoulderhalle:\nNeue grosse Boulderhalle 320 m\u00b2\nCa. 60 bis 70 Routen in allen Schwierigkeitsgraden\n2 Griffboard", "url": "https://www.kletterhalle-haslital.ch", "image": "https://jrtagpimtsoch.sos-ch-dk-2.exoscale-cdn.com/catalog/1/0/1/3/10137ee3824de7ce75e4d3df4532273af37073f1__1216719_by.davidbirri.jpg", "openstreetmap_id": "node/5185924554"}, "geometry": {"type": "Point", "coordinates": ["8.188907504081728", "46.72263434957436"]}}, {"type": "Feature", "properties": {"identifier": "5cb5ac96-bede-4d29-a63d-43103c09d5a3", "name": "Schwimmbad Lauterbrunnen", "description": "Das etwas oberhalb des Dorfes gelegene Schwimmbad l\u00e4dt im Sommer zum Schwimmen und Plantschen oder einer erfrischenden Glac\u00e9 vor der gigantischen Kulisse des Lauterbrunnentals ein. Das Schwimmbad ist geheizt und stets 23 Grad warm.\n\n F\u00fcr die Kleinen gibt es einen Kinderpool, ein Trampolin und f\u00fcr die Gr\u00f6sseren eine Wasserslackline. \n\nHunde sind im Schwimmbad nicht erlaubt.\n\nKein Parkplatz direkt beim Schwimmbad vorhanden. Beim Bahnhof oder bei der Kirche hat es Parkm\u00f6glichkeiten.", "url": "https://lauterbrunnen.swiss", "image": "https://jrtagpimtsoch.sos-ch-dk-2.exoscale-cdn.com/catalog/d/4/c/a/d4caaa571ddcf311c54aa3af552c745f71728a53_20160804_131225_171.jpg", "openstreetmap_id": "way/832958959"}, "geometry": {"type": "Point", "coordinates": ["7.906484746286877", "46.5970294"]}}, {"type": "Feature", "properties": {"identifier": "5d8fdc62-333d-42ac-bf68-cd8b0082b90f", "name": "BG's Grill Restaurant", "description": "<p>Intensive Frische kosten und sich von den D\u00fcften und Farben auf dem Teller verf\u00fchren lassen. Im BG\u2019s Grill Restaurant serviert Ihnen Urs Gschwend und sein Team Casual Alpine Soul Food mit bekannten und \u00fcberraschenden Gerichten. Er verwendet lokale Produkte und bereitet Fleisch, Fisch und mehr auf dem namensgebende Holz-Grill des Restaurants zu. Zusammen mit der perfekt abgestimmten Weinauswahl wird jeder Besuch im 16 Gault Millau Punkte Restaurant BG\u2019s zum genussreichen Abenteuer.</p>", "url": "https://bergwelt-grindelwald.com", "image": "https://jrtagpimtsoch.sos-ch-dk-2.exoscale-cdn.com/catalog/c/9/c/f/c9cfa2b206ea14f2cc915b44a63e1bb16a28b097_csm_BG_s_Grill_Restaurant_15_12b776b62b.jpg", "openstreetmap_id": "node/12613471863"}, "geometry": {"type": "Point", "coordinates": ["8.0394334", "46.6239655"]}}, {"type": "Feature", "properties": {"identifier": "5ede007b-26da-4a9f-93fa-afa917c90728", "name": "Hotel Alpenblick", "description": "<p>Das Hotel Alpenblick Grindelwald, gelegen im wohl sch&ouml;nsten Tal der Welt, ist im Sommer wie auch im Winter einen Besuch wert.</p><p>Im Sommer ist das Hotel Alpenblick ein idealer Ausgangspunkt f&uuml;r Wanderungen und Bike-Touren in der wunderbaren Bergwelt der Jungfrau Region. Die Bushaltestelle befindet sich direkt vor der Haust&uuml;r, Sie k&ouml;nnen somit jede Bergbahn bequem erreichen. Auf der wundersch&ouml;nen Terrasse mit dem Blick auf die Grindelwalder <span style=\"font-size: 10.0pt; mso-bidi-font-size: 12.0pt; font-family: 'Arial',sans-serif; mso-fareast-font-family: Aptos; mso-fareast-theme-font: minor-latin; mso-bidi-theme-font: minor-bidi; mso-ansi-language: DE-CH; mso-fareast-language: EN-US; mso-bidi-language: AR-SA;\">&laquo;</span>Alpenspitzen<span style=\"font-size: 10.0pt; mso-bidi-font-size: 12.0pt; font-family: 'Arial',sans-serif; mso-fareast-font-family: Aptos; mso-fareast-theme-font: minor-latin; mso-bidi-theme-font: minor-bidi; mso-ansi-language: DE-CH; mso-fareast-language: EN-US; mso-bidi-language: AR-SA;\">&raquo;</span> k&ouml;nnen Sie sich bestens vom Erlebten in der Bergwelt erholen oder die Aussicht auf den Eiger und den Rest der imposanten Berge geniessen.</p><p>Im Winter endet die Skipiste vom Skigebiet Grindelwald-First direkt vor dem Hotel Alpenblick. Mit dem Skibus, der unmittelbar vor der Haust&uuml;r h&auml;lt, erreichen Sie bequem, ohne zu gehen, alle Talstationen der Skigebiete von Grindelwald.</p><p>Das Hotel Alpenblick befindet sich am Ende des Dorfes Grindelwald, ist doch nicht abseits gelegen und macht seinem Namen alle Ehre.</p><p>Das Hotel Alpenblick in Grindelwald bietet alles unter einem Dach und steht f&uuml;r preiswertes &Uuml;bernachten, spontanes Feiern im Pub und schmackhaftes, g&uuml;nstiges Essen im Restaurant. Vom Hotel Alpenblick aus genie&szlig;en Sie wunderbare Aussicht auf die imposante Bergkulisse. Wir liefern <span style=\"font-size: 10.0pt; mso-bidi-font-size: 12.0pt; font-family: 'Arial',sans-serif; mso-fareast-font-family: Aptos; mso-fareast-theme-font: minor-latin; mso-bidi-theme-font: minor-bidi; mso-ansi-language: DE-CH; mso-fareast-language: EN-US; mso-bidi-language: AR-SA;\">&laquo;</span>Alpenblicke<span style=\"font-size: 10.0pt; mso-bidi-font-size: 12.0pt; font-family: 'Arial',sans-serif; mso-fareast-font-family: Aptos; mso-fareast-theme-font: minor-latin; mso-bidi-theme-font: minor-bidi; mso-ansi-language: DE-CH; mso-fareast-language: EN-US; mso-bidi-language: AR-SA;\">&raquo;</span>.&nbsp;</p><p>Wir bieten zum &Uuml;bernachten verschiedene Zimmerkategorien an:</p><p>- Neuere, helle Komfort Zimmer f&uuml;r 2 bis 7 Personen. Die Komfort Zimmer sind alle mit Dusche, WC und TV ausgestattet.</p><p>- Einfachere Budget Zimmer f&uuml;r 2 bis 5 Personen mit Waschgelegenheit und Dusche und Toilette auf der Etage.</p><p>- F&uuml;r die Preisbewussten eignet sich unser Touristenlager, Mehrbettzimmer mit Kaj&uuml;ttenbetten f&uuml;r bis zu 16 Personen unterteilt in 2er und 4er Abteile.</p>", "url": "https://www.alpenblick.info", "image": "https://jrtagpimtsoch.sos-ch-dk-2.exoscale-cdn.com/catalog/3/0/a/d/30ad79dc4cad8280a75f48e0354e485b937a70dc_image.jpeg", "openstreetmap_id": "way/320495182"}, "geometry": {"type": "Point", "coordinates": ["8.048377", "46.626836"]}}, {"type": "Feature", "properties": {"identifier": "60dc0a95-847d-4e04-a40f-b183d26b5ebd", "name": "Martinaglia Optik", "description": "<p><a href=\"https://www.google.ch/maps/place/Dorfstrasse+123,+3818+Grindelwald/@46.6236408,8.0367313,21z/data=!4m6!3m5!1s0x478f9bfe3aa283cd:0xd99b23f7c04df625!8m2!3d46.6236649!4d8.037013!16s%2Fg%2F11rp3926tp?hl=de&amp;entry=ttu&amp;g_ep=EgoyMDI1MDMxOS4yIKXMDSoASAFQAw%3D%3D\" target=\"_blank\" style=\"font-weight: bold;\">Zum Ziel navigieren (Google Maps)</a></p><p><br></p><p data-start=\"0\" data-end=\"70\" class=\"\">Die Filiale von Martinaglia Optik in Grindelwald bietet dir ein vielf\u00e4ltiges Angebot an Produkten und Dienstleistungen rund ums Sehen. Das Team aus erfahrenen Augenoptikerinnen und Augenoptikern ber\u00e4t dich kompetent und hilft dir, die passende L\u00f6sung f\u00fcr deine Sehanforderungen zu finden.</p>", "url": "https://www.martinaglia-optik.ch/", "image": "https://jrtagpimtsoch.sos-ch-dk-2.exoscale-cdn.com/catalog/c/4/1/b/c41bf9372758ef4b0c1ce1c5f90185ed7baa7aaa_Martinaglia.png", "openstreetmap_id": "map=19/46.623713/8.037062"}, "geometry": {"type": "Point", "coordinates": ["8.037034297976307", "46.62371415"]}}, {"type": "Feature", "properties": {"identifier": "6336930b-96e7-4f06-81b0-7ef8d0251438", "name": "Chalet Rosa", "description": "Die meisten Zimmer bieten Aussicht auf die umliegenden Berge und die Badezimmer sind mit einer Dusche ausgestattet.\n\nEine begrenzte Anzahl an Parkpl\u00e4tzen steht an der Unterkunft je nach Verf\u00fcgbarkeit zur Verf\u00fcgung. Der Bahnhof Lauterbrunnen liegt 300 m vom Chalet Rosa entfernt.", "image": "https://jrtagpimtsoch.sos-ch-dk-2.exoscale-cdn.com/catalog/5/5/9/e/559e073bdfaccc07498d2c48447d642041a37c9b_rosa_ext_01.jpg", "openstreetmap_id": "node/7148379980"}, "geometry": {"type": "Point", "coordinates": ["7.9068062", "46.5933822"]}}, {"type": "Feature", "properties": {"identifier": "640b89d7-1001-4645-9e71-51a6b00048af", "name": "Hotel Hirschen Saunalandschaft", "description": "Im Hotel Hirschen kannst du eine Finnische Sauna, eine Infrarot-Kabine oder eine Kr\u00e4uter-Sauna geniessen. Die Finnische Sauna regt den Kreislauf an und f\u00f6rdert den Aufbau von k\u00f6rpereigenen Abwehrkr\u00e4ften. Die Infrarot-Kabine entspannt und st\u00e4rkt das Nervensystem. Die Kr\u00e4uter-Sauna regt ebenfalls den Kreislauf an und steigert die K\u00f6rperabwehr.", "url": "http://www.hirschen-grindelwald.ch", "image": "https://jrtagpimtsoch.sos-ch-dk-2.exoscale-cdn.com/catalog/e/b/1/8/eb18bf1f872228511fc4b8c092e49198145f8964_csm_WellnessKrutersaunaRotRGB150dpi_7cad7eed00.jpg", "openstreetmap_id": "way/279367090"}, "geometry": {"type": "Point", "coordinates": ["8.03838459899247", "46.62343455"]}}, {"type": "Feature", "properties": {"identifier": "661fb776-83cf-43e9-9cb0-0dd53b7477dd", "name": "Sauna Oase im Sportzentrum Grindelwald", "description": "Saunieren entschlackt und entgiftet den K\u00f6rper, regt die Stoffwechselvorg\u00e4nge an, trainiert das Herz- und Kreislaufsystem und pflegt die Haut.\n\nK\u00f6rper, Geist und Seele werden erfrischt. Nach dem Saunagang f\u00fchlst du dich wie \u00abneu geboren\u00bb!\n\nNutze unser vielseitiges Angebot:\n\nFinnischer Sauna 90\u00b0C - trocken\nSanarium 50\u00b0C - 50% Luftfeuchtigkeit\nDampfbad 43\u00b0C - 100% Luftfeuchtigkeit\nKaltwasserbecken\nTretbrunnen\nErlebnisduschen\nFrischluftbereich\nRuheraum mit Sonnenterrasse mit Sicht auf die atemberaubende Eigernordwand.\nIm Saunaeintritt ist der Besuch des Hallenbades inbegriffen, es gibt keine Zeitbeschr\u00e4nkung!", "url": "https://www.sportzentrum-grindelwald.ch", "image": "https://jrtagpimtsoch.sos-ch-dk-2.exoscale-cdn.com/catalog/b/d/8/f/bd8f9e7520435d7b6f1338b8e9c01f8e75fc47e4_sauna_oase_sportzentrum_grindelwald__1_.jpg", "openstreetmap_id": "way/81742666"}, "geometry": {"type": "Point", "coordinates": ["8.035522339040838", "46.62300125"]}}, {"type": "Feature", "properties": {"identifier": "66a66f13-50f5-43e1-bba3-08f58b9bbe4b", "name": "Bim Chilchli (West) 6 Bett Wohnung", "description": "<p class=\"MsoNormal\">Eine Ferienwohnung inmitten der Bergwelt. In unmittelbarer\nN\u00e4he zur Skipiste. Mitten im Wanderparadies. Wir freuen uns auf dich.</p><p class=\"MsoNormal\">\u00dcber den Button gelangst du direkt zum Buchungsportal oder\nkannst eine E-Mail f\u00fcr deine Reservationsanfrage an den Vermieter schicken.</p><p>\n\n\n\n\n\n</p><p class=\"MsoNormal\"><o:p>&nbsp;</o:p></p>", "image": "https://jrtagpimtsoch.sos-ch-dk-2.exoscale-cdn.com/catalog/7/7/9/f/779f5b3cdf8a23b5467419cbe8979b3910409158_M__rren_Bim_Chilchli_West_6_Bett_Sommer.jpg", "openstreetmap_id": "node/240056378"}, "geometry": {"type": "Point", "coordinates": ["7.894830107688905", "46.560420009964815"]}}, {"type": "Feature", "properties": {"identifier": "66aced78-9143-47d8-b711-e52b77704c7c", "name": "Apart Hotel Wetterhorn", "description": "<p>Das Apart Hotel Wetterhorn in Hasliberg bietet eine einzigartige Mischung aus traditionellem alpinem Charme und modernem Komfort. Inmitten der atemberaubenden Schweizer Alpen gelegen, ist das Hotel der perfekte Ausgangspunkt f&uuml;r Outdoor-Enthusiasten und Naturliebhaber. Das historische Geb&auml;ude, das urspr&uuml;nglich 1907 erbaut wurde, wurde liebevoll restauriert und bietet gem&uuml;tliche Zimmer mit herrlicher Aussicht auf die umliegenden Berge.&nbsp;</p>", "url": "https://www.wetterhorn-hasliberg.ch/en/seminarraum", "image": "https://jrtagpimtsoch.sos-ch-dk-2.exoscale-cdn.com/catalog/6/9/4/4/69442402436d380d3c4988f8b3ce56bf509ab460_113_1518_hotel_wetterhorn_aussenansicht_2013_bydavidbirri.jpg", "openstreetmap_id": "way/291503660"}, "geometry": {"type": "Point", "coordinates": ["8.167211754174861", "46.7537533"]}}, {"type": "Feature", "properties": {"identifier": "67c2fae1-0831-4238-9a86-4cc5f08799ac", "name": "Klettergarten Riggli", "description": "<p>Kletterfinken an &ndash; Seil raus Der Klettergarten Riggli ist mit seinen &uuml;ber 30 kurzen und gut gesicherten Routen in den Schwierigkeitsgraden 4c bis 6c ein guter Ort f&uuml;r Familien. Topos sind in den Kletterf&uuml;hrern Interlaken (Vertical Sport) oder Plaisir zu finden. Das Gel&auml;nde unterhalb der Wand ist gras&uuml;berwachsen und einfach begehbar. Auch oberhalb des Gebiets befindet sich eine Grasfl&auml;che, von welcher aus einige Routen von oben her eingeh&auml;ngt werden k&ouml;nnen. Somit kann hier direkt Toprope geklettert werden. Dank der s&uuml;dlichen Ausrichtung w&auml;rmt sich der Kalkfels im Sommer angenehm auf. Wer den ganzen Tag mit Klettern verbringt, kann sich gleich oberhalb der Routen, in der Schilthornh&uuml;tte st&auml;rken. Der Klettergarten befindet sich ein paar Gehminuten unterhalb der Schilthornh&uuml;tte. Der schnellste Zustieg f&uuml;hrt von M&uuml;rren mit der Gondelbahn bis zur Station Birg (Mittelstation der Schilthornbahn). Von Birg folgt man den weissen Wegweisern bergab durch das Engetal und steht nach ca. 40 Minuten am Fuss der Wand.</p><p>&nbsp;</p>", "url": "https://www.schilthornhuette.com", "image": "https://jrtagpimtsoch.sos-ch-dk-2.exoscale-cdn.com/catalog/a/b/1/4/ab14dd91f3d16f88e52575c98af57343059c0dc5_Klettergarten_Riggli_Wand.jpg", "openstreetmap_id": "way/226981814"}, "geometry": {"type": "Point", "coordinates": ["7.862712282950893", "46.5700504"]}}, {"type": "Feature", "properties": {"identifier": "68c25cf7-f238-442d-aad8-e0fa975dc8aa", "name": "Restaurant \u00ab1910 \u00b7 Gourmet by Hausers\u00bb", "description": "<p>1910 erweiterte Johann Hauser das Belvedere. Der damals neue Herd steht zentral in unserem kleinen, gem\u00fctlichem St\u00fcbli mit nur sechs Tischen. Jene Zeit, als die Zutaten der K\u00fcche noch selber angebaut wurden oder aus der Region stammten, dient als Inspiration f\u00fcr unser heutiges regionales und nachhaltiges Konzept.</p><p>Der moderne kulinarische Stil unseres K\u00fcchenchefs D\u00e1vid Imre R\u00f3zsa zeichnet sich durch technische Raffinesse sowie reduzierte und zugleich geschmacksvolle Kompositionen aus. D\u00e1vid wurde von der Guide MICHELIN 2025 Auswahl mit einem Stern und von Gault&Millau mit 16 Punkten ausgezeichnet.</p>", "url": "https://www.belvedere-grindelwald.ch", "image": "https://jrtagpimtsoch.sos-ch-dk-2.exoscale-cdn.com/catalog/6/6/2/2/6622cf5f739035af164b8a37fb59e3edd67fd8a2_Restaurant_1910_Gourmet_by_Hausers_Grindelwald_D__vid_Imre_R__zsa_web_01.jpg", "openstreetmap_id": "way/320493156"}, "geometry": {"type": "Point", "coordinates": ["8.029357532361477", "46.62523865"]}}, {"type": "Feature", "properties": {"identifier": "6abad29c-eab0-4c11-9a73-2f2009d74395", "name": "Zahnarzt Dr. med. dent. Torsten Herting", "description": "<p><a href=\"https://www.google.com/maps/place/Zahnarztpraxis+Grindelwald+%7C+Implantate+%7C+Kronen+und+Br%C3%BCcken+%7C+Prothesen+%7C+Digitale+Prothesen/@46.6221628,8.0231884,279m/data=!3m1!1e3!4m15!1m8!3m7!1s0x478f994db925472f:0x8f7306d55ed3ac4b!2sGrundstrasse+19,+3818+Grindelwald!3b1!8m2!3d46.6250785!4d8.0228982!16s%2Fg%2F11c2fvjjg8!3m5!1s0x478f9955bd10c363:0xe5f743989062d0da!8m2!3d46.6250417!4d8.0228592!16s%2Fg%2F1tgpx33h?entry=ttu&amp;g_ep=EgoyMDI0MTEyNC4xIKXMDSoASAFQAw%3D%3D\" target=\"_blank\" style=\"font-weight: bold;\">Zum Ziel navigieren (Google Maps)</a></p><p><br></p><p>Unsere Zahnarztpraxis in Grindelwald bietet eine breite Palette zahnmedizinischer Leistungen in einer modernen, angenehmen Umgebung. Wir konzentrieren uns auf pr\u00e4ventive Massnahmen, restaurative und kosmetische Behandlungen. Dabei steht eine individuelle und einf\u00fchlsame Betreuung im Vordergrund, um unseren Patienten maximalen Komfort und Vertrauen zu bieten.</p>", "url": "http://www.zahnarzt-grindelwald.ch/", "image": "https://jrtagpimtsoch.sos-ch-dk-2.exoscale-cdn.com/catalog/0/c/8/3/0c83fc3e2bdccc28177059ee19353eca4d6aeef6_zahn.png", "openstreetmap_id": "way/308118314"}, "geometry": {"type": "Point", "coordinates": ["8.022897541476894", "46.625058249999995"]}}, {"type": "Feature", "properties": {"identifier": "6bb67e06-4304-4359-8146-6164c33f1221", "name": "ASPEN alpin lifestyle Hotel", "description": "<p>Die raue Eleganz der Berge.</p><p>Die faszinierende Natur- und Tierwelt der Alpen und der Charme des Chalets. Das alles und noch viel mehr macht den Alpin-Chic-Style im Aspen aus.</p><p>Das Chalet-Hotel ist eine echte Entdeckung mit seiner einmaligen Sonnenterrasse direkt an der Talabfahrt, seinen Wanderwegen vor der Haust&uuml;re und den liebevollen, typisch schweizerischen Details beim Interieur.</p><p>Im Jahr 2012 wurde ein Suitentrakt sowie ein Wellnessbereich mit Aussenwhirlpool erstellt und das Hotel wurde komplett umgebaut. Mit viel Liebe zum Detail vereinen sich Tradition und Moderne. Das moderne Haus im rustikalen Chalet-Stil setzt auf unkomplizierten und innovativen Bergtourismus mit starkem Bezug zur Region.</p><p>Im Winter direkt an der Skipiste und im Sommer im weitl&auml;ufigen Wandergebiet von den Regionen Kl. Scheidegg/M&auml;nnlichen gelegen. Die Zufahrt mit dem PKW ist ganzj&auml;hrig gew&auml;hrleistet.</p><p>Das Restaurant serviert Ihnen moderne Schweizer und internationale Gerichte. Im Sommer sind auch Halal-Speisen verf&uuml;gbar. Das Restaurant verf&uuml;gt &uuml;ber eine Terrasse mit Aussicht auf die Eiger-Nordwand. Kulinarisch werden hochwertige regionale Gerichte und Produkte aufgetischt. Die junge Gastgeberfamilie setzt auf Swissness und herzliche Atmosph&auml;re.</p><p>Geniessen Sie ausserdem unseren wundersch&ouml;nen Wellnessbereich mit diversen Saunen, Eisbrunnen, Erlebnisduschen, Fusssprudelbecken, Massageangebot sowie exklusiver Aussenwhirlpool mit Inneneinstieg.</p><p>Am Ende sagt Sophia Loren: <span style=\"font-size: 10.0pt; mso-bidi-font-size: 12.0pt; font-family: 'Arial',sans-serif; mso-fareast-font-family: Aptos; mso-fareast-theme-font: minor-latin; mso-bidi-theme-font: minor-bidi; mso-ansi-language: DE-CH; mso-fareast-language: EN-US; mso-bidi-language: AR-SA;\">&laquo;</span>Charme ist der unsichtbare Teil der Sch&ouml;nheit, ohne den niemand wirklich sch&ouml;n sein kann.<span style=\"font-size: 10.0pt; mso-bidi-font-size: 12.0pt; font-family: 'Arial',sans-serif; mso-fareast-font-family: Aptos; mso-fareast-theme-font: minor-latin; mso-bidi-theme-font: minor-bidi; mso-ansi-language: DE-CH; mso-fareast-language: EN-US; mso-bidi-language: AR-SA;\">&raquo;</span> Der Charme des Aspen Hotels macht ihren Aufenthalt in Grindelwald noch sch&ouml;ner und unvergesslicher.</p>", "url": "https://www.hotel-aspen.ch", "image": "https://jrtagpimtsoch.sos-ch-dk-2.exoscale-cdn.com/catalog/7/8/c/e/78ce3a9d56a163f6a6754fe35ad75029a5ac9022_image.jpeg", "openstreetmap_id": "node/986991474"}, "geometry": {"type": "Point", "coordinates": ["8.0056956", "46.6190463"]}}, {"type": "Feature", "properties": {"identifier": "7189638f-b0ff-47e7-a454-5e23cbf850b6", "name": "Steinacker 2-4 Bett Wohnung", "description": "<p class=\"MsoNormal\">Eine Ferienwohnung inmitten der Bergwelt. In unmittelbarer\nN\u00e4he zur Skipiste. Mitten im Wanderparadies. Wir freuen uns auf dich.<o:p></o:p></p><p class=\"MsoNormal\">\u00dcber den Button gelangst du direkt zum Buchungsportal oder\nkannst eine E-Mail f\u00fcr deine Reservationsanfrage an den Vermieter schicken.</p>", "image": "https://jrtagpimtsoch.sos-ch-dk-2.exoscale-cdn.com/catalog/3/8/2/5/382567c1d5d17e8fe5cd0989a0d2e25f174aa3fd_Steinacker_Sommer.jpeg", "openstreetmap_id": "way/348500273"}, "geometry": {"type": "Point", "coordinates": ["8.064294481825776", "46.63046215"]}}, {"type": "Feature", "properties": {"identifier": "72f2091f-c31e-4962-9bc9-c8e9edd8f141", "name": "AquaWell im Parkhotel Schoenegg", "description": "Ein grosses Hallenbad, Whirlpool, eine finnische Sauna (90\u00b0C und trockene Luft) und ein Sanarium (60\u00b0C und tropisches Klima) laden zum Entspannen ein.\nGeniesse die Ruhe der Berge bei einer schmackhaften Tasse Tee in einem der Ruher\u00e4ume.\n\nProfitiere vom Grindelwalder Day Spa Angebot und entspanne dich in der wohligen W\u00e4rme des Wellnessbereichs.", "url": "https://www.parkhotelschoenegg.ch/fr/detente/", "image": "https://jrtagpimtsoch.sos-ch-dk-2.exoscale-cdn.com/catalog/2/d/d/d/2ddd46f63cfe32e4133e41d8b00e632792e1c23f_aquawell_parkhotel_schonegg__3_.jpg", "openstreetmap_id": "node/5284535682"}, "geometry": {"type": "Point", "coordinates": ["8.0406222", "46.6243384"]}}, {"type": "Feature", "properties": {"identifier": "738ee4bd-e7aa-4355-8478-0beedd22d120", "name": "Nirggen 2 Bett Wohnung", "description": "<p class=\"MsoNormal\"><o:p>&nbsp;</o:p>Eine Ferienwohnung inmitten der Bergwelt. In unmittelbarer\nN\u00e4he zur Skipiste. Mitten im Wanderparadies. Wir freuen uns auf dich.</p><p>\n\n\n\n\n\n</p><p class=\"MsoNormal\">\u00dcber den Button gelangst du direkt zum Buchungsportal oder\nkannst eine E-Mail f\u00fcr deine Reservationsanfrage an den Vermieter schicken.<o:p></o:p></p>", "url": "https://www.holidays-grindelwald.ch", "image": "https://jrtagpimtsoch.sos-ch-dk-2.exoscale-cdn.com/catalog/1/b/1/7/1b17afb5480561e348888936c6655b3b4275a086_Nirggen_Sommer.jpg", "openstreetmap_id": "way/283423233"}, "geometry": {"type": "Point", "coordinates": ["8.027409152815206", "46.6219239"]}}, {"type": "Feature", "properties": {"identifier": "74115238-f417-4124-bc9b-cd27749a1ddb", "name": "Boutique Bonita Bags & More", "description": "<p><a href=\"https://www.google.ch/maps/place/Dorfstrasse+132,+3818+Grindelwald/@46.6232759,8.0369628,19z/data=!3m1!4b1!4m6!3m5!1s0x478f9bfe4a1c5e15:0xdc329e271c915921!8m2!3d46.6232759!4d8.0376065!16s%2Fg%2F11c210c78t?hl=de&amp;entry=ttu&amp;g_ep=EgoyMDI1MDMxOC4wIKXMDSoASAFQAw%3D%3D\" target=\"_blank\" style=\"font-weight: bold;\">Zum Ziel navigieren (Google Maps)</a><span style=\"font-weight: bold;\"><a href=\"https://www.google.ch/maps/place/Dorfstrasse+132,+3818+Grindelwald/@46.6232759,8.0369628,19z/data=!3m1!4b1!4m6!3m5!1s0x478f9bfe4a1c5e15:0xdc329e271c915921!8m2!3d46.6232759!4d8.0376065!16s%2Fg%2F11c210c78t?hl=de&amp;entry=ttu&amp;g_ep=EgoyMDI1MDMxOC4wIKXMDSoASAFQAw%3D%3D\" target=\"_blank\"></a></span></p><div><br></div><div>Im Herzen von Grindelwald findest du Bonita Bags &amp; More, deinen perfekten Ort f\u00fcr stilvolle Accessoires. Hier gibt es eine grosse Auswahl an Damenhandtaschen, Schals, Lederhandschuhen und Strickjacken. F\u00fcr deine Reisen findest du auch eine Auswahl an praktischen Koffern.</div>", "image": "https://jrtagpimtsoch.sos-ch-dk-2.exoscale-cdn.com/catalog/a/5/2/7/a527de66f0aa2d16e5dcda1440c00fadb9da9613_DSC05240.JPG", "openstreetmap_id": "map=19/46.623269/8.037733"}, "geometry": {"type": "Point", "coordinates": ["8.037735338262802", "46.6232696"]}}, {"type": "Feature", "properties": {"identifier": "74f1b902-8bc2-45b0-8d65-0eea05a19dfc", "name": "\u00dcbungsgel\u00e4nde Kleine Scheidegg", "description": "<p>Das &Uuml;bungsgel&auml;nde auf der Kleinen Scheidegg erreichst du vom Bahnhof zu Fuss in f&uuml;nf Minuten. Hier warten ein F&ouml;rderband und ein Seillift auf dich. Genug ge&uuml;bt? Dann kannst du vom Gel&auml;nde aus die blaue Piste in Richtung Brandegg in Angriff nehmen.<br><br></p>", "url": "https://www.snowsportsscheidegg.ch", "image": "https://jrtagpimtsoch.sos-ch-dk-2.exoscale-cdn.com/catalog/5/f/3/d/5f3d7463490666d14db1e1e4cb39e4c1ff4167e9_Skifahren_Jungfrauregion.jpg", "openstreetmap_id": "node/3668308747"}, "geometry": {"type": "Point", "coordinates": ["7.9608968", "46.5850987"]}}, {"type": "Feature", "properties": {"identifier": "78223671-e79a-4a06-b049-60d64add65ab", "name": "Eigergletscher Confiserie", "description": "Die Confiserie Eigergletscher bietet einen Geschmack der Schweiz auf 2.320 Metern \u00fcber dem Meeresspiegel, wo Konditoren und Konditorinnen Spezialit\u00e4ten aus lokalen Zutaten wie Grindelwalder Butter, Alpenblumen und Schweizer Honig herstellen. In Zusammenarbeit mit der Lindt &amp; Spr\u00fcngli AG entstehen einzigartige Eigerspitzli, Schokoladentafeln und Pralinriegel mit ganzen Haseln\u00fcssen. Die handgefertigten Desserts der Confiserie stammen aus der h\u00f6chsten Konditorei Europas und garantieren einen Geschmack von handwerklicher Qualit\u00e4t. Nachdem du die Eigernordwand bewundert hast, kannst du die Eigerspitzli-Praline probieren, die wie der Eiger selbst geformt ist.&nbsp;", "url": "https://www.jungfrau.ch/de-ch/essen-trinken/confiserie-eigergletscher/", "image": "https://jrtagpimtsoch.sos-ch-dk-2.exoscale-cdn.com/catalog/d/1/0/5/d1051b28cdb4ce4fa7695d1a38f862d97f34778c_Eigergletscher_Confiserie.jpg", "openstreetmap_id": "node/4313036324"}, "geometry": {"type": "Point", "coordinates": ["7.9748643", "46.574801"]}}, {"type": "Feature", "properties": {"identifier": "79c2e181-dc79-4522-a29c-2c6b4ca6e4dd", "name": "Skatepark Haslital", "description": "<p><span style=\"background-color: #ffffff; color: #000000;\">Der Skatepark Haslital bietet als einer der wenigen Indoor-Skateparks der Schweiz die M&ouml;glichkeit, unabh&auml;ngig von Jahreszeit und Witterung zu skateboarden.</span></p><p><span style=\"background-color: #ffffff; color: #000000;\">Auf einer Fl&auml;che von ca. 400 m&sup2; sind eine Miniramp sowie ein Street-Bereich untergebracht, so dass es auch den anspruchsvollen Skatern nicht langweilig wird.</span></p><p><span style=\"background-color: #ffffff; color: #000000;\">Die Anlage wurde professionell geplant, mit einem superschnellen Buchenbelag versehen und gen&uuml;gt damit h&ouml;chsten Anspr&uuml;chen.</span></p><p><span style=\"background-color: #ffffff; color: #000000;\">G&auml;stekarte Haslital: </span><span style=\"background-color: #ffffff; color: #000000;\">Kostenloser Eintritt</span></p>", "image": "https://jrtagpimtsoch.sos-ch-dk-2.exoscale-cdn.com/catalog/8/5/0/d/850d32451ce20387ca0ba0e41e1a17e805444883_113_8852_skatepark_haslital_bydavidbirri.jpg", "openstreetmap_id": "way/365477204"}, "geometry": {"type": "Point", "coordinates": ["8.1908654", "46.7241558"]}}, {"type": "Feature", "properties": {"identifier": "7e1d1c40-ccf4-4278-88c6-ac54df038a3e", "name": "Chalet Barbara, ruhige 1-2 Bett Wohnung, all inclusive", "description": "Eine Ferienwohnung inmitten der Bergwelt. In unmittelbarer N\u00e4he zur Skipiste. Mitten im Wanderparadies. Wir freuen uns auf dich.\n\n\u00dcber den Button gelangst du direkt zum Buchungsportal oder kannst eine E-Mail f\u00fcr deine Reservationsanfrage an den Vermieter schicken.\n", "image": "https://jrtagpimtsoch.sos-ch-dk-2.exoscale-cdn.com/catalog/5/c/4/0/5c40e10b889e1bc071a27fa157bb1796e96f0d57_3216204_Chalet_Barbara_1_2_Bett_Wohnung.jpeg", "openstreetmap_id": "way/320768164"}, "geometry": {"type": "Point", "coordinates": ["8.037620186805727", "46.62669957108819"]}}, {"type": "Feature", "properties": {"identifier": "7ed4c572-4c2f-47be-9b78-981b803ee885", "name": "Hallenbad Meiringen", "description": "Im Hallenbad Meiringen k\u00f6nnen sich G\u00e4ste am R\u00fcckenschwimmen, Crawl und dem Brustschwimmen erfreuen. Eine klassische Finnische Sauna rundet den Badespass im Hallenbad in Meiringen ab.\n\nSchwimmerbecken, grosses Nichtschwimmerbecken, geheizte Liege- und Sitzstufen bei einer Wassertemperatur von 28\u00b0C und angenehmer Lufttemperatur.", "url": "https://www.meiringen.ch/infrastruktur/5843", "image": "https://jrtagpimtsoch.sos-ch-dk-2.exoscale-cdn.com/catalog/1/3/c/5/13c530b6d0ac9c3b56785e73b42eb163d672473b_Hallenbad_Meiringen__4_.jpg", "openstreetmap_id": "way/382503646"}, "geometry": {"type": "Point", "coordinates": ["8.187101260000368", "46.72902485"]}}, {"type": "Feature", "properties": {"identifier": "805fb675-62e9-4da6-9438-02279f8e5941", "name": "Gelateria da Marco", "description": "<p><a href=\"https://www.google.com/maps/place/Gelateria+di+Marco/@46.623515,8.0374668,21z/data=!4m15!1m8!3m7!1s0x478f995473cffaaf:0x6d0aa1e499b557c6!2sDorfstrasse+62,+3818+Grindelwald!3b1!8m2!3d46.6243993!4d8.0310106!16s%2Fg%2F11c1w_khtw!3m5!1s0x478f9bbbacdaff77:0xc50709db00e5c466!8m2!3d46.623547!4d8.037452!16s%2Fg%2F11j_xfr4qq?entry=ttu&amp;g_ep=EgoyMDI1MDMwNC4wIKXMDSoASAFQAw%3D%3D\" target=\"_blank\" style=\"font-weight: bold;\">Zum Ziel navigieren (Google Maps)</a><a href=\"https://www.google.com/maps/place/Gelateria+di+Marco/@46.623515,8.0374668,21z/data=!4m15!1m8!3m7!1s0x478f995473cffaaf:0x6d0aa1e499b557c6!2sDorfstrasse+62,+3818+Grindelwald!3b1!8m2!3d46.6243993!4d8.0310106!16s%2Fg%2F11c1w_khtw!3m5!1s0x478f9bbbacdaff77:0xc50709db00e5c466!8m2!3d46.623547!4d8.037452!16s%2Fg%2F11j_xfr4qq?entry=ttu&amp;g_ep=EgoyMDI1MDMwNC4wIKXMDSoASAFQAw%3D%3D\" target=\"_blank\" style=\"font-weight: bold;\"></a></p><p><br></p><p>Die Gelateria da Marco befindet sich im Zentrum von Grindelwald und bietet draussen zwei Tische mit St\u00fchlen, wo du die K\u00f6stlichkeiten in Ruhe geniessen kannst. Hier findest du nicht nur leckere Eiscremes, sondern auch Waffeln, Frapp\u00e9s, Sorbets und Erfrischungsgetr\u00e4nke. Ein perfekter Ort, um sich eine s\u00fcsse Auszeit zu g\u00f6nnen!</p>", "image": "https://jrtagpimtsoch.sos-ch-dk-2.exoscale-cdn.com/catalog/4/0/6/d/406d7678e667822031b5ca762310681b400091a0_DSC05247.JPG", "openstreetmap_id": "map=19/46.623551/8.037427"}, "geometry": {"type": "Point", "coordinates": ["8.037427000109172", "46.623554850000005"]}}, {"type": "Feature", "properties": {"identifier": "817e68d6-3c8b-424f-a220-8f432b54c268", "name": "Skigebiet Grindelwald-First", "description": "<p>Der Snowpark Grindelwald-First verf&uuml;gt &uuml;ber eine 130 m lange und rund 5.60 m hohe Halfpipe &ndash; einzigartig im Berner Oberland. Ebenfalls bietet der Park Kickers, Rails, Bonks und Boxen.</p><p>Big Pintenfritz ist mit einer L&auml;nge von 11 km eine der l&auml;ngsten Schlittelabfahrten Europas.</p><p>Adrenalin pur: Die Ski abschnallen und auf dem First Flieger oder First Glider mit bis zu 84 km/h durch die Luft fliegen (inbegriffen im Skipass Jungfrau (ab 1-Tages-Pass).</p><p>Spielerisch das Skifahren erlernen: Auf First befindet sich die Lily Fun Slope mit lustigen Hindernissen.</p><p>Das und vieles mehr bietet das Skigebiet Grindelwald-First. Insgesamt stehen dir hier 56 Pistenkilometer und 40 Kilometer Wander- und Schlittelwege zur Verf&uuml;gung.</p><p>Zu erreichen ist die First mit der Gondelbahn in rund 25 Minuten ab Grindelwald.</p><article class=\"text-token-text-primary w-full focus:outline-none [--shadow-height:45px] has-data-writing-block:pointer-events-none has-data-writing-block:-mt-(--shadow-height) has-data-writing-block:pt-(--shadow-height) [&amp;:has([data-writing-block])&gt;*]:pointer-events-auto scroll-mt-(--header-height)\" dir=\"auto\" tabindex=\"-1\" data-turn-id=\"81441a65-5ac4-4c10-9611-360247f4b92a\" data-testid=\"conversation-turn-181\" data-scroll-anchor=\"false\" data-turn=\"user\"><div class=\"text-base my-auto mx-auto pt-12 [--thread-content-margin:--spacing(4)] thread-sm:[--thread-content-margin:--spacing(6)] thread-lg:[--thread-content-margin:--spacing(16)] px-(--thread-content-margin)\"><div class=\"[--thread-content-max-width:40rem] thread-lg:[--thread-content-max-width:48rem] mx-auto max-w-(--thread-content-max-width) flex-1 group/turn-messages focus-visible:outline-hidden relative flex w-full min-w-0 flex-col\" tabindex=\"-1\"><div class=\"flex max-w-full flex-col grow\"><div class=\"min-h-8 text-message relative flex w-full flex-col items-end gap-2 text-start break-words whitespace-normal [.text-message+&amp;]:mt-1\" dir=\"auto\" data-message-author-role=\"user\" data-message-id=\"81441a65-5ac4-4c10-9611-360247f4b92a\"><div class=\"flex w-full flex-col gap-1 empty:hidden items-end rtl:items-start\"><div class=\"user-message-bubble-color relative rounded-[18px] px-4 py-1.5 data-[multiline]:py-3 max-w-[var(--user-chat-width,70%)]\"><div class=\"whitespace-pre-wrap\">Die aktuellen Betriebszeiten findest du <a href=\"https://grindelwald.swiss/de/service/betriebsstatus/wintersportbericht.html\"><strong>hier</strong></a>.</div></div></div></div></div></div></div></article>", "url": "https://www.jungfrau.ch", "image": "https://jrtagpimtsoch.sos-ch-dk-2.exoscale-cdn.com/catalog/0/5/4/6/05463303cb91850888cb69bb8d1d58f02480b561_Skifahren_First.jpg", "openstreetmap_id": "way/599436179"}, "geometry": {"type": "Point", "coordinates": ["8.05400848388672", "46.65981690500137"]}}, {"type": "Feature", "properties": {"identifier": "8573128e-c40b-414e-9861-df17b075cf8e", "name": "Werrens Art \u2013 Sport & Events", "description": "<p><strong><a href=\"https://www.google.com/maps/place/Werrens+Art+AG+Sport+%26+Events+%7C+deinelanglaufschule.ch+%7C+Lifestyle+%26+Geschenke/@46.6234689,8.0336511,17z/data=!3m1!4b1!4m6!3m5!1s0x478f9be8e9183d27:0x69965e8c266d5375!8m2!3d46.623469!4d8.038522!16s%2Fg%2F11n0c_wdt_?entry=ttu&amp;g_ep=EgoyMDI1MDIwMy4wIKXMDSoASAFQAw%3D%3D\" rel=\"noopener noreferrer\" target=\"_blank\">Zum Ziel navigieren (Google Maps)</a></strong></p><p></p><p>Wosch lehr\u00e4 Langl\u00f6ifle? De lehr\u2019s doch grad richtig! Ob Klassisch oder Skating. Ob f\u00fcr Einsteiger*innen, Fortgeschrittene oder Profis. Ob Privatunterricht, Coaching oder Wachskurs \u2013 hier finden alle das passende Angebot. Buche deinen Privatunterricht und erlebe den Langlaufsport von seiner sch\u00f6nsten Seite. Die Lehrer*innen sind aktive und ehemalige Rennl\u00e4ufer*innen und haben eine fundierte Ausbildung im Unterrichten von Langlaufen. Das Wissen ist gross, die Liebe und Freude zum Langlaufsport noch gr\u00f6sser. Werren Art freut sich, schon bald mit dir auf der Loipe zu stehen und dir diese Freude weiterzugeben. Unterricht ist an sieben Tagen die Woche m\u00f6glich. Und die Langlaufschule ist im ganzen Berner Oberland unterwegs \u2013 \u00fcberall dort, wo der Gast es w\u00fcnscht. In der Filiale in Grindelwald findest du eine grosse Auswahl an Mietmaterial \u2013 Langlaufausr\u00fcstung und -bekleidung.</p>", "url": "https://werrensart.com", "image": "https://jrtagpimtsoch.sos-ch-dk-2.exoscale-cdn.com/catalog/0/a/e/7/0ae7a7f5959ee9081a06da44e3a6bf4a97429c61_IMG_1650_3.JPG", "openstreetmap_id": "way/279369141"}, "geometry": {"type": "Point", "coordinates": ["8.038574786456188", "46.62344695"]}}, {"type": "Feature", "properties": {"identifier": "85af3283-72fd-4d58-b779-18b0ff54c520", "name": "Ski- und Snowboardschule Wengen", "description": "<p>Willst du deine Technik perfektionieren oder eine neue Sportart erlernen? Dann bist du bei den Schneesportlehrer*innen der Ski- und Snowboardschule Wengen bestens aufgehoben. Ebenfalls im Angebot stehen Schneeschuhwanderungen. <br><br>Wir empfehlen dir, Privatlektionen w&auml;hrend der Hochsaison (Weihnachten/Neujahr und Februar) so fr&uuml;h wie m&ouml;glich zu reservieren.<br><br></p>", "url": "https://www.skiwengen.ch/de.html", "image": "https://jrtagpimtsoch.sos-ch-dk-2.exoscale-cdn.com/catalog/f/2/a/8/f2a8e17e7fded9c79a9fc9656ab8a731a2df672a_Skischule_Wengen_3.jpg", "openstreetmap_id": "way/131742995"}, "geometry": {"type": "Point", "coordinates": ["7.922118902206422", "46.60493358839149"]}}, {"type": "Feature", "properties": {"identifier": "869aba73-3648-4c5c-ba80-138e38263dfb", "name": "Bergwelt Grindelwald | Alpine Design Resort", "description": "<p>Wir rufen die Entdecker, Tr\u00e4umer, Wagemutigen</p><p>Hier ist das Tal, wo Legenden in den Himmel wachsen und Mythen die Natur umranken. Im Schutz der Berge spendet das neue Schweizer Premium Alpine Design Resort Bergwelt Grindelwald Kraft und Mut. Ber\u00fchren 90 Zimmer alle Sinne. Belebt das Spa auf 800 m2 K\u00f6rper und Geist. Hier knistert Gemeinschaft im Restaurant. N\u00e4hrt Tradition die Inspiration. Folge dem Ruf des Unbekannten.</p><p>THE LOBBY</p><p>In der Lobby findet der Austausch nach einem anstrengenden Gipfelst\u00fcrmer-Erlebnis statt. In einem gem\u00fctlichen Ambiente mit Kaffee- und Teespezialit\u00e4ten teilen Pioniere und Abenteurer ihre Geschichten. Hier ist jeder Moment Anfang und Ewigkeit zugleich.</p><p>THE OTHER CLUB</p><p>Die Zigarren-Lounge erinnert wie der gleichnamige Club in London an die erfolgreiche Besteigung des Wetterhorns durch Sir Winston Churchill. Hier verstr\u00f6men Interieur und Ausstattung Geselligkeit. Flackern Kraft und Ruhe im Kaminfeuer. Verdichten sich Freundschaften. Erz\u00e4hlen Buchseiten von Abenteuern. Hier l\u00e4dt eine Auswahl an Zigarren im Humidor zum Verweilen ein.</p><p>THE SEVEN SPIRITS BAR</p><p>Die Bar der Bergwelt Grindelwald l\u00e4dt ein zur Zerstreuung und Erfrischung von Geist und Seele. Hier fliessen die duftenden Essenzen unbekannter Welten und wogen die Kl\u00e4nge der Geselligkeit. Liegt die Sehnsucht nach genussvoller Entdeckung im Weinschrank. Stossen alte und neue Freunde auf das Leben an. Hier verheissen Melodien vom Abschluss eines sch\u00f6nen Tages.</p><p>BG'S GRILL</p><p>Casual Alpine Soul Food \u2013 Im BG\u2019s Grill Restaurant servieren K\u00fcchenchef Marcus G. Lindner und sein Team intensive Frische mit bekannten und \u00fcberraschenden Gerichten. Hier verf\u00fchren lokale Produkte mit kraftvoller Pr\u00e4senz. Knistert der namensgebende Holz-Grill des Restaurants wie die Verheissung der Abendsonne. Hier fliessen Weingenuss und Ambiente im Einklang mit Duft und Farben auf dem Teller.\u00a0</p>", "url": "https://bergwelt-grindelwald.com/anlaesse/", "image": "https://jrtagpimtsoch.sos-ch-dk-2.exoscale-cdn.com/catalog/2/2/6/3/2263eb46a7c8df82d816c39eda737e98dc0f410b_Aussenansicht.jpg", "openstreetmap_id": "node/12613471863"}, "geometry": {"type": "Point", "coordinates": ["8.0394334", "46.6239655"]}}, {"type": "Feature", "properties": {"identifier": "87050d28-ac0c-4274-82bd-26a7078182d2", "name": "Panorama Minigolf Hasliberg", "description": "<p>Die sch&ouml;ne Minigolfanlage ist nicht betreut und jeweils ge&ouml;ffnet von 10.00 - 20.00 Uhr. Es gilt das Prinzip der Eigenverantwortung.&nbsp;</p><p>Der Besuch ist f&uuml;r Individualg&auml;ste kostenlos.&nbsp;<br>Gruppen ab 10 Personen auf Voranmeldung. Der Gruppen-Pauschalpreis f&uuml;r Koordination und Organisation betr&auml;gt CHF 50.00.</p><p>Bei schlechter Witterung bleibt die Anlage geschlossen.</p>", "image": "https://jrtagpimtsoch.sos-ch-dk-2.exoscale-cdn.com/catalog/3/f/d/d/3fddbf3828b235873b2b41833da2bba2395228d9_03_Minigolf_HT.jpeg", "openstreetmap_id": "way/1090177757"}, "geometry": {"type": "Point", "coordinates": ["8.20219256494483", "46.745387699999995"]}}, {"type": "Feature", "properties": {"identifier": "87483d96-bf1a-4cb7-9633-c6900cbaf71a", "name": "Wellness im Hotel Belvedere", "description": "Im Wellness-Bereich \u00abBelAqua\u00bb im Hotel Belvedere Grindelwald kannst du gem\u00fctlich im Sole-Whirlpool im Garten entspannen, in Sauna und Dampfbad W\u00e4rme tanken, im grossz\u00fcgigen Schwimmbecken deine Bahnen ziehen und einfach den Alltagsstress hinter dir lassen.\n\nDas Angebot umfasst:\n\n    Schwimmbad (6 x 14 m - 29\u00b0 C)\n    Whirlpool (36\u00b0 C)\n    Sole-Whirlpool im Garten (36\u00b0 C)\n    Finnische Sauna\n    Gletscher-Dampfbad\n    W\u00e4rmestollen\n    Erlebnisduschen\n\nSauna und Dampfbad sind Nacktzonen und daher nur f\u00fcr Erwachsene zug\u00e4nglich. Der W\u00e4rmestollen wird in Badekleidung genutzt und steht daher auch Kindern zur Verf\u00fcgung.", "url": "https://www.belvedere-grindelwald.ch", "image": "https://jrtagpimtsoch.sos-ch-dk-2.exoscale-cdn.com/catalog/c/2/b/3/c2b357a0915c070576556a052488e066a4da0d34_Wellness_Belvedere.jpg", "openstreetmap_id": "way/320493156"}, "geometry": {"type": "Point", "coordinates": ["8.029357532361477", "46.62523865"]}}, {"type": "Feature", "properties": {"identifier": "88a10d1d-9f1c-4a8d-9d6c-3f2c86308944", "name": "Landi / Prima", "description": "<p class=\"MsoNormal\"><b><a href=\"https://www.google.com/maps/place/Landi+%2F+Prima+Grindelwald/@46.618694,8.026561,16z/data=!3m2!4b1!5s0x478f9eab810657f7:0xbcfefc901e3cef92!4m6!3m5!1s0x478f9eab81441b7b:0x1980fa8c3110aff!8m2!3d46.618694!4d8.0291413!16s%2Fg%2F11bycrsm30?entry=ttu&amp;g_ep=EgoyMDI1MDIyNS4wIKXMDSoASAFQAw%3D%3D\" target=\"_blank\">Zum Ziel navigieren (Google Maps)</a></b></p><p class=\"MsoNormal\"><o:p>&nbsp;</o:p></p><p>\n\n\n\n\n\n\n\n\n\n</p><p class=\"MsoNormal\">LANDI / Prima Grindelwald - alles unter einem Dach. Einkaufen im LANDI Laden ist angenehm anders. Das Sortiment umfasst die Bereiche Haus und Garten, Landwirtschaft sowie Lebensmittel, haupts\u00e4chlich Getr\u00e4nke.&nbsp;LANDI unterst\u00fctzt die Landwirtinnen und Landwirte in der\nRegion bei der wirtschaftlichen Entwicklung ihrer Betriebe.&nbsp;<o:p></o:p></p>", "url": "https://landi.swiss/de-CH/cooperative/landi-grindelwald", "image": "https://jrtagpimtsoch.sos-ch-dk-2.exoscale-cdn.com/catalog/e/6/7/1/e67131b1327f9e1dc3cdafba4c684b1d99a2c44d_LANDI.png", "openstreetmap_id": "map=19/46.618451/8.028810"}, "geometry": {"type": "Point", "coordinates": ["8.02940794548678", "46.61894375"]}}, {"type": "Feature", "properties": {"identifier": "8ad5ac06-ea01-4160-b468-5bf0a10c0f28", "name": "Victoria - Alpine Boutique Hotel & Fine Dining", "description": "Im Victoria \u00e0 la carte Restaurant treffen sich zeitgem\u00e4sses Design und alpine Tradition. Frisch, lebendig, ehrlich. Chefkoch und Gastgeber Simon Anderegg steht jeden Tag selber am Herd. Sein Geheimrezept: Leidenschaft f\u00fcr Qualit\u00e4t, die Liebe zu frischen, nat\u00fcrlichen Produkten und die souver\u00e4ne Betonung der Aromen. Diese Zutaten machen jede seiner Kreationen zu einer Gaumenfreude.\n\nDie klassische franz\u00f6sische K\u00fcche ist Simon Andereggs Handwerk, die Basis. Inspiriert von vielen Auslandaufenthalten interpretiert er Traditionelles neu. Dabei widerspiegeln seine Gerichte eine feste Verbundenheit mit den Alpen und den Einfluss aus dem asiatischen Raum.", "url": "http://www.victoria-meiringen.ch/", "image": "https://jrtagpimtsoch.sos-ch-dk-2.exoscale-cdn.com/catalog/2/9/e/e/29ee28dc7b7d9066f24eae679a5e73c72747d4cb_2023_08_Victoria_Meiringen_Restaurant_People_944.jpg", "openstreetmap_id": "way/305873900"}, "geometry": {"type": "Point", "coordinates": ["8.186587213306812", "46.727284049999994"]}}, {"type": "Feature", "properties": {"identifier": "8d1adba6-42a1-4804-bcbc-656afad5e592", "name": "Kleines und Grosses Gelmerhorn", "description": "Die Traversierung des Kleinen-Grossen Gelmerhorns von S\u00fcden nach Norden ist eine klassische, sehr lohnende Kletterei in bestem Granit. Diese Klettertour startet bei der s\u00fcdlichen Gelmerl\u00fccke am Fusse des S\u00fcd-Grates des Kleinen Gelmerhorns. Von der Gelmerh\u00fctte zun\u00e4chst Abstieg bis zum mittleren Diechter und dann hinauf gegen die tiefste Felsenkehle, welche von der s\u00fcdlichen Gelmerl\u00fccke herabzieht. Der S\u00fcd-Grat endet mit einem Gipfelblock und einer feingriffigen Gipfelplatte (\u00f6stliches Umgehen m\u00f6glich).", "image": "https://jrtagpimtsoch.sos-ch-dk-2.exoscale-cdn.com/catalog/8/6/1/5/8615467a949ae67c44600d5a584e30ffc0b7cb02_Gelmerhu__tte_008.jpg", "openstreetmap_id": "node/4132437497"}, "geometry": {"type": "Point", "coordinates": ["8.3291789", "46.6285814"]}}, {"type": "Feature", "properties": {"identifier": "8e22130d-b6ae-4de9-b428-efa8a63b37d2", "name": "B\u00e4ckerei-Konditorei Vincenz", "description": "Vincenz steht f\u00fcr B\u00e4ckerei, Konditorei und Confiserie! T\u00e4glich findest du hier eine sch\u00f6ne Auswahl an knusprigen Broten, immer wieder wechselnden Spezialbroten oder ein breites Sortiment an Kleinbackwaren. Unsere Konditorei erf\u00fcllt Ihre W\u00fcnsche nach s\u00fcssen Backwaren, speziellen Torten und feines zum Kaffee. Und die Confiseure verzaubern mit Schokoladen-Spezialit\u00e4ten und anderem mehr.", "url": "https://vincenz-wengen.ch/de/", "image": "https://jrtagpimtsoch.sos-ch-dk-2.exoscale-cdn.com/catalog/e/2/a/b/e2ab7eadab1bf1e6b6b3c4b8fb2d76546c2b4848_Vincenz_Wengen.jpg", "openstreetmap_id": "node/300385018"}, "geometry": {"type": "Point", "coordinates": ["7.921292782769924", "46.60538707954758"]}}, {"type": "Feature", "properties": {"identifier": "8e295bf6-46ce-4dd0-b20c-7cfbee179771", "name": "Eiger Mountain & Soul Resort", "description": "<p>Nimm dir Zeit \u2013 bei uns geh\u00f6rt sie dir. Geniesse den Moment \u2013 und lass dich von uns verw\u00f6hnen. Erlebe die Natur \u2013 sie weckt neue Kr\u00e4fte in dir. Finde bei uns einen Ort, der nur dir geh\u00f6rt \u2013 ganz nach dem Motto: Me, You & Nature.</p><p></p><p>Gisela, Daniel und ihr Team heissen dich herzlich willkommen. </p><p></p><p>Inmitten der imposanten Bergwelt bietet dir das Eiger Mountain & Soul Resort einen Kraftort voll von herzlicher Geborgenheit und W\u00e4rme gepaart mit hohem Komfort und ehrlicher Naturverbundenheit.</p><p></p><p>Hier sind alle per Du. Weil wir \u00fcberzeugt sind, dass ein entspanntes Miteinander den Erholungsfaktor sp\u00fcrbar steigert.</p><p></p><p>Komm und entdecke die bunte Vielfalt an M\u00f6glichkeiten f\u00fcr deine unvergessliche Ich-Zeit.</p><p></p>", "url": "https://www.eiger-grindelwald.ch/meetings/", "image": "https://jrtagpimtsoch.sos-ch-dk-2.exoscale-cdn.com/catalog/5/c/e/7/5ce7e261e67761394e4f2159fae02cb6f89f362c_Resort_front__1_.jpg", "openstreetmap_id": "way/279367092"}, "geometry": {"type": "Point", "coordinates": ["8.0353009", "46.6242417"]}}, {"type": "Feature", "properties": {"identifier": "8e985d16-fc49-4839-ac8a-c851734e03d9", "name": "Naturfreundehaus Grindelwald", "description": "Oberhalb des Dorfzentrums von Grindelwald, am sonnigen Terrassenweg, erwartet Sie unser kleines Paradies. Das 70-j\u00e4hrige Chalet wurde 2018 sehr sch\u00f6n renoviert und bietet in 14 Zimmern und einer Gruppenunterkunft Platz f\u00fcr 50 G\u00e4ste. Geniessen Sie unsere gem\u00fctliche Lounge oder den ruhigen Garten mit seinem atemberaubenden Bergpanorama.\n\nDas Hostel, umgeben von majest\u00e4tischen Bergen wie Eiger, Jungfrau, M\u00e4nnlichen und Wetterhorn, ist ein idealer Ausgangspunkt zum Skifahren, Bergsteigen, Wandern oder Biken. Einzelpersonen, Familien, Wandergruppen sind herzlich willkommen, sei es f\u00fcr einen Tag oder f\u00fcr l\u00e4ngere Aufenthalte. Auch f\u00fcr Kurse, Lager und Feste sind wir bestens eingerichtet.\n\nWir freuen uns auf Ihren Besuch!\nGastgeber Dominic Haerri &amp; Team", "url": "https://grindelwald.nfh.ch/seminarangebot/", "image": "https://jrtagpimtsoch.sos-ch-dk-2.exoscale-cdn.com/catalog/c/c/7/e/cc7e42ab0dc85afe237fdbd61a0daaf6390ede2e_DSC00814.jpg", "openstreetmap_id": "way/320771673"}, "geometry": {"type": "Point", "coordinates": ["8.03329851063327", "46.6281008"]}}, {"type": "Feature", "properties": {"identifier": "90dc7bf1-aa48-40ec-9fe2-b4b73b3ce651", "name": "Hotel Pinte Grindelwald", "description": "<p>In der traditionsreichen Gaststube \u00abPinte\u00bb treffen seit jeher lokale Stammg\u00e4ste auf reisende Abenteurer, erfreuen sich an der guten Schweizer K\u00fcche und stossen auf das Leben an.</p><p>Das Hotel Pinte ist das \u00e4lteste Hotel in Grindelwald und geh\u00f6rt zur Bergwelt Grindelwald, dem neuen Alpine Design Resort.</p>", "url": "https://bellevue-pinte.ch/", "image": "https://jrtagpimtsoch.sos-ch-dk-2.exoscale-cdn.com/catalog/f/7/8/0/f7807d585ae7d182aa505eb52ecfa5e100ceb46b_dariasofie_6076.jpg", "openstreetmap_id": "way/279369127"}, "geometry": {"type": "Point", "coordinates": ["8.039539207572421", "46.62361025"]}}, {"type": "Feature", "properties": {"identifier": "91a26bb8-27cd-4cca-8063-d853d78858a4", "name": "Alpines Sportzentrum", "description": "<h4>Get active, stay relaxed.</h4><p>Das Alpine Sportzentrum M&uuml;rren vereint Bewegung, Erholung und Begegnung unter einem Dach. Hallenbad, Spa mit Whirlpool, Fitnessbereich, Sporthalle sowie die Eisbahn und der Pumptrack bieten das ganze Jahr &uuml;ber vielf&auml;ltige M&ouml;glichkeiten f&uuml;r Sport und Freizeit.&nbsp;<br><br>Erg&auml;nzt wird das Angebot durch das Bistro und die Tourist Information. Ein Ort f&uuml;r Bewegung, Erholung und Genuss bei jedem Wetter.</p><p>&nbsp;</p><p>&nbsp;</p>", "url": "https://sportzentrum-muerren.ch", "image": "https://jrtagpimtsoch.sos-ch-dk-2.exoscale-cdn.com/catalog/6/5/6/d/656de067a16a7b33aea0cf0d17f8eb3ff732d4e1__JRT8928.jpg", "openstreetmap_id": "way/548551235"}, "geometry": {"type": "Point", "coordinates": ["7.895324281060606", "46.562483"]}}, {"type": "Feature", "properties": {"identifier": "930a53dc-28d7-422c-9957-1c72193992fd", "name": "Schweizer Skischule Meiringen-Hasliberg", "description": "<p>Seit &uuml;ber 70 Jahren leben wir Schneesport mit Leidenschaft.</p><p>Unser Team aus rund 160 Schneesportlehrpersonen begleitet Sie mit Erfahrung, Engagement und Freude im Schnee und sorgt f&uuml;r ein pers&ouml;nliches Lernerlebnis in der einzigartigen Bergwelt des Haslitals.</p><p>Das Angebot richtet sich an Kinder, Jugendliche und Erwachsene aller Niveaus und umfasst Ski, Snowboard, Telemark und Langlauf. Der Unterricht ist als Gruppe, in Kleingruppen oder im Privatunterricht m&ouml;glich.</p><p>Aufbauend auf der Swiss Snow League wird die Verbesserung der Technik individuell gef&ouml;rdert und gezielt weiterentwickelt. Unser &Uuml;bungsgel&auml;nde, das &laquo;Skih&auml;sliland&raquo;, bietet ideale Bedingungen f&uuml;r den Einstieg in den Wintersport und f&ouml;rdert Lernfortschritte. F&uuml;r Naturbegeisterte erg&auml;nzen die Dienstleistungen von Nat&uuml;rlich Haslital, wie zum Beispiel Schneeschuh- und Skitouren, das Angebot.</p><p>Erleben Sie Schneesport im Haslital mit unserer Skischule. Bei Fragen beraten wir Sie gerne telefonisch, per E-Mail oder pers&ouml;nlich in unseren B&uuml;ros in der Bidmi und in Meiringen.</p>", "url": "https://skischule-hasliberg.ch/", "image": "https://jrtagpimtsoch.sos-ch-dk-2.exoscale-cdn.com/catalog/e/4/d/1/e4d15b13e3f75a0d8056135c334eedf91c8f39e7_2601_31_1844_by.davidbirri.jpg", "openstreetmap_id": "node/429512813"}, "geometry": {"type": "Point", "coordinates": ["8.219248652458193", "46.74460986588413"]}}, {"type": "Feature", "properties": {"identifier": "9514b264-4676-40dc-bb2a-a80c414d60c7", "name": "Mercearia Portugal", "description": "<p data-start=\"14\" data-end=\"87\"><a href=\"https://www.google.ch/maps/place/Dorfstrasse+195,+3818+Grindelwald/@46.6245407,8.0407048,17z/data=!3m1!4b1!4m6!3m5!1s0x478f9bf95b067bd9:0xcf1695320919d622!8m2!3d46.6245407!4d8.0432797!16s%2Fg%2F11c14wkwnj?hl=de&amp;entry=ttu&amp;g_ep=EgoyMDI1MDMwNC4wIKXMDSoASAFQAw%3D%3D\" target=\"_blank\" style=\"font-weight: 700;\">Zum Ziel navigieren (Google Maps)</a></p><p data-start=\"14\" data-end=\"87\"><br></p><p data-start=\"14\" data-end=\"87\">Entdecke den authentischen Geschmack Portugals in diesem kleinen Laden, der an der Dorfstrasse von Grindelwald liegt. <span data-start=\"207\" data-end=\"227\">Mercearia Portugal</span> bietet eine Auswahl an hochwertigen portugiesischen Lebensmitteln. Besuche uns f\u00fcr eine kulinarische Reise, die dich direkt nach Portugal f\u00fchrt, w\u00e4hrend du die Sch\u00f6nheit von Grindelwald erkundest. Ein St\u00fcck Portugal mitten in den Alpen!</p>", "image": "https://jrtagpimtsoch.sos-ch-dk-2.exoscale-cdn.com/catalog/b/9/5/0/b950b6b4794c67baf9f923eff8e93df0c8c1c61f_DSC05221.JPG", "openstreetmap_id": "map=19/46.624540/8.043239"}, "geometry": {"type": "Point", "coordinates": ["8.04329037666321", "46.62451857883788"]}}, {"type": "Feature", "properties": {"identifier": "9762cf35-b608-4421-8fa9-5e3e0b7e05b6", "name": "Aus Stein", "description": "Aus Stein in Grindelwald pr\u00e4sentiert die Kunst des Steins mit einer Sammlung von Objekten, die die nat\u00fcrlich Sch\u00f6nheit und Vielfalt der lokalen Materialien wie Grindelwalder Marmor, L\u00fctschiner Gneis und Kander Kalkstein hervorheben. Jedes St\u00fcck, ob eine Steinschale, ein Brunnen, ein Kerzenhalter oder ein einfaches Accessoire, ist eine einzigartige Darstellung der Natur. Die Kombination von Beat Hofers Berufen als F\u00f6rster und Bergf\u00fchrer erm\u00f6glicht auch spezielle Arbeiten in den H\u00f6henlagen. Ausserdem bietet ihre neue Ferienwohnung einen komfortablen Aufenthalt f\u00fcr entspannte Tage und aktive Bergerlebnisse.&nbsp;", "url": "https://www.ausstein.ch/", "image": "https://jrtagpimtsoch.sos-ch-dk-2.exoscale-cdn.com/catalog/1/3/1/2/13127aae5d132a25856e5cc7e5524862fd157045_Aus_Stein.jpg", "openstreetmap_id": "way/348687257"}, "geometry": {"type": "Point", "coordinates": ["8.029775126361411", "46.62322545"]}}, {"type": "Feature", "properties": {"identifier": "97d55334-d682-4662-bc26-2738b0583116", "name": "B\u00e4ckerei W\u00fcthrich AG", "description": "<p><a href=\"https://www.google.com/maps/place/B%C3%A4ckerei+W%C3%BCthrich+AG/@46.6253508,8.0441294,880m/data=!3m3!1e3!4b1!5s0x478f9bfa232d4081:0xf7dcff2ee827c1c1!4m6!3m5!1s0x478f9bfa3cb64ea7:0x5ae84457e7bbf589!8m2!3d46.6253508!4d8.0467043!16s%2Fg%2F1v2yxsmt?entry=ttu&amp;g_ep=EgoyMDI1MDMwMy4wIKXMDSoASAFQAw%3D%3D\" style=\"font-weight: bold;\">Zum Ziel navigieren ( Google Maps) </a><br></p><p><br></p><p>Die B\u00e4ckerei Gletscherbeck in Grindelwald bietet eine breite Palette an Backwaren, von Grossbroten bis zu feinen Patisserien. Hier findest du alles, was f\u00fcr ein leckeres Fr\u00fchst\u00fcck oder einen Snack zwischendurch ben\u00f6tigst. Neben frischen Broten und s\u00fcssen Leckereien gibt es auch eine Auswahl an Getr\u00e4nken in der Kaffeecke. Die B\u00e4ckerei ist bekannt f\u00fcr ihre Torten und Spezialit\u00e4ten, die sich auch hervorragend als Geschenk eignen. Besuche die B\u00e4ckerei und entdecke die Vielfalt der angebotenen Produkte.&nbsp;</p>", "url": "https://www.gletscherbeck.ch/", "image": "https://jrtagpimtsoch.sos-ch-dk-2.exoscale-cdn.com/catalog/8/b/9/7/8b9772532f8bdf6a2c00112146de78846fe37396_image.jpg", "openstreetmap_id": "map=19/46.625339/8.046775"}, "geometry": {"type": "Point", "coordinates": ["8.046777864980623", "46.62526655123873"]}}, {"type": "Feature", "properties": {"identifier": "98af52a7-ea28-414b-a224-817b0605608e", "name": "Orchidee 2 Bett Wohnung", "description": "<p class=\"MsoNormal\">Eine Ferienwohnung inmitten der Bergwelt. In unmittelbarer\nN\u00e4he zur Skipiste. Mitten im Wanderparadies. Wir freuen uns auf dich.<o:p></o:p></p><p class=\"MsoNormal\">\u00dcber den Button gelangst du direkt zum Buchungsportal oder\nkannst eine E-Mail f\u00fcr deine Reservationsanfrage an den Vermieter schicken.</p>", "image": "https://jrtagpimtsoch.sos-ch-dk-2.exoscale-cdn.com/catalog/3/d/b/d/3dbdf488f15a5dad2299ebf419350fc775e4cc1a_Orchidee_2_Bett_Wohnung_Sommer.jpg", "openstreetmap_id": "way/320821393"}, "geometry": {"type": "Point", "coordinates": ["8.020253844286806", "46.6275172"]}}, {"type": "Feature", "properties": {"identifier": "9bbfb80d-f224-451e-ba23-117a77316945", "name": "Vitaparcours", "description": "Der Vitaparcours Grindelwald bietet eine Trainingsm\u00f6glichkeit in alpiner Umgebung. Die Strecke ist nur 1,6 Kilometer lang. Hier kannst du auch bei schlechtem Wetter kleine Laufeinheiten einlegen.\u00a0\n\nIdeal f\u00fcr kleinere Trainingseinheiten, die trotzdem reinhauen sollen. Das alpine Gel\u00e4nde hat es in sich, macht aber tierisch Spass, denn die Wegf\u00fchrung wurde bei der Renovation vor drei Jahren optimal in die Landschaft eingef\u00fcgt. So l\u00e4uft das Training wie von selbst.\n\nDer Vitaparcour besteht aus einer Reihe von \u00dcbungsstationen, die entlang eines Rundwegs angeordnet sind. Jede Station bietet verschiedene \u00dcbungen zur Verbesserung von Kraft, Ausdauer, Koordination und Flexibilit\u00e4t. Die \u00dcbungen k\u00f6nnen individuell angepasst werden, um den Bed\u00fcrfnissen und F\u00e4higkeiten jedes Einzelnen gerecht zu werden.\n\nDer Parcours ist kostenlos zug\u00e4nglich und kann das ganze Jahr \u00fcber genutzt werden. Er ist sowohl f\u00fcr Einheimische als auch f\u00fcr Touristen eine beliebte Aktivit\u00e4t. Der Vitaparcour Grindelwald bietet nicht nur eine M\u00f6glichkeit zur k\u00f6rperlichen Bet\u00e4tigung, sondern auch eine wundersch\u00f6ne Umgebung mit atemberaubender Aussicht auf die umliegenden Berge.\n\nEs wird empfohlen, bequeme Sportkleidung und geeignetes Schuhwerk zu tragen. Es ist ratsam, vor Beginn des Trainings eine kurze Aufw\u00e4rmphase einzulegen und nach dem Training zu dehnen, um Verletzungen zu vermeiden.", "image": "https://jrtagpimtsoch.sos-ch-dk-2.exoscale-cdn.com/catalog/c/b/9/6/cb9691955b429b1f8cb44981057bc8b8ccbd000a_2207_5012_by.davidbirri.jpg", "openstreetmap_id": "node/4369696991"}, "geometry": {"type": "Point", "coordinates": ["8.0760133266449", "46.63183129702423"]}}, {"type": "Feature", "properties": {"identifier": "a07c405b-2cdb-4f7c-9472-8d116c80397c", "name": "Golfplatz Grindelwald", "description": "<p><strong><a href=\"https://www.google.ch/maps/place/Golf+Grindelwald+Switzerland/@46.6169635,8.0387076,16z/data=!3m1!4b1!4m6!3m5!1s0x478f9c06c66cc82b:0x9ab23ea412a223f6!8m2!3d46.6169635!4d8.0412825!16s%2Fg%2F1tgmv545?hl=de&amp;entry=ttu&amp;g_ep=EgoyMDI0MTIxMS4wIKXMDSoASAFQAw%3D%3D\" rel=\"noopener noreferrer\" target=\"_blank\">Zum Ziel navigieren (Google Maps)</a></strong></p><p></p><p>Die einzige Golfanlage im Berner Oberland, auf welcher du ohne offizielles Handicap golfen kannst. Benutze die Driving Range oder spiele auf der\u202funvergleichlichen\u202f9-Loch Anlage. Auf Wunsch kannst du die Ausr\u00fcstung zu ausserordentlich g\u00fcnstigen Konditionen mieten. Der\u202fClubmanager kann dir nach kurzer Einf\u00fchrung nach eigenem Ermessen die\u202fPlatzerlaubnis\u202ferteilen. Danach kannst du die neun speziellen, reizvollen Fairways geniessen.</p>", "url": "https://golf-grindelwald.ch/", "image": "https://jrtagpimtsoch.sos-ch-dk-2.exoscale-cdn.com/catalog/e/8/6/1/e861cea3d020ba4551221fc0a49e3d5c324b2e20_2207_3080_by.davidbirri.jpg", "openstreetmap_id": "way/450199941"}, "geometry": {"type": "Point", "coordinates": ["8.041294302405268", "46.6167475"]}}, {"type": "Feature", "properties": {"identifier": "a37ee015-6db9-4b8d-9a7d-3467854731a3", "name": "Bill tower", "description": "Test Test", "image": "https://jrtagpimtsoch.sos-ch-dk-2.exoscale-cdn.com/catalog/d/c/d/2/dcd204e7b9fbf314a49f698819b57b75fe2c7249__JRT5915.jpg", "openstreetmap_id": "relation/1682470"}, "geometry": {"type": "Point", "coordinates": ["8.2052569", "46.7379056"]}}, {"type": "Feature", "properties": {"identifier": "a3e7dbac-683c-4926-85dd-f6625bd89a09", "name": "WollReich Haslital", "description": "WollReich bietet F\u00fchrungen durch seine Wollverarbeitungsanlagen an, darunter das Kardieren, Waschen und das Atelier. Nach der F\u00fchrung k\u00f6nnen die Besucher auch an einem Filzworkshop teilnehmen. Die Familie Brog betreiben diesen landwirtschaftlichen Betrieb in Geissholz, Schattenhalb, mit rund 500 Schafen verschiedener Rassen und anderen Nutztieren.&nbsp;", "url": "https://www.wollreich.ch/", "image": "https://jrtagpimtsoch.sos-ch-dk-2.exoscale-cdn.com/catalog/3/0/e/d/30edc753934cdf920ceaf23a9a596badf9fd5d9b_WollReich_Haslital.jpg", "openstreetmap_id": "way/365477247"}, "geometry": {"type": "Point", "coordinates": ["8.18416827397514", "46.728690400000005"]}}, {"type": "Feature", "properties": {"identifier": "a473d1e9-8ca2-4d95-92a1-5674a469d6da", "name": "Eigerness - Der Laden", "description": "<p><span style=\"font-weight: 700;\"><a href=\"https://www.google.com/maps/place/Eigerness+Der+Laden/@46.6243903,8.0350484,19.64z/data=!4m6!3m5!1s0x478f99558d0fffff:0xf5b59d4b79b4735b!8m2!3d46.6242413!4d8.0352746!16s%2Fg%2F11fmvkz02m?entry=ttu&amp;g_ep=EgoyMDI1MDIyNS4wIKXMDSoASAFQAw%3D%3D\" target=\"_blank\">Zum Ziel navigieren (Google Maps)</a></span><span style=\"text-align: center;\"></span></p><p><span style=\"text-align: center;\"><br></span></p><p><span style=\"text-align: center;\">Eigerness Der Laden ist die im Zentrum von Grindelwald&nbsp;gelegene Einkaufsm\u00f6glichkeit f\u00fcr \u201calpine Kostbarkeiten\u201d!&nbsp;Hier gibt es Original Grindelwald in schmackhafter&nbsp;Kulinarik &amp; traditionellem Handwerk sowie vielen&nbsp;herrlichen Kostbarkeiten aus den Bereichen Design und&nbsp;Lebensart.&nbsp;Vorbeikommen, entdecken, staunen, kennenlernen,&nbsp;kosten\u2026.</span></p>", "url": "https://eigernessderladen.ch/", "image": "https://jrtagpimtsoch.sos-ch-dk-2.exoscale-cdn.com/catalog/3/6/8/0/3680f3f32c0e89301082a6201cda1163e32dc335_6321.JPG", "openstreetmap_id": "map=19/46.624536/8.043516"}, "geometry": {"type": "Point", "coordinates": ["8.035452022368423", "46.6240557"]}}, {"type": "Feature", "properties": {"identifier": "a4c32eda-0e46-4273-a5f0-426ae9e27334", "name": "Skischule Kleine Scheidegg", "description": "<p data-start=\"128\" data-end=\"341\">Die Schweizer Schneesportschule Kleine Scheidegg ist die h&ouml;chstgelegene offizielle Skischule der Schweiz und liegt auf 2&rsquo;061 m &uuml;. M. zwischen Grindelwald und Wengen &ndash; direkt am Fusse von Eiger, M&ouml;nch und Jungfrau.<br><br>Seit 1935 unterrichten hier erfahrene Schneesportlehrerinnen und Schneesportlehrer G&auml;ste aus aller Welt. Ob Ski, Snowboard oder Privatunterricht &ndash; Anf&auml;nger, Fortgeschrittene und Familien profitieren von professionellem Unterricht in einer einzigartigen alpinen Umgebung.<br><br>Mit viel Geduld, Freude und pers&ouml;nlichem Engagement sorgen die Instruktorinnen und Instruktoren f&uuml;r unvergessliche Wintersporterlebnisse inmitten der beeindruckenden Bergwelt der Jungfrau Region.<br><br></p>", "url": "https://snowsportsscheidegg.ch/de/", "image": "https://jrtagpimtsoch.sos-ch-dk-2.exoscale-cdn.com/catalog/9/c/8/6/9c866501e36d48baf649ee938b623917bc020a9d_A7304392.jpg", "openstreetmap_id": "node/3668308747"}, "geometry": {"type": "Point", "coordinates": ["7.9608968", "46.5850987"]}}, {"type": "Feature", "properties": {"identifier": "a500e603-a6ea-414a-a686-e0d95f66f186", "name": "Private ski and snowboard school Wengen", "description": "<p>skiprivat.ch ist eine private Ski- und Snowboardschule in Wengen. Angeboten werden Privatlektionen f&uuml;r Skifahren - Carving, Telemark, Tiefschnee -, Snowboard, Schneeschuhwanderungen und Schlitten. Der Unterricht richtet sich an Anf&auml;nger:innen und Fortgeschrittene und wird individuell auf das K&ouml;nnen und die Ziele der Lernenden abgestimmt.</p>", "url": "http://skiprivat.ch/", "image": "https://jrtagpimtsoch.sos-ch-dk-2.exoscale-cdn.com/catalog/d/4/6/0/d46084f0cb1a8d889064c48f1dcc44f840cb554f_Skiprivat_Wengen_2.jpg", "openstreetmap_id": "node/240096898"}, "geometry": {"type": "Point", "coordinates": ["7.921357154846192", "46.60535758408305"]}}, {"type": "Feature", "properties": {"identifier": "a534b0e6-3682-46ef-8ea1-5fd18db274de", "name": "BeoVet", "description": "<p><span class=\"\">Wir legen grossen Wert auf eine pers&ouml;nliche und einf&uuml;hlsame Betreuung, denn die Gesundheit und das Wohl Ihres Tieres liegen uns am Herzen. In unserer Praxis in Matten bei Interlaken bieten wir Ihnen ein breites Leistungsspektrum, das individuell auf die Bed&uuml;rfnisse Ihres Tieres abgestimmt ist.&nbsp;</span>Besuchen Sie uns und &uuml;berzeugen Sie sich selbst von unserer Expertise und unserem Engagement! Wir freuen uns darauf, Sie und Ihr Tier kennenzulernen.</p><p>Trotz dem Standort in Interlaken ist t&auml;glich ein Tierarzt in Grindelwald unterwegs.</p>", "image": "https://jrtagpimtsoch.sos-ch-dk-2.exoscale-cdn.com/catalog/3/9/9/c/399c0c827f327abe78e0f4570caab01dbe45356a_Herbst_by_davidbirri__2_.jpg", "openstreetmap_id": "way/216659514"}, "geometry": {"type": "Point", "coordinates": ["7.864349484443665", "46.681154944000795"]}}, {"type": "Feature", "properties": {"identifier": "a6220fe5-23f4-4fb0-9160-4cacb85c99e7", "name": "Weizenmehl aus dem Haslital ", "description": "Haslimehl mit Sitz im Haslital hat sich auf den Anbau von Weizen spezialisiert, wobei der Schwerpunkt auf der Auswahl geeigneter B\u00f6den, der Fruchtfolge und der Bodenvorbereitung mit lokalem Kompost und D\u00fcnger liegt. Sie betonen, wie wichtig das Wetter w\u00e4hrend der Wachstumsphase ist, da es die Qualit\u00e4t des Weizens beeinflusst. Der geerntete Weizen wird bis zum Mahlen gelagert und bel\u00fcftet, und das Stroh wird als Einstreu f\u00fcr die Tiere verwendet. Ihr Endprodukt, das Haslibrot, ist ein Sauerteigbrot, das sie aus ihrem eigenen gemahlenen Mehl herstellen. ", "image": "https://jrtagpimtsoch.sos-ch-dk-2.exoscale-cdn.com/catalog/5/f/4/6/5f4661cadb39188959d0645d0f78020b92f960af_Weizmehl_aus_dem_Hasli.jpg", "openstreetmap_id": "relation/1682552"}, "geometry": {"type": "Point", "coordinates": ["8.1870934", "46.7285518"]}}, {"type": "Feature", "properties": {"identifier": "a86a842a-86a7-4bee-a4dd-3dbccc242004", "name": "4.5 Zimmerwohnung mit Bergsicht", "description": "<p class=\"MsoNormal\">Eine Ferienwohnung inmitten der Bergwelt. In unmittelbarer\nN\u00e4he zur Skipiste. Mitten im Wanderparadies. Wir freuen uns auf dich.<o:p></o:p></p><p class=\"MsoNormal\">\u00dcber den Button gelangst du direkt zum Buchungsportal oder\nkannst eine E-Mail f\u00fcr deine Reservationsanfrage an den Vermieter schicken.</p>", "image": "https://jrtagpimtsoch.sos-ch-dk-2.exoscale-cdn.com/catalog/9/7/7/3/9773c62f7f532b2b1764a0127bbd9c3baf4fc2ab_4.5_Zimmerwohnung_mit_Bergsicht_Sommer.jpg", "openstreetmap_id": "way/227806946"}, "geometry": {"type": "Point", "coordinates": ["7.999688386917115", "46.62201332201024"]}}, {"type": "Feature", "properties": {"identifier": "a8b0b008-e1e6-4363-901b-22fc18748d1c", "name": "Hotel Bodmi \u2013 Wellness auf Schweizer Art", "description": "Geniesse tiefenwirksame Massagen oder entspannte Ruhe mit einzigartiger Aussicht. Getrennt durch eine Spiegelglasscheibe sorgen ein paar Ziegen f\u00fcr unterhaltsame Stunden in deinem Wellnessurlaub in der Schweiz.\n\nUnser Wellnessbereich verf\u00fcgt \u00fcber:\n\nFinnische Sauna, ausgestattet mit romantischem Sternenhimmel\nAroma-Dampfbad mit Lichteffekt und beruhigender Beschallung\nErlebnisdusche mit Schwallbrause, Kneippschlauch und Tauchbeckeneffekt\nGro\u00dfer Ruheraum mit einzigartigem Panoramablick auf die Berge von Grindelwald\nDie Benutzung unserer Sauna im Stall ist f\u00fcr Hotelg\u00e4ste kostenfrei!\n\nBitte beachte, dass Sauna und Dampfbad textilfreie Zonen sind; Badebekleidung ist nicht erlaubt.\n\nZutritt ab 16 Jahren.", "url": "https://das-bodmi.ch/", "image": "https://jrtagpimtsoch.sos-ch-dk-2.exoscale-cdn.com/catalog/e/5/2/3/e523fa2eba270d1db31d9db8663642d8270ba156_csm_das_bodmi_hotel_beauty_wellness_0b5b6d0798.jpg", "openstreetmap_id": "node/2618801544"}, "geometry": {"type": "Point", "coordinates": ["8.0420002", "46.6286465"]}}, {"type": "Feature", "properties": {"identifier": "a984fab0-d672-4e4a-abe5-51cd526eb733", "name": "Grill\u00b7Bar", "description": "Chillige Lounge-Atmosph\u00e4re direkt neben der Lodge und an der L\u00fctschine \u2013 mit Grill und k\u00fchlen Drinks. Im Sommer steht dir zudem der lauschige Innenhof zur Verf\u00fcgung.", "url": "https://www.eigerlodge.ch/", "image": "https://jrtagpimtsoch.sos-ch-dk-2.exoscale-cdn.com/catalog/a/b/3/1/ab3184056c76ee00fa30317ab51322b8dfbc084e_30.jpg", "openstreetmap_id": "way/348680912"}, "geometry": {"type": "Point", "coordinates": ["8.02219637458543", "46.62353065"]}}, {"type": "Feature", "properties": {"identifier": "a9e55ff5-6e64-47fd-8282-b03d7d5604c4", "name": "Fondue Gondel", "description": "<p>Einfach zum Dahinschmelzen: Klassisches Schweizer K&auml;sefondue, serviert draussen in der gem&uuml;tlichen Gondel im Hotel Belvedere Grindelwald.</p><p>Nostalgie und Romantik pur: die alten M&auml;nnlichen-Gondeln haben noch lange nicht ausgedient! Heute bieten die gem&uuml;tlich eingerichteten Kabinen Platz f&uuml;r zwei Personen und somit den perfekten Rahmen f&uuml;r ein romantisches T&ecirc;te-&agrave;-T&ecirc;te.</p>", "url": "https://www.belvedere-grindelwald.ch", "image": "https://jrtagpimtsoch.sos-ch-dk-2.exoscale-cdn.com/catalog/7/6/5/0/76503f78c342b8f819e91b9e859fc06c6bec7dac_Fondue_Gondel_Belvedere_Swiss_Quality_Hotel_Grindelwald__10_.jpg", "openstreetmap_id": "way/320493156"}, "geometry": {"type": "Point", "coordinates": ["8.029357532361477", "46.62523865"]}}, {"type": "Feature", "properties": {"identifier": "ade10f1d-f521-47d3-9941-3967f95f6e4d", "name": "Metzgerei Christian Nussbaum ", "description": "Die Metzgerei Christian Nussbaum in Meiringen ist auf traditionelle Fleischspezialit\u00e4ten aus dem Haslital spezialisiert. Zu ihrem Angebot geh\u00f6rt der beliebte Original-Gumpesel und eine Vielzahl anderer Spezialit\u00e4ten. Das Fleisch, wie z.B. das Entrec\u00f4te mit Knochen, stammt vom Suisse-Garantie-Rind mit der Mindestmaststufe T3 und gleichm\u00e4ssiger Marmorierung.", "url": "https://www.original-gumpesel.ch", "image": "https://jrtagpimtsoch.sos-ch-dk-2.exoscale-cdn.com/catalog/5/d/4/d/5d4d8579a9592e59812ea8cbffd3dcc7e8c3e368_Metzgerei_Christian_Nussbaum.jpg", "openstreetmap_id": "way/441680610"}, "geometry": {"type": "Point", "coordinates": ["8.18838918188154", "46.728214699999995"]}}, {"type": "Feature", "properties": {"identifier": "adfd3ca3-d4bd-4386-beda-8d8c8e04c684", "name": "Molki Meiringen", "description": "Molki Meiringen bietet eine Reihe von hochwertigen Milchprodukten an, die aus Milch aus dem Berner Oberland hergestellt werden. Das Sortiment umfasst den einzigartigen Brie de Meiringen, verschiedene K\u00e4sesorten, Joghurts mit bis zu 23 saisonalen Sorten, cremigen Quark und erfrischendes Eis, das das ganze Jahr \u00fcber erh\u00e4ltlich ist. Sie sind stolz auf ihre enge Zusammenarbeit mit den \u00f6rtlichen Landwirten, die f\u00fcr regionale und nachhaltige Praktiken sorgen. Ausserdem bieten sie das Haslitaler P\u00e4ckli an, ein spezielles Paket mit K\u00f6stlichkeiten aus der lokalen B\u00e4ckerei und Metzgerei.", "url": "https://molki.ch/", "image": "https://jrtagpimtsoch.sos-ch-dk-2.exoscale-cdn.com/catalog/4/0/a/c/40ac9904957f63511b5c5520711b18af492d3945_Molki_Meiringen.jpg", "openstreetmap_id": "node/6855908985"}, "geometry": {"type": "Point", "coordinates": ["8.1900392", "46.7260712"]}}, {"type": "Feature", "properties": {"identifier": "ae5bfb87-c0c4-4e75-8157-777bcc925002", "name": "Kunsteisbahn Grindelwald", "description": "Die Kunsteisbahn im Sportzentrum l\u00e4dt zum Schlittschuhlaufen oder Eishockeyspielen \u2013 und dies von Ende Juli bis Ende April.\n\nDie n\u00f6tige Ausr\u00fcstung wird im Sportzentrum vermietet. Die Eishalle l\u00e4sst sich auch f\u00fcr Trainingslager oder andere Veranstaltungen reservieren.", "url": "http://www.sportzentrum-grindelwald.ch", "image": "https://jrtagpimtsoch.sos-ch-dk-2.exoscale-cdn.com/catalog/b/5/5/9/b559c6fdc17f5d73c88c4eea8dcc14db1be187b9__B197474_by.davidbirri.jpg", "openstreetmap_id": "way/81742666"}, "geometry": {"type": "Point", "coordinates": ["8.035522339040838", "46.62300125"]}}, {"type": "Feature", "properties": {"identifier": "ae7ebd03-a33c-4a73-ace4-610a6d40b4ae", "name": "Buri Sport (Bahnhof)", "description": "<p><span style=\"font-weight: 700;\"><a href=\"https://www.google.ch/maps/place/Buri+Sport/@46.6245517,8.0231361,15z/data=!4m10!1m2!2m1!1sburi+sport!3m6!1s0x478f9bfeef9ae70b:0x8b54692369862029!8m2!3d46.6245519!4d8.034466!15sCgpidXJpIHNwb3J0WgwiCmJ1cmkgc3BvcnSSAQlza2lfc3RvcmXgAQA!16s%2Fg%2F1tfjzsby?hl=de&amp;entry=ttu&amp;g_ep=EgoyMDI1MDIyNS4wIKXMDSoASAFQAw%3D%3D\" target=\"_blank\">Zum Ziel navigieren (Google Maps)</a></span></p><p><br></p><p>Bei Buri Sport findest du eine grosse Auswahl an Sport- und anderer Kleidung sowie originelle Souvenirs und T-Shirts mit exklusiven Designs. Sowohl im Winter als auch im Sommer kannst du den Ausr\u00fcstungsverleih f\u00fcr Skier, Snowboards, Schlitten und E-Bikes in Anspruch nehmen. Dar\u00fcber steht die M\u00f6glichkeit zur Verf\u00fcgung, Skikurse zu buchen.</p>", "url": "https://www.burisport.ch/", "image": "https://jrtagpimtsoch.sos-ch-dk-2.exoscale-cdn.com/catalog/5/7/6/e/576e93e68d3bffb94a569a421cc1b2b5786db028_Buri_Sport_HB.png", "openstreetmap_id": "map=19/46.624453/8.034588"}, "geometry": {"type": "Point", "coordinates": ["8.034402325970966", "46.6252745"]}}, {"type": "Feature", "properties": {"identifier": "aea28e96-6a83-420d-b6b9-b7c6ceb65328", "name": "Minigolf Lauterbrunnen", "description": "<p>Geniesse den atemberaubenden Ausblick ins Lauterbrunnental &ndash; mit seinen majest&auml;tischen Wasserf&auml;llen sowie dem imposanten Breithorn und Tschingelhorn.</p><p>&nbsp;</p><p>Erlebe Spiel, Sport und Spass f&uuml;r die ganze Familie: Ob beim Minigolf, im Fitnessraum oder f&uuml;r die Kleinen auf dem Trampolin, mit ferngesteuerten Autos oder den beliebten Bobby Cars &ndash; hier ist f&uuml;r alle etwas dabei.</p><p>&nbsp;</p><p>F&uuml;r dein leibliches Wohl ist im Restaurant bestens gesorgt.</p><p><a href=\"https://share.google/ie9urXMdqGTCTLTYk\"><strong>&Ouml;ffnungszeiten</strong></a></p><p>Bei starkem Niederschlag ist die River Lounge geschlossen. Aktuelle &Ouml;ffnungszeiten finden Sie unter dem folgenden Link: <span style=\"font-family: 'Aptos',sans-serif; color: black;\"><a href=\"https://che01.safelinks.protection.outlook.com/?url=https%3A%2F%2Fshare.google%2Fie9urXMdqGTCTLTYk&amp;data=05%7C02%7Cthomas.durrer%40lauterbrunnen.swiss%7Cb040778ea79a440b7fa008de5e6b9c3e%7C7d747bf72a6d4a4caa2b9c19a6e69e92%7C1%7C0%7C639052013472704439%7CUnknown%7CTWFpbGZsb3d8eyJFbXB0eU1hcGkiOnRydWUsIlYiOiIwLjAuMDAwMCIsIlAiOiJXaW4zMiIsIkFOIjoiTWFpbCIsIldUIjoyfQ%3D%3D%7C0%7C%7C%7C&amp;sdata=khyG006ddKMdwNoGO5x2djcBWX9jujbEPkX3v80O9vw%3D&amp;reserved=0\">https://share.google/ie9urXMdqGTCTLTYk</a></span></p>", "image": "https://jrtagpimtsoch.sos-ch-dk-2.exoscale-cdn.com/catalog/f/c/6/2/fc62bbe46f994c31c9e8fcb9151132466dd9d60f_IMG_6400.jpg", "openstreetmap_id": "way/498753212"}, "geometry": {"type": "Point", "coordinates": ["7.9099544924876835", "46.591149200000004"]}}, {"type": "Feature", "properties": {"identifier": "b0471d98-d9ee-4bbc-a57d-20d87c6e5a34", "name": "Moosgaden 2 Bett Wohnung", "description": "<p class=\"MsoNormal\">Eine Ferienwohnung inmitten der Bergwelt. In unmittelbarer\nN\u00e4he zur Skipiste. Mitten im Wanderparadies. Wir freuen uns auf dich.</p><p>\n\n\n\n</p><p class=\"MsoNormal\">\u00dcber den Button gelangst du direkt zum Buchungsportal oder\nkannst eine E-Mail f\u00fcr deine Reservationsanfrage an den Vermieter schicken.<o:p></o:p></p>", "image": "https://jrtagpimtsoch.sos-ch-dk-2.exoscale-cdn.com/catalog/c/e/c/7/cec745097612032618cf838a6d2472f5340fd177_Moosgaden_2_Bett_Wohnung_Sommer.jpg", "openstreetmap_id": "way/450199930"}, "geometry": {"type": "Point", "coordinates": ["8.038655834674838", "46.6295888"]}}, {"type": "Feature", "properties": {"identifier": "b1d497d4-e4b1-4acf-8201-6217f72b9b07", "name": "Schweizer Skischule M\u00fcrren-Schilthorn", "description": "Die ausgebildeten SkilehrerInnen nehmen sich gerne Zeit, um dir ihre Begeisterung f\u00fcr den Sport im Schnee n\u00e4herzubringen.\n\nDie Schule bietet Unterricht und Begleitung in allen Schneesport-Disziplinen an: Skifahren, Snowboarden, Freeriding, Telemark, Langlauf und Schneeschuhlaufen. Gruppenunterricht wird f\u00fcr Ski- und Snowboardfahrer angeboten. Beim \"Try to Ski\" Angebot erh\u00e4lt man auch die n\u00f6tige Ausr\u00fcstung f\u00fcr die ersten Fahrversuche.\n\nNebst dem Unterricht organisiert die Skischule diverse Events wie Fackelabfahrten, Rennen und Feiern.\n\nEs wird empfohlen, Lektionen f\u00fcr die Hochsaison (Weihnachten, Neujahr und Februar) so fr\u00fch wie m\u00f6glich zu reservieren.\n\nTry to Ski - it's fun!\nSkifahr-Luft schnuppern? Mit dem Try to Ski Angebot erh\u00e4ltst du folgendes:\n\n- Ausr\u00fcstung\n- 2h Unterricht (f\u00fcr 1+4 Personen)\n- Nutzung der Liftanlagen\n\nDas B\u00fcro der Schweizer Skischule M\u00fcrren-Schilthorn befindet sich in der Dorfmitte, direkt hinter dem Hotel Jungfrau. M\u00fcrren kann in rund 50 Minuten von Interlaken aus erreicht werden.", "url": "https://skischule-muerren.ch/", "image": "https://jrtagpimtsoch.sos-ch-dk-2.exoscale-cdn.com/catalog/3/d/4/d/3d4d33f56eb96b9ed8d1caa9abc8ed747c28c8b1_Skischule_Muerren_Panorama_Lehrer_mit_Gast.jpg", "openstreetmap_id": "way/223029237"}, "geometry": {"type": "Point", "coordinates": ["7.894329430656699", "46.5614603"]}}, {"type": "Feature", "properties": {"identifier": "b2afbf4d-ce0c-408a-9120-213652903a21", "name": "Frutal B\u00e4ckerei", "description": "Die Frutal Versandb\u00e4ckerei in Meiringen ist eine traditionelle Schweizer B\u00e4ckerei, die f\u00fcr ihre Konditoreispezialit\u00e4ten bekannt ist. Sie bietet eine Vielzahl von Backwaren an, darunter Meringues, Macarons, Haslikuchen, Tazelwurm und Glacebiscuits.", "url": "https://frutal.ch/", "image": "https://jrtagpimtsoch.sos-ch-dk-2.exoscale-cdn.com/catalog/2/d/a/d/2dadfc84323f2937c0bccd9dda402cc214ed747f_Frutal_B__ckerei.jpg", "openstreetmap_id": "node/474703692"}, "geometry": {"type": "Point", "coordinates": ["8.1864057", "46.7276933"]}}, {"type": "Feature", "properties": {"identifier": "b3f9ee45-3475-45c0-b7af-4dd64bbcf1e5", "name": "Beim See \"Schynige Platte\"", "description": "<p class=\"MsoNormal\">Eine Ferienwohnung inmitten der Bergwelt. In unmittelbarer\nN\u00e4he zur Skipiste. Mitten im Wanderparadies. Wir freuen uns auf dich.</p><p>\n\n\n\n</p><p class=\"MsoNormal\">\u00dcber den Button gelangst du direkt zum Buchungsportal oder\nkannst eine E-Mail f\u00fcr deine Reservationsanfrage an den Vermieter schicken.<o:p></o:p></p>", "url": "https://www.beimsee-grindelwald.ch", "image": "https://jrtagpimtsoch.sos-ch-dk-2.exoscale-cdn.com/catalog/e/a/a/8/eaa80070b2dca555fe851e8a2d83f3f0c246e8a6_Beim_See_Schynige_Platte_Sommer.jpg", "openstreetmap_id": "node/11427574716"}, "geometry": {"type": "Point", "coordinates": ["7.978402376174928", "46.63740798208511"]}}, {"type": "Feature", "properties": {"identifier": "b55a1533-1d54-4cc1-b655-333da7f0f9d1", "name": "Coiffeur Eiger ", "description": "<p><strong><a href=\"https://www.google.com/maps/place/Coiffeur+Eiger/@46.6234801,8.035543,880m/data=!3m2!1e3!4b1!4m6!3m5!1s0x478f9bfe4f0d3675:0xfc9275b13dc4d79a!8m2!3d46.6234801!4d8.0381179!16s%2Fg%2F1ptx_vl0c?entry=ttu&amp;g_ep=EgoyMDI1MDUxMS4wIKXMDSoASAFQAw%3D%3D\" rel=\"noopener noreferrer\" target=\"_blank\">Zum Ziel navigieren (Google Maps) </a></strong></p><p></p><p></p><p>Eiger Coiffeur in Grindelwald biete professionelle Haarpflege und Styling-Dienstleistungen an. Du kannst einen Termin f\u00fcr Haarschnitt, eine neue oder Haarpflegeprodukte reservieren. Eiger Coiffeur ist bekannt f\u00fcr seine freundliche Atmosph\u00e4re und den pers\u00f6nlichen Service, der auf die individuellen Bed\u00fcrfnisse der Kund*innen eingeht. </p>", "image": "https://jrtagpimtsoch.sos-ch-dk-2.exoscale-cdn.com/catalog/4/0/d/a/40dae96cd744d110e5a0eba8f86686e77035eaa0_KV_EigerResort_Aussenansicht.png", "openstreetmap_id": "map=19/46.623433/8.038114"}, "geometry": {"type": "Point", "coordinates": ["8.038590967167584", "46.623431691279215"]}}, {"type": "Feature", "properties": {"identifier": "b5e3e96f-c9e2-4d1c-90a6-8b3aab4b1530", "name": "Ski- und Snowboardschule M\u00e4nnlichen", "description": "Die Ski -und Snowboardschule M\u00e4nnlichen bietet individuellen Unterricht f\u00fcr Erwachsene, Teens und Kids. Das \u00dcbungsgel\u00e4nde befindet sich direkt bei der Bergstation der M\u00e4nnlichenbahn. Die grandiose Aussicht auf Eiger, M\u00f6nch und Jungfrau gibt es gratis dazu.\n\nDie qualifizierten Skilehrer*innen verf\u00fcgen \u00fcber Fremdsprachenkenntnisse in Deutsch, Englisch, Franz\u00f6sisch, Italienisch, Spanisch, Holl\u00e4ndisch und Russisch. Zudem bietet die Skischule betreutes Mittagessen f\u00fcr die Skischulkinder ab ca. 4 Jahren im Bergrestaurant M\u00e4nnlichen an. Viele bekannte, gr\u00f6sstenteils einheimische, Skilehrer*innen freuen sich, ihr K\u00f6nnen weiterzugeben.\n\nDas Skiparadies ist mit der Gondelbahn von Grindelwald oder der Luftseilbahn ab Wengen erreichbar. Im schneesicheren Skigebiet \u2013 der M\u00e4nnlichen liegt auf 2232 m \u00fc. M. \u2013 ist jede und jeder, vom Beginner bis zum Profi, bestens aufgehoben.", "url": "https://www.skischule-maennlichen.ch/de", "image": "https://jrtagpimtsoch.sos-ch-dk-2.exoscale-cdn.com/catalog/3/7/0/0/37005686b3ee5af95e5052f243864a2d46de1e6a_Skischule_M__nnlichen_1.jpg", "openstreetmap_id": "way/320340598"}, "geometry": {"type": "Point", "coordinates": ["8.036337242998759", "46.623898049999994"]}}, {"type": "Feature", "properties": {"identifier": "b65a9736-af84-454c-8e28-3d2da849c2d0", "name": "Altitude", "description": "Seit 2008 bietet das international qualifizierte Team Ski- und Snowboardunterricht in verschiedenen Sprachen an, unter anderem in Englisch, Schweizerdeutsch, Deutsch und Franz\u00f6sisch. \n\nDar\u00fcber hinaus sind einige der Lehrer*innen speziell ausgebildet f\u00fcr Kinder, nerv\u00f6se G\u00e4ste, Menschen mit Behinderungen, VIPs, Firmengruppen und Teambildung.", "url": "https://www.altitudeskischool.com/wengen/", "image": "https://jrtagpimtsoch.sos-ch-dk-2.exoscale-cdn.com/catalog/a/1/0/4/a104f81aba23f4cba737d38f0a0cc8709f76209e_csm_Altitude_Skischule__4__5114e2c747.jpg", "openstreetmap_id": "node/240096898"}, "geometry": {"type": "Point", "coordinates": ["7.921072840690614", "46.60602430773201"]}}, {"type": "Feature", "properties": {"identifier": "b6837003-b374-4d4c-aefd-e902f04992d1", "name": "Curling Wengen", "description": "<p data-start=\"267\" data-end=\"639\">Curling ist mehr als nur ein Wintersport in der Jungfrau Region. Neben Technik, Pr&auml;zision und Geschicklichkeit z&auml;hlen vor allem Teamgeist, Fairness und gegenseitiger Respekt. Die besondere Kombination aus Konzentration, Strategie und sportlicher Herausforderung macht Curling zu einem unvergesslichen Erlebnis f&uuml;r Gruppen, Firmenanl&auml;sse oder aktive Winterferien in Wengen.</p><p data-start=\"641\" data-end=\"757\" data-is-last-node=\"\" data-is-only-node=\"\">Ob Anf&auml;nger oder erfahrene Spieler &ndash; Curling begeistert mit Spannung, Taktik und geselligem Miteinander auf dem Eis.</p>", "url": "https://wengen.swiss", "image": "https://jrtagpimtsoch.sos-ch-dk-2.exoscale-cdn.com/catalog/1/1/2/9/1129d7370da47eb86252f06e930e46ff6e3a0aed_Stirlingsteine.jpg", "openstreetmap_id": "way/282059913"}, "geometry": {"type": "Point", "coordinates": ["7.922183275222779", "46.606120523838705"]}}, {"type": "Feature", "properties": {"identifier": "b6ad8508-2f2c-49e8-98f9-d65bbb315abb", "name": "Alpk\u00e4serei Winteregg Staubbach ", "description": "<p>Produkte: <br>Alpk&auml;se, Mutschli, Ziegenk&auml;se, Ziger, Joghurt, Butter</p>", "url": "https://www.guidle.com/de/gewerbe/lauterbrunnen/hersteller-gewerbe-und-industrie/alpkaese-aus-dem-lauterbrunnerntal_AkfU7vd", "image": "https://jrtagpimtsoch.sos-ch-dk-2.exoscale-cdn.com/catalog/a/1/b/f/a1bfff43617866eec92940b7259acf3880d190ea_Allgemein_Lauterbrunnen.jpg", "openstreetmap_id": "node/6747228552"}, "geometry": {"type": "Point", "coordinates": ["7.907344", "46.5954852"]}}, {"type": "Feature", "properties": {"identifier": "b6cccc9b-33cc-4e9e-8cc1-d604bada7bb7", "name": "Bergrestaurant Brandegg", "description": "Versuchen Sie unsere beliebten, weltbekannten Apfelk\u00fcchlein mit Vanillesauce, die wir t\u00e4glich frisch backen. Im Herbst servieren wir Wildspezialit\u00e4ten aus einheimischer Jagd.", "url": "https://www.brandegg.ch/", "image": "https://jrtagpimtsoch.sos-ch-dk-2.exoscale-cdn.com/catalog/2/f/5/2/2f52ea66c13a71a7de5e915a2a4e9444453a1b6b_Brandegg.png", "openstreetmap_id": "way/318273153"}, "geometry": {"type": "Point", "coordinates": ["8.010873394892997", "46.60933625"]}}, {"type": "Feature", "properties": {"identifier": "baba99d5-40ec-4071-9120-45abd5c48635", "name": "MischMasch ", "description": "Souvenirs und Geschenke: Stricksachen, selbst gepfl\u00fcckten Wildkr\u00e4utertee, Sirup, Kr\u00e4utersalz, Sch\u00f6nheitsprodukte, kleine Backwaren.", "url": "https://www.instagram.com/mischmasch.gimmelwald/?hl=de", "image": "https://jrtagpimtsoch.sos-ch-dk-2.exoscale-cdn.com/catalog/0/3/3/0/033003e08a8a8df42aef25ca9d14bb0d9cee5311_MischMasch_2_768x432.jpg", "openstreetmap_id": "node/10025642808"}, "geometry": {"type": "Point", "coordinates": ["7.891820734979197", "46.54952848867581"]}}, {"type": "Feature", "properties": {"identifier": "bb061d54-e7db-426e-8efb-1cdbec49c075", "name": "Kleiner und Grosser Diamantstock", "description": "Kleiner Diamantstock \nSch\u00f6nes, s\u00fcdexponiertes Klettergel\u00e4nde. Von der B\u00e4chlitalh\u00fctte in Richtung B\u00e4chligletscher zum Fuss des Kleinen Diamantstocks. Von hier in ca. 10 Seill\u00e4ngen zum Gipfel (zwei Routen). Der Abstieg f\u00fchrt dann etwas nordseitig des Grates in Richtung Osten \u00fcber bizarre Tr\u00fcmmer zur L\u00fccke und \u00fcber Ger\u00f6ll hinunter (Achtung Abseilstelle). \n\nSchwierigkeit: 5a und 5a+\nDauer: ca. 6h\n\nGrosser Diamantstock, Ost-Grat\nAlpine Kletterei in sch\u00f6nstem Granit. Der Zugang erfolgt von der B\u00e4chlitalh\u00fctte \u00fcber den B\u00e4chligletscher in die \u00abUnderi B\u00e4chlilicken\u00bb, wo die Kletterei beginnt. Die gut abgesicherte Route in sch\u00f6nem Granit f\u00fchrt \u00fcber den Ostgrat auf den Gipfel. Der Abstieg erfolgt \u00fcber den SW-Grat oder in Auf und Abs \u00fcber die Westflanke. \n\nSchwierigkeitsgrad: 4a\nDauer: ca. 9h", "image": "https://jrtagpimtsoch.sos-ch-dk-2.exoscale-cdn.com/catalog/c/8/4/6/c846954a572c44effe898bb00e7f41f0f0dc3be2_Diamantstock.jpg", "openstreetmap_id": "node/616718877"}, "geometry": {"type": "Point", "coordinates": ["8.24337", "46.5923337"]}}, {"type": "Feature", "properties": {"identifier": "bcdb151a-6509-4d46-a83d-5edc31011642", "name": "Intersport Kaufmann", "description": "<p><strong><a href=\"https://www.google.com/maps/place/Intersport+Kaufmann/@46.6235399,8.0342547,17z/data=!3m1!5s0x478f9bfe2e34b40f:0xf75d97804af32477!4m7!3m6!1s0x478f9953ea38e8c7:0x5eca3e2c09252645!8m2!3d46.6235399!4d8.036835!11m1!2e1?entry=ttu&amp;g_ep=EgoyMDI1MDIwOS4wIKXMDSoASAFQAw%3D%3D\" rel=\"noopener noreferrer\" target=\"_blank\">Zum Ziel navigieren (Google Maps)</a></strong></p><p></p><p>Als Intersport Fachgesch\u00e4ft ist Kaufmann Sport dem INTERSPORT Rent-Network Jungfrau Region angeschlossen. Bei Kaufmann Sport kann man sowohl Winter- wie auch Sommerausr\u00fcstung erhalten. Im Sportgesch\u00e4ft sind einige Top Marken vertreten.</p>", "url": "http://www.kaufmann-sport.ch", "image": "https://jrtagpimtsoch.sos-ch-dk-2.exoscale-cdn.com/catalog/0/a/f/f/0affeb9eab32f69396db277405f47d302656c8fd_Rentnetwork_KaufannSport_HP608.jpg", "openstreetmap_id": "node/4962563321"}, "geometry": {"type": "Point", "coordinates": ["8.036751577640212", "46.62353399323985"]}}, {"type": "Feature", "properties": {"identifier": "bcfc9294-cd94-4eab-95a0-3e266ef8e4ac", "name": "Kirchhofer V-TIME", "description": "<p><a href=\"https://www.google.ch/maps/place/Kirchhofer+%E2%80%93+V-TIME/@46.6247131,8.0163236,17z/data=!3m1!4b1!4m6!3m5!1s0x478f997f775e168b:0xcb97a49201595e4b!8m2!3d46.6247131!4d8.0188985!16s%2Fg%2F11qp46_9zt?hl=de&amp;entry=ttu&amp;g_ep=EgoyMDI1MDMxOC4wIKXMDSoASAFQAw%3D%3D\" target=\"_blank\" style=\"font-weight: 700;\">Zum Ziel navigieren (Google Maps)</a><span style=\"text-align: center;\"></span></p><p><span style=\"text-align: center;\"><br></span></p><p><span style=\"text-align: center;\">Das Gesch\u00e4ft befindet sich im neuen Terminal des V-Bahn Projekts in Grindelwald Grund, wo die G\u00e4ste in die Gondel zum Jungfraujoch \u2013 Top of Europe einsteigen. Das V-Bahn Projekt ist das innovativste und spannendste Bauprojekt der Alpen. Ideal gelegen in mitten der Alpen, bietet Ihnen Kirchhofer V-TIME ein Luxus-Einkauferlebnis. Das exklusive Shop-Konzept, lichtdurchflutete R\u00e4ume und ein einzigartiger Blick auf die umliegenden Berge, l\u00e4sst Sie in ein echtes und authentisches Uhrenerlebnis eintauchen. Auf 270m2 wird Ihnen pure Uhrenbegeisterung und das Beste gezeigt, was die Uhrenindustrie zu bieten hat.</span></p>", "url": "https://www.kirchhofer.com/", "image": "https://jrtagpimtsoch.sos-ch-dk-2.exoscale-cdn.com/catalog/e/8/8/5/e8851cf2bdef8cfd13f8fb41a4b0c99ad6181214_v_time.jpg", "openstreetmap_id": "map=19/46.625059/8.018852"}, "geometry": {"type": "Point", "coordinates": ["8.018410205841066", "46.62475433379211"]}}, {"type": "Feature", "properties": {"identifier": "bd1524f4-98f1-44b2-a84c-7b60d0f11935", "name": "Restaurant Altitude", "description": "Unter Verwendung der klassischen franz\u00f6sischen K\u00fcche zaubern wir eine verspielte Fusion aus Schweizer Spezialit\u00e4ten und mediterranem Flair. Wir legen einen Wert auf die Handwerkskunst und kreieren 85% aus Eigenproduktion im Haus.\n\nUnser Restaurant Team unter Restaurantleiterin Lea Blaser sowie K\u00fcchenchef Jan Iseli begr\u00fcssen und verw\u00f6hnen auch gerne externe G\u00e4ste.\n\n\u00d6ffnungszeit:\nT\u00e4glich von 12:00 \u2013 23:00 Uhr, letzte Bestellung um 21:30 Uhr", "url": "https://www.beausiteparkhotel.ch/", "image": "https://jrtagpimtsoch.sos-ch-dk-2.exoscale-cdn.com/catalog/1/4/0/a/140a7c04deab8ee131fa086335918ccc4a590117_Restaurant_Altitude_Dining_Room_Mountain_Winter_View_Beausite_Park_Hotel.jpg", "openstreetmap_id": "node/1874698224"}, "geometry": {"type": "Point", "coordinates": ["7.9247768", "46.6086851"]}}, {"type": "Feature", "properties": {"identifier": "be57413b-869a-40a8-87c0-1d4750e2f2e4", "name": "bodmiARENA", "description": "Zentral in Grindelwald gelegen ist die bodmiARENA das perfekte Gel\u00e4nde f\u00fcr Anf\u00e4nger*innen.\n\nIm von der Schweizer Skischule Grindelwald betriebenen Gebiet stehen dir ein F\u00f6rderband und ein Tellerlift zur Verf\u00fcgung. Egal ob beim Skifahren, Schlitteln, Snowtuben oder Spielen \u2013 hier koimmt jede und jeder auf seine Kosten.\n\nMaterial kann direkt bei der Skischule gemietet werden\nParkpl\u00e4tze sind beschr\u00e4nkt verf\u00fcgbar\nBusse halten direkt vor dem \u00dcbungsgel\u00e4nde (Haltestelle Grindelwald, Bodmi)", "url": "https://www.outdoor.ch", "image": "https://jrtagpimtsoch.sos-ch-dk-2.exoscale-cdn.com/catalog/7/3/f/a/73fafe18577efa1b681fe775fc9a0e64c00f6274_bodmiARENA__1_.jpg", "openstreetmap_id": "way/279474185"}, "geometry": {"type": "Point", "coordinates": ["8.040082342812884", "46.62863057372548"]}}, {"type": "Feature", "properties": {"identifier": "be5f01c8-75f0-4763-bde6-59bcda6c4f6d", "name": "Wellness im Hotel Kirchb\u00fchl", "description": "Unsere Saunalandschaft besteht aus einer Finnischen Sauna aus Spaltholz (90\u00b0C), Sanarium aus Altholz (65\u00b0C) sowie Dampfbad mit 100% Luftfeuchtigkeit bei 50\u00b0C.\n\nNacktbereich \u2013 Kinder unter 16 Jahren haben keinen Zutritt.\n\nErholung bieten der stilvolle Ruheraum und eine Lounge, Erfrischungsbrunnen mit Wasser aus der Klecki-Quelle am Fuss des Wetterhorns. \n\nZus\u00e4tzlich direkter Zugang zum Aussenbereich mit herrlicher Alpenluft.", "url": "https://www.kirchbuehl.ch", "image": "https://jrtagpimtsoch.sos-ch-dk-2.exoscale-cdn.com/catalog/6/2/6/5/6265691bfc9bc28baac28a2ea70065b192b0a408_wellness_hotel_kirchb__hl__4_.jpg", "openstreetmap_id": "way/206160445"}, "geometry": {"type": "Point", "coordinates": ["8.045606304837918", "46.62708365"]}}, {"type": "Feature", "properties": {"identifier": "c025e22f-261c-4714-b734-9770b4d71914", "name": "Stotzhalten - 2 Bett Wohnung", "description": "<p class=\"MsoNormal\">Eine Ferienwohnung inmitten der Bergwelt. In unmittelbarer\nN\u00e4he zur Skipiste. Mitten im Wanderparadies. Wir freuen uns auf dich.</p><p>\n\n\n\n</p><p class=\"MsoNormal\">\u00dcber den Button gelangst du direkt zum Buchungsportal oder\nkannst eine E-Mail f\u00fcr deine Reservationsanfrage an den Vermieter schicken.<o:p></o:p></p>", "image": "https://jrtagpimtsoch.sos-ch-dk-2.exoscale-cdn.com/catalog/0/c/b/a/0cba21b8aad72c5d519af753e5c0941ae13ca3bb_Stotzhalten_Sommetr.jpg", "openstreetmap_id": "way/283380513"}, "geometry": {"type": "Point", "coordinates": ["8.035568140116332", "46.6210365"]}}, {"type": "Feature", "properties": {"identifier": "c3268848-e134-4396-a122-e957e8e105d5", "name": "Figeler Wengen", "description": "Keine Warteschlangen und in wenigen Minuten von jedem Hotel und Chalet erreichbar: Das \u00dcbungsgel\u00e4nde f\u00fcr Schneesporteinsteiger*innen befindet sich im Herzen von Wengen, einem Dorf mit Weltcup-Tradition. Die N\u00e4he zu den traditionellen Lauberhornrennen befl\u00fcgelt dich sichtlich in deinem Lernfortschritt.\n\nDas Gel\u00e4nde wird von der Skischule aufgestellt, betrieben und \u00fcberwacht, um so auch die beste Lernplattform f\u00fcr ein erstes Abenteuer im Schnee zu gew\u00e4hrleisten. \n\nIm Snowgarden, der Heimat des Maskottchens \u00abSnowli\u00bb, wird den Kindern auf sichere und lustige Art und Weise das Skifahren beigebracht. Etliche Teppichf\u00f6rderb\u00e4nder und viele lustige Hilfsmittel bereiten den Kindern Freude und vereinfachen w\u00e4hrend den ersten Tagen das Bewegen auf dem Schnee. Eine Betreuungsperson f\u00fchrt und \u00fcberwacht den Bereich w\u00e4hrend des Gruppenunterrichts. Im Skischulhaus k\u00f6nnen sich die Kinder erholen und aufw\u00e4rmen.\n\nDas gesamte \u00dcbungsgel\u00e4nde wird t\u00e4glich frisch gepistet und kann bei wenig Schnee sogar k\u00fcnstlich beschneit werden.\n\nMit der G\u00e4stekarte Wengen sind s\u00e4mtliche Skianlagen im Dorf kostenlos benutzbar.\n\nSchneesporteinsteiger", "url": "https://www.skiwengen.ch", "image": "https://jrtagpimtsoch.sos-ch-dk-2.exoscale-cdn.com/catalog/b/9/8/9/b989bf781660265e6018a4e2fd4a077d8667560e_Wengen_Figeler_kids_winter.jpg", "openstreetmap_id": "way/282059913"}, "geometry": {"type": "Point", "coordinates": ["7.923138141632081", "46.606253010537195"]}}, {"type": "Feature", "properties": {"identifier": "c32e256f-73fd-41f5-aad5-3d7009a2c6d2", "name": "Yv.In Lagis", "description": "<p class=\"ql-align-justify\"><strong><a href=\"https://www.google.ch/maps/place/Yv.In.+Lagis+GmbH/@46.6236477,8.0375422,18.5z/data=!4m6!3m5!1s0x478f9bfe69d4bc4b:0x310aa60354ee47ff!8m2!3d46.6234934!4d8.0376784!16s%2Fg%2F1vc6c974?hl=de&amp;entry=ttu&amp;g_ep=EgoyMDI1MDQxMy4wIKXMDSoASAFQAw%3D%3D\" rel=\"noopener noreferrer\" target=\"_blank\">Zum Ziel navigieren (Google Maps)</a></strong></p><p></p><p>Hier findest du alle Souvenirs, die dein Herz begehrt. Von Sackmessern zu T-Shirts findest du hier alles.</p>", "image": "https://jrtagpimtsoch.sos-ch-dk-2.exoscale-cdn.com/catalog/9/e/0/2/9e029585207e8c07873663c104cd467cff21009c_DSC05243.JPG", "openstreetmap_id": "map=19/46.623455/8.037690"}, "geometry": {"type": "Point", "coordinates": ["8.037668466567995", "46.62349436035081"]}}, {"type": "Feature", "properties": {"identifier": "c3b22d54-1cfd-44d9-b744-d268a45df34a", "name": "Chalet Bossrain Sicht auf Eiger an zentraler Lage", "description": "<p class=\"MsoNormal\">Eine Ferienwohnung inmitten der Bergwelt. In unmittelbarer\nN\u00e4he zur Skipiste. Mitten im Wanderparadies. Wir freuen uns auf dich.<o:p></o:p></p><p class=\"MsoNormal\">\u00dcber den Button gelangst du direkt zum Buchungsportal oder\nkannst eine E-Mail f\u00fcr deine Reservationsanfrage an den Vermieter schicken.</p>", "image": "https://jrtagpimtsoch.sos-ch-dk-2.exoscale-cdn.com/catalog/9/d/c/a/9dca6500bbe4484aec9e0c14ddd64c8b06cead7c_Chalet_Bossrain_Sicht_auf_Eiger.jpg", "openstreetmap_id": "way/279471025"}, "geometry": {"type": "Point", "coordinates": ["8.041315709259141", "46.6255149"]}}, {"type": "Feature", "properties": {"identifier": "c48e036f-345f-4a83-b0fd-d22495dbc8d3", "name": "Hotel Spinne \u2013 Alpine Wellness", "description": "Der einladendende Wellnessbereich ist der perfekte Ort, um die Seele baumeln zu lassen und nach einem sonnigen Ski- oder Wandertag die Muskeln zu entspannen. Tauche ab und sammle neue Kraft f\u00fcr deinen Alltag. Die Wellness-Anlage steht exklusiv den Hotelg\u00e4sten zur Verf\u00fcgung.", "url": "https://www.spinne.ch", "image": "https://jrtagpimtsoch.sos-ch-dk-2.exoscale-cdn.com/catalog/6/e/2/3/6e23d5ad847a957c4908f08e604a2c7462888bb0_Infinitypool_am_Nachmittag_Wellness_Hotel_Spinne_Grindelwald.jpg", "openstreetmap_id": "way/320340621"}, "geometry": {"type": "Point", "coordinates": ["8.038423704656125", "46.623165549999996"]}}, {"type": "Feature", "properties": {"identifier": "c4f0caba-751e-4056-bfc4-987a7f29ae41", "name": "Bergsteigerschule Rosenlaui GmbH", "description": "Das Haslital ist ein Bergsport- und Skitourenzentrum von seltener Vielfalt und grosser Tradition. \n\nDu m\u00f6chtest das Susten- oder Wetterhorn besteigen? Die bestens ausgebildeten Bergf\u00fchrer*innen der Bergsteigerschule Rosenlaui begleiten dich gerne auf die Gipfel der fantastischen Bergwelt im Haslital.", "url": "https://bergsteigerschule-rosenlaui.ch", "image": "https://jrtagpimtsoch.sos-ch-dk-2.exoscale-cdn.com/catalog/c/4/0/9/c409fa536d16285b39857d60410ea5f7a27af349_DSC_0848.JPG", "openstreetmap_id": "way/297321013"}, "geometry": {"type": "Point", "coordinates": ["8.190500736236574", "46.726111091442434"]}}, {"type": "Feature", "properties": {"identifier": "c6bd3264-039d-4cdf-b3de-1c61f558d68d", "name": "3970 Nordwand Br\u00e4u", "description": "Nordwand Br\u00e4u, eine Kleinbrauerei in Grindelwald am Fusse der legend\u00e4ren Eigernordwand, stellt mit erlesenen Zutaten und traditionellen Braumethoden oberg\u00e4rige Biere her. Mit dem reinsten Grindelwalder Bergwasser entwickeln ihre Biere w\u00e4hrend des Brauprozesses einen einzigartigen Charakter. Die Brauerei zelebriert die Grindelwalder Braukunst und produziert ein authentisches Bier, das seinem Namen alle Ehre macht. Die Bierspezialit\u00e4ten der Brauerei sind in Hotels, Bars und Restaurants in der ganze Region erh\u00e4ltlich.", "url": "https://nordwandbraeu.ch/#", "image": "https://jrtagpimtsoch.sos-ch-dk-2.exoscale-cdn.com/catalog/d/2/0/e/d20e59d100979be81928b45b44284aca857011f8_Nordwand_Braeu_0082_scaled.jpg", "openstreetmap_id": "way/348680874"}, "geometry": {"type": "Point", "coordinates": ["8.029841780662538", "46.61691750810862"]}}, {"type": "Feature", "properties": {"identifier": "c7eb1516-3eec-49f9-be31-6f346e2b417b", "name": "Skigebiet Meiringen-Hasliberg", "description": "Familienfreundlichkeit, vielf\u00e4ltige Freizeit- und Sportm\u00f6glichkeiten, aber auch das Bewusstsein f\u00fcr Tradition und kulturelle Eigenheiten zeichnen das Haslital aus. Zwischen 600 und 2500 m \u00fc. M. liegt das wunderbare Ausflugs- und Schneesportgebiet der Bergbahnen Meiringen-Hasliberg. \u00dcber eine halbe Million Schneesportbegeisterte lassen sich hier j\u00e4hrlich aus dem Nebel an die Sonne transportieren. \n\nF\u00fcr gen\u00fcgend abwechslungsreiche Tage auf dem Hasliberg sorgen: 60 Pistenkilometer, 25 km Winterwanderwege, das riesige \u00dcbungsgel\u00e4nde \u00abSkih\u00e4siland\u00bb sowie das Skizentrum. Und weil der gesellschaftliche Teil ebenso wichtig ist wie der sportliche Teil, stehen den G\u00e4sten gen\u00fcgend Restaurants und Pistenbeizli zur Auswahl.", "url": "https://meiringen-hasliberg.ch/", "image": "https://jrtagpimtsoch.sos-ch-dk-2.exoscale-cdn.com/catalog/8/c/a/a/8caa0430c73228756bae58f700677fcd2defff11_Skifahren_auf_dem_Hasliberg.jpg", "openstreetmap_id": "way/601107962"}, "geometry": {"type": "Point", "coordinates": ["8.195393085479738", "46.745242420947285"]}}, {"type": "Feature", "properties": {"identifier": "c9ef951d-de13-4e3f-9b12-45cea6f90907", "name": "Eiger Spa Wellness - Fitness und Soul", "description": "<p>Dabei inspirieren wir dich ganz facettenreich. Was spricht deine Sinne an? Wie m&ouml;chtest du K&ouml;rper, Geist und Seele in Einklang bringen? Ob beim Fitnesstraining, einem Besuch in der Sauna oder im Privat Spa, einer Massage oder einem pers&ouml;nlichen Coaching: Wir unterst&uuml;tzen dich gern, genau das richtige Element f&uuml;r deine pers&ouml;nliche Entwicklung und dein Wohlbefinden zu entdecken. Unser Spa und Fitness Bereich ist auch f&uuml;r Nicht-Hotelg&auml;ste ge&ouml;ffnet.</p>", "url": "https://www.eiger-grindelwald.ch", "image": "https://jrtagpimtsoch.sos-ch-dk-2.exoscale-cdn.com/catalog/4/3/1/c/431c1c3e72558c52f30f5173160e386ae3340a6c_DaySpa.jpg", "openstreetmap_id": "node/5284535683"}, "geometry": {"type": "Point", "coordinates": ["8.0381633", "46.6236709"]}}, {"type": "Feature", "properties": {"identifier": "ca596c39-1665-44b8-b46f-553f8c5f3735", "name": "Mescalero Disco", "description": "Das In-Lokal in Grindelwald. Hier wird w\u00e4hrend der Saison bis in die fr\u00fchen Morgenstunden getanzt und gefeiert. Egal ob bei Livekonzerten oder Themenpartys \u2013 hier sind von Jung bis Junggeblieben alle Nachtschw\u00e4rmer herzlich willkommen.", "url": "https://www.spinne.ch/nightlife/mescalero-disco", "image": "https://jrtagpimtsoch.sos-ch-dk-2.exoscale-cdn.com/catalog/6/f/e/2/6fe2f622f1afc04b6fb5ebd81a8fd049f78348f9_Mescalero_Disco.jpg", "openstreetmap_id": "map=19/46.623167/8.038658"}}, {"type": "Feature", "properties": {"identifier": "ca980c33-79a6-4ac9-9887-c9a3be67cdf1", "name": "Boulderraum", "description": "Bouldern ist Klettern in Absprungh\u00f6he und ohne Seilsicherung. Was zu Beginn eine Trainingsform war, hat sich zu einer eigenst\u00e4ndigen Kletterdisziplin entwickelt \u2013 heute ist es die Trendsportart schlechthin.\n\nAn den Boulderw\u00e4nden mit einer Fl\u00e4che von 170 Quadratmetern kann auf Absprungh\u00f6he so geklettert werden, wie man es sich in der H\u00f6he nie zutrauen w\u00fcrde. Knifflige Kletterbewegungen k\u00f6nnen ausprobiert, die Fingerkraft trainiert und die Koordination und K\u00f6rperbeherrschung mit viel Spass geschult werden.", "url": "https://www.sportzentrum-grindelwald.ch", "image": "https://jrtagpimtsoch.sos-ch-dk-2.exoscale-cdn.com/catalog/3/1/d/1/31d12eab33707e76651a206575e02508c7d47be2_csm_Boulder_Grindelwald_by__1__936ba050d7.jpg", "openstreetmap_id": "way/81742666"}, "geometry": {"type": "Point", "coordinates": ["8.035522339040838", "46.62300125"]}}, {"type": "Feature", "properties": {"identifier": "caa7bc8f-90cd-46b0-8b54-749ba1a1f89c", "name": "Chalet B\u00f6bs Studio", "description": "<p class=\"MsoNormal\">Eine Ferienwohnung inmitten der Bergwelt. In unmittelbarer\nN\u00e4he zur Skipiste. Mitten im Wanderparadies. Wir freuen uns auf dich.&nbsp;</p><p>\n\n\n\n</p><p class=\"MsoNormal\">\u00dcber den Button gelangst du direkt zum Buchungsportal oder\nkannst eine E-Mail f\u00fcr deine Reservationsanfrage an den Vermieter schicken.<o:p></o:p></p>", "image": "https://jrtagpimtsoch.sos-ch-dk-2.exoscale-cdn.com/catalog/8/c/9/0/8c9023c3927e78ee1466b4c28f1bd7e295affd14_M__rren_Chalet_B__bs_Sommer.jpg", "openstreetmap_id": "way/223027170"}, "geometry": {"type": "Point", "coordinates": ["7.891946854009939", "46.5572631"]}}, {"type": "Feature", "properties": {"identifier": "cac0f54d-6730-4893-a539-d7629745da9b", "name": "Grand Bazar Brunner", "description": "<p><a href=\"http://https://www.google.com/maps/place/Grand+Bazar+Brunner/@46.6238227,8.0337933,1070m/data=!3m2!1e3!4b1!4m6!3m5!1s0x478f9b78b80e60db:0x2adc11e2ea8eed7a!8m2!3d46.6238227!4d8.0363682!16s%2Fg%2F11g1lsy77q?entry=ttu&amp;g_ep=EgoyMDI1MDIxNy4wIKXMDSoASAFQAw%3D%3D\" style=\"font-weight: bold;\">Zum Ziel navigieren ( Google Maps ) </a><br></p><p><br></p><p>Grand Bazar Brunner in Grindelwald bietet auf 130m2 eine breite Auswahl an Souvenirs, Bekleidung und Spielwaren. Entdecke handgefertigte Kunstwerke, traditionelle Textilien und originale Geschenkideen. Der Shop l\u00e4dt dazu ein, in entspannter Atmosph\u00e4re durch das vielf\u00e4ltige Sortiment zu st\u00f6ren und die Besonderheit der Region zu entdecken. Ein Besuch im Grand Bazar Brunner verspricht ein einzigartiges Einkaufserlebnis inmitten der malerischen Kulisse von Grindelwald.&nbsp;</p>", "url": "https://www.grandbazar.ch", "image": "https://jrtagpimtsoch.sos-ch-dk-2.exoscale-cdn.com/catalog/6/8/6/0/686009b5ab8bf582aa4e1a9fc20abba560d7f3dc_Grand_bazar_brunner.jpg", "openstreetmap_id": "map=19/46.623901/8.036158"}, "geometry": {"type": "Point", "coordinates": ["8.036145012880352", "46.62389226966938"]}}, {"type": "Feature", "properties": {"identifier": "cc3b2c01-b41b-4508-bc09-58a9dda6eb44", "name": "Eldorado - Klettergebiete am Grimselpass", "description": "Eines der wohl ber\u00fchmtesten Klettergebiete am Grimselpass ist das Eldorado. Eine rund 500 Meter hohe Granitplatte mit Verschneidungen. Wer Reibungskletterei und Rissverschneidungen mag, ist hier genau richtig. Die bekannteste Route im Gebiet ist Mot\u00f6rhead.\n\nRouten:\n\nMot\u00f6rhead 6b: Meist Riss- oder Verschneidungskletterei\nSeptumania 6a+: Vorwiegend Plattenkletterei\nSchweiz Plaisir 6a+: Die ersten L\u00e4ngen Reibungskletterei, danach strukturierter Fels", "url": "https://www.bergsteigerschule-rosenlaui.ch", "image": "https://jrtagpimtsoch.sos-ch-dk-2.exoscale-cdn.com/catalog/3/0/b/6/30b64e6b959717acdbf18b50f8f4344f0b7b5bea_csm_Grimselsee_2_Haslital_Tourismus_8300294fb9.jpg", "openstreetmap_id": "node/3407346137"}, "geometry": {"type": "Point", "coordinates": ["8.3342965", "46.572313"]}}, {"type": "Feature", "properties": {"identifier": "cd7141e8-4165-4875-8fcd-122517627206", "name": "Hallenschwimmbad M\u00fcrren", "description": "<p>Kraulen, Planschen oder sich treiben lassen im Bergdorf \u2013 das Hallenschwimmbad im Alpinen Sportzentrum M\u00fcrren eignet sich sowohl f\u00fcr genussvolles Freizeitschwimmen als auch f\u00fcr ambitioniertes Sportschwimmen. Die Anlage ist ideal f\u00fcr Schwimmklubs, die ein Wochenende oder eine ganze Woche lang trainieren m\u00f6chten. Vormittags kann das Becken von Sportgruppen gemietet werden. F\u00fcr die Zeit vor und nach dem Training stehen zudem zahlreiche weitere Trainingsm\u00f6glichkeiten zur Verf\u00fcgung. INFRASTRUKTUR Becken 25x11 m, 28\u00b0 Sprudelbecken 33\u00b0 Kinderbecken 34\u00b0 Outdoor Whirlpool 37\u00b0 Garderoben f\u00fcr Damen, Herren und Familien Duschen, Toiletten Das Schwimmbad enth\u00e4lt nur wenig Chlor. STANDORT Das Hallenbad befindet sich im Alpinen Sportzentrum M\u00fcrren</p>", "image": "https://jrtagpimtsoch.sos-ch-dk-2.exoscale-cdn.com/catalog/3/1/9/b/319b0058897371436b710df65c55c6b285b94d2d__JRT8791.jpg", "openstreetmap_id": "way/548551235"}, "geometry": {"type": "Point", "coordinates": ["7.895324281060606", "46.562483"]}}, {"type": "Feature", "properties": {"identifier": "ce1702b0-4061-47f4-879f-78947cd3be76", "name": "Rooftop Wellness Hotel Kreuz & Post", "description": "Das Rooftop Wellness bietet \u2013 neben einer einzigartigen Sicht \u2013 folgende Angebote:\n\n    Finnische Sauna\n    Salz-Sauna\n    Dampfbad\n    Infrarotkabine\n    Ruhebereich mit Cocoon Relax-Liegen\n    Erlebnis Fussbeckenanlage\n\n...und nach dem Saunabesuch einfach raus auf die Dachterrasse und tief durchatmen und entspannen!", "url": "https://www.kreuz-post.ch/de", "image": "https://jrtagpimtsoch.sos-ch-dk-2.exoscale-cdn.com/catalog/a/f/3/f/af3ff72fa85dabfe32c737c23b47faec3975bb6b_rooftop_wellness_hotel_kreuz_und_post__4_.jpg", "openstreetmap_id": "way/320340622"}, "geometry": {"type": "Point", "coordinates": ["8.034180243484641", "46.62458205"]}}, {"type": "Feature", "properties": {"identifier": "cf676f4b-5c4e-44e1-8739-6916e9d23780", "name": "OUTDOOR \u2013 Bergsportschule Grindelwald", "description": "Die Bergsportschule Grindelwald hat das ganze Jahr unvergessliche Naturerlebnisse in ihrem Angebot \u2013 f\u00fcr Einsteiger*innen, aber auch f\u00fcr Bergprofis. Hier kannst du deine Bergkarriere starten, Neues kennenlernen, Bekanntes weiterentwickeln und sorglos die Natur geniessen. Egal ob ein Grundkurs im Bergsteigen, eine Skitour auf die Jungfrau oder eine Gipfelbesteigung via Mittellegigrat auf den Eiger.", "url": "https://outdoor.ch/de/bergsportschule/", "image": "https://jrtagpimtsoch.sos-ch-dk-2.exoscale-cdn.com/catalog/2/4/d/8/24d87fde8673ee4df17b8dc1c81f962c1484f35e_grindelwaldSPORTS_Bergsportschule__3_.jpg", "openstreetmap_id": "node/4370627488"}, "geometry": {"type": "Point", "coordinates": ["8.0353585", "46.6243265"]}}, {"type": "Feature", "properties": {"identifier": "cfdb8a60-4b7b-4787-9aca-c1c40c200f4c", "name": "Bier-Bottich-Bad", "description": "Ein Bad in den naturbelassenen Inhaltsstoffen des Gerstensafts, das Eintauchen in das w\u00fcrzig duftende und sch\u00e4umende Biertrub wird zu einem unvergesslichen Erlebnis. Im Bier-Bottich-Bad vereint sich das Bed\u00fcrfnis nach Entspannung, K\u00f6rper- und Gesundheitspflege in wohl einzigartiger Form mit Unterhaltung und Geselligkeit.", "url": "https://hotel-hof-post.ch", "image": "https://jrtagpimtsoch.sos-ch-dk-2.exoscale-cdn.com/catalog/0/f/0/3/0f03f7cebbca1a5c2d7f7f5a3937e1f096f674af_bier_bottich_bad.jpg", "openstreetmap_id": "node/1842502215"}, "geometry": {"type": "Point", "coordinates": ["8.2294363", "46.7062022"]}}, {"type": "Feature", "properties": {"identifier": "d10f2a09-3c7d-4dbf-b8d1-0f783b5c4c41", "name": "Ital-Max", "description": "<p><a href=\"https://www.google.ch/maps/place/Dorfstrasse+165,+3818+Grindelwald/@46.6240258,8.040616,19.75z/data=!4m10!1m2!2m1!1sdorfstrasse+165!3m6!1s0x478f9bfeb94e03e1:0x589088583b1e6c16!8m2!3d46.6242147!4d8.0411507!15sCg9kb3Jmc3RyYXNzZSAxNjWSARFjb21wb3VuZF9idWlsZGluZ-ABAA!16s%2Fg%2F11bw4prxx4?hl=de&amp;entry=ttu&amp;g_ep=EgoyMDI1MDMwNC4wIKXMDSoASAFQAw%3D%3D\" target=\"_blank\" style=\"font-weight: 700;\">Zum Ziel navigieren (Google Maps)</a></p><p><br></p><p>Der kleine Lebensmittelladen in Grindelwald bietet dir eine Auswahl an italienischen Produkten. Hier findest du hochwertige Weine, Alkohol, Getr\u00e4nke, regionale K\u00e4sesorten, leckere Pasta und s\u00fcsses Geb\u00e4ck \u2013 alles, was du f\u00fcr einen besonderen Genuss brauchst!</p>", "image": "https://jrtagpimtsoch.sos-ch-dk-2.exoscale-cdn.com/catalog/6/9/b/c/69bc8d79b847668e7be13bea9b1e11f78b40f4ee_DSC05204.JPG", "openstreetmap_id": "map=19/46.624282/8.041292"}, "geometry": {"type": "Point", "coordinates": ["8.04130017757416", "46.62425699359382"]}}, {"type": "Feature", "properties": {"identifier": "d27b8af9-b4de-4f78-9194-445303af8bf2", "name": "Freibad Hellbach Grindelwald", "description": "<p><strong><a href=\"https://www.google.ch/maps/place/Freibad+Hellbach/@46.6234642,8.0231344,17z/data=!3m1!4b1!4m6!3m5!1s0x478f997d5c78e66f:0x14ba3972fe271c39!8m2!3d46.6234642!4d8.0257093!16s%2Fg%2F11v_4s78yp?hl=de&amp;entry=ttu&amp;g_ep=EgoyMDI0MTIxMS4wIKXMDSoASAFQAw%3D%3D\" rel=\"noopener noreferrer\" target=\"_blank\">Zum Ziel navigieren (Google Maps)</a></strong></p><p></p><p>Das Freibad Hellbach ist der ideale Ort, um sich zu entspannen und zu erholen. Schwimmbecken (25 m) Becken f\u00fcr Nichtschwimmer (20 m) mit 45 m Rutschbahn Kinderbassin (ca. 8 m Rundbecken) mit Sonnensegel Wasserfall mit Nackendusche Sprudelanlage Liegewiese Spielwiese Tischtennis Fitnesskurse</p>", "url": "https://www.gemeinde-grindelwald.ch/wohnen-arbeit/freibad-hellbach/", "image": "https://jrtagpimtsoch.sos-ch-dk-2.exoscale-cdn.com/catalog/c/e/4/a/ce4acb7c554f2a95955c42dc957334a08b7afb23_Freibad_Grindelwald_Wasser.jpg", "openstreetmap_id": "node/6575018185"}, "geometry": {"type": "Point", "coordinates": ["8.025845289230348", "46.62357913769067"]}}, {"type": "Feature", "properties": {"identifier": "d3841d55-623f-4c61-911e-909c762d6fae", "name": "OUTDOOR \u2013 Schweizer Skischule Grindelwald", "description": "Egal ob Ski, Snowboard, Langlauf, Telemark, Freestyle oder Freeride. Bei der Schweizer Skischule Grindelwald sind von klein bis gross alle herzlich willkommen \u2013 und das seit 1937.\n\nIn kleinen Gruppen und nach den Richtlinien von Swiss Snowsports werden alle Levels unterrichtet. Und wenn du einen auf deine pers\u00f6nlichen Bed\u00fcrfnisse abgestimmten Unterricht w\u00fcnschst, ist Privatunterricht genau das Richtige f\u00fcr dich.\n\nDas eigene Anf\u00e4ngergel\u00e4nde, die bodmiARENA mitten in Grindelwald, bietet mit Tellerlift, Zauberteppich und Schlitteln nicht nur die perfekte Infrastruktur f\u00fcr Anf\u00e4nger*innenunterricht, sondern auch Spass f\u00fcr die ganze Familie. Und nat\u00fcrlich kann auch in allen anderen Regionen der Jungfrau Region Unterricht gebucht werden \u2013 von der First, \u00fcber den M\u00e4nnlichen und die Kleine Scheidegg bis zum Skigebiet M\u00fcrren-Schilthorn.", "url": "https://outdoor.ch/de/schweizer-skischule-grindelwald/", "image": "https://jrtagpimtsoch.sos-ch-dk-2.exoscale-cdn.com/catalog/3/e/7/2/3e7290bb436fe9827d7908c300d2bc125b1e26d0_grindelwaldSports__1_.jpg", "openstreetmap_id": "node/4370627488"}, "geometry": {"type": "Point", "coordinates": ["8.0353585", "46.6243265"]}}, {"type": "Feature", "properties": {"identifier": "d3cbc210-61d0-4831-a502-d6037a5f70a4", "name": "Restaurant Pinte", "description": "<p>In der traditionsreichen Gaststube \u00abPinte\u00bb treffen seit jeher lokale Stammg\u00e4ste auf reisende Abenteurer, erfreuen sich an der guten Schweizer K\u00fcche und stossen auf das Leben an. Das Hotel Bellevue-Pinte ist das \u00e4lteste Hotel in Grindelwald und geh\u00f6rt zur Bergwelt Grindelwald, dem neuen Alpine Design Resort.</p>", "url": "https://bellevue-pinte.ch/", "image": "https://jrtagpimtsoch.sos-ch-dk-2.exoscale-cdn.com/catalog/c/d/4/5/cd459801cdae2840dc5dd63af1c188fcfa9f90e5_dariasofie_8818.jpg", "openstreetmap_id": "way/546891163"}, "geometry": {"type": "Point", "coordinates": ["8.03953528404236", "46.6236158630776"]}}, {"type": "Feature", "properties": {"identifier": "d4d53365-09e0-4a78-9ee4-54427921543c", "name": "Pizzeria Gasthof B\u00e4ren", "description": "Mit purer Italianit\u00e0, grosser Lebensfreude und maximalem K\u00f6nnen erobert die aufgestellte Belegschaft des Hotel B\u00e4ren dein Herz und deinen Magen.\n\nPasta und Pizza werden nach alten Rezepten und mit viel Herzblut stets hausgemacht und frisch zubereitet \u2013 und sie warten nur darauf, von gl\u00fccklichen G\u00e4sten gekostet zu werden.\n\nNach einem wilden, kr\u00e4ftezehrenden Konzert im Hotel Wetterhorn, kannst du dich mit knuspriger, herzhafter Pizza wieder aufp\u00e4ppeln lassen. Diese wird n\u00e4mlich gleich ins Haus geliefert. Echt? Ja, denn das Hotel B\u00e4ren geh\u00f6rt neu zur Sinnvoll Gastro und wird vom Wetterhorn aus geleitet.\n\nNeugierig geworden? Schwing dich den Berg hoch und lass dich verw\u00f6hnen. Das Tessin reicht viel weiter n\u00f6rdlich als man glaubt. Es beginnt schon auf dem Br\u00fcnigpass.", "url": "https://sinnvollgastro.ch/unsere-betriebe/gasthof-baeren", "image": "https://jrtagpimtsoch.sos-ch-dk-2.exoscale-cdn.com/catalog/0/8/9/e/089e755a40b3572442ec20ef4b0c9ee30a4f339b_Pizzeria_Gasthof_B__ren.jpg", "openstreetmap_id": "way/291503659"}, "geometry": {"type": "Point", "coordinates": ["8.169911669172103", "46.7522656"]}}, {"type": "Feature", "properties": {"identifier": "d7b7bce9-cc36-4145-b36d-a723b094f812", "name": "Airtime Caf\u00e9", "description": "Das Airtime Caf\u00e9 in Lauterbrunnen bietet eine einzigartige Mischung aus einem Caf\u00e9 und einer NFT-Galerie. Das Caf\u00e9 befindet sich in der Strasse Auf der Fuhren 452d und ist bekannt f\u00fcr sein exklusives Staubbach-Bier, das nur vor Ort erh\u00e4ltlich ist. Das Caf\u00e9 bietet ausserdem eine Vielzahl von Speisen und Getr\u00e4nken an, darunter auch eine spezielle Eisschokolade mit Alkohol.", "url": "https://airtime.ch/", "image": "https://jrtagpimtsoch.sos-ch-dk-2.exoscale-cdn.com/catalog/b/7/7/e/b77ea08367e71ee1c8a403abd5aa4bc76810d0b5_PIM_Eintrag_Caf___Lauterbrunnen.jpg", "openstreetmap_id": "way/226930310"}, "geometry": {"type": "Point", "coordinates": ["7.907276726109892", "46.5951042"]}}, {"type": "Feature", "properties": {"identifier": "d9223f97-0cf7-4a02-aad0-30b3eb752fab", "name": "Eiger Spa Massagen - Fitness und Soul", "description": "<p>Unsere Massagen werden ganz auf deine W\u00fcnsche und Bed\u00fcrfnisse abgestimmt. Du w\u00e4hlst nach Gef\u00fchl und Bedarf die ben\u00f6tigte Form und Dauer der Ber\u00fchrung aus und unsere Therapeuten wenden ihr breites Wissen und K\u00f6nnen f\u00fcr eine passende Behandlungsart an. Der Fokus bist ganz klar du! Gerne verw\u00f6hnen wir dich mit unseren nat\u00fcrlichen und wohltuenden Alpinen Produkten (Kraft der Alpen).</p><p><ul></ul></p><ul><li>Soul Massage</li><li>Klassische Massage</li><li>Paarmassage</li><li>Shiatsu</li><li>Fuss Reflexzonen Massage</li></ul><p></p>", "url": "https://www.eiger-grindelwald.ch", "image": "https://jrtagpimtsoch.sos-ch-dk-2.exoscale-cdn.com/catalog/0/0/1/3/00139bf323014987db527cda2d4a04e0bf716482_Massage.jpg", "openstreetmap_id": "map=19/46.623680/8.038183"}, "geometry": {"type": "Point", "coordinates": ["8.038178086280825", "46.62369935918401"]}}, {"type": "Feature", "properties": {"identifier": "d95f545f-1d2c-4626-9990-76e5c7eb3b50", "name": "\u00dcbungsgel\u00e4nde Schneesport M\u00fcrren", "description": "Achtung, fertig, Stemmbogen! Auf dem leicht schr\u00e4gen Gel\u00e4nde lernen hier Anf\u00e4nger*innen die ersten Kurven auf dem Schnee zu machen. Die Skischule freut sich \u00fcber neue Gesichter und hilft mit Freude, das Ski- und Snowboardfahren zu erlernen.\n\nDie Lifte werden von der Schweizer Skischule betrieben, das Skischulb\u00fcro befindet sich gleich nebenan.\nDie Beaufsichtigung der Lifte wird durch die Schneesportlehrer*innen gew\u00e4hrleistet. Der Skischulunterricht hat Vorrang.&nbsp;", "url": "https://www.skischule-muerren.ch", "image": "https://jrtagpimtsoch.sos-ch-dk-2.exoscale-cdn.com/catalog/2/0/1/a/201a0f35b80b1db2b1462b41e7999df2c6518973_Uebungsgelaende_Muerren.jpg", "openstreetmap_id": "node/8956531490"}, "geometry": {"type": "Point", "coordinates": ["7.893826961517335", "46.56162040486761"]}}, {"type": "Feature", "properties": {"identifier": "da5a01be-2853-41c1-90e4-689484002e42", "name": "Bank BEKB Grindelwald", "description": "<p><strong><a href=\"https://www.google.com/maps/place/Berner+Kantonalbank+AG+BEKB+%7C+BCBE/@46.6242421,8.0326673,880m/data=!3m2!1e3!4b1!4m6!3m5!1s0x478f99559380f155:0x6bfd6f867cb62f2e!8m2!3d46.6242421!4d8.0352422!16s%2Fg%2F1tk66ls8?entry=ttu&amp;g_ep=EgoyMDI1MDQxMy4wIKXMDSoASAFQAw%3D%3D\" rel=\"noopener noreferrer\" target=\"_blank\">Zum Ziel navigieren (Google Maps) </a></strong></p><p></p><p></p><p>Die Berner Kantonalbank (BEKB) bietet in ihrer Filiale in Grindelwald umfassende Bankdienstleistungen an. Du findest sie an der Dorfstrasse 101.</p>", "image": "https://jrtagpimtsoch.sos-ch-dk-2.exoscale-cdn.com/catalog/6/7/b/7/67b7aff853355371d7fb70e3f543af6cdb7578fe_DSC05275.JPG", "openstreetmap_id": "map=19/46.624230/8.035179"}, "geometry": {"type": "Point", "coordinates": ["8.035245610533753", "46.624232424379166"]}}, {"type": "Feature", "properties": {"identifier": "db9d3a94-bf49-488c-85cc-b9c1d52e2f8e", "name": "Nirggen 2 Bett Wohnung Studio", "description": "<p class=\"MsoNormal\">Eine Ferienwohnung inmitten der Bergwelt. In unmittelbarer\nN\u00e4he zur Skipiste. Mitten im Wanderparadies. Wir freuen uns auf dich.</p><p>\n\n\n\n</p><p class=\"MsoNormal\">\u00dcber den Button gelangst du direkt zum Buchungsportal oder\nkannst eine E-Mail f\u00fcr deine Reservationsanfrage an den Vermieter schicken.<o:p></o:p></p>", "url": "https://www.holidays-grindelwald.ch", "image": "https://jrtagpimtsoch.sos-ch-dk-2.exoscale-cdn.com/catalog/6/5/b/d/65bde62a2bbad00645df8ec354085579e95d1371_Nirggen_Sommer.jpg", "openstreetmap_id": "way/283423233"}, "geometry": {"type": "Point", "coordinates": ["8.027409152815206", "46.6219239"]}}, {"type": "Feature", "properties": {"identifier": "dbe8523d-df3a-46df-97ec-094869dfa005", "name": "Photo Fritz Wengen", "description": "Das \u00abPhoto-House\u00bb wurde 1926 von Walter Gabi gebaut. Fritz Lauener \u00fcbernahm das Gesch\u00e4ft von seinem Lehrmeister Julius Burch 1961 und \u00e4nderte den Namen in \u00abFotoFritz\u00bb. Mit der Zeit wandelte sich das Gesch\u00e4ft vom reinen Fotogesch\u00e4ft zu einem Souvenirgesch\u00e4ft mit Fotoartikeln, Ausr\u00fcstung, Zubeh\u00f6r und Spielwaren. Fritz und Therese Lauener-Juillerat\u2018s Sohn Christian Lauener f\u00fchrt das Gesch\u00e4ft seit 2014, um unsere nationalen und internationalen G\u00e4ste hier in Wengen zu bedienen.", "url": "https://www.photofritz.ch", "image": "https://jrtagpimtsoch.sos-ch-dk-2.exoscale-cdn.com/catalog/a/9/a/e/a9aed190e24e6551ae177c466b3427515dfffa9c_WengenWinter.jpg", "openstreetmap_id": "way/25074736"}, "geometry": {"type": "Point", "coordinates": ["7.9209979", "46.6059345"]}}, {"type": "Feature", "properties": {"identifier": "dccf4252-e15e-4f34-b8f9-143f25f8e417", "name": "Curling M\u00fcrren", "description": "<p>Vor dem Panorama von Eiger, M&ouml;nch und Jungfrau auf dem Freiluft-Feld zu spielen, ist f&uuml;r viele G&auml;ste ein Highlight.<br><br>Neben individuellem Curling werden in M&uuml;rren auch verschiedene Turniere ausgetragen. Lust teilzunehmen oder in einer privaten Curling-Lektion den Sport kennenzulernen? Das Team vom Alpinen Sportzentrum beantwortet gerne deine Fragen und nimmt Anmeldungen entgegen. <br><br>Curling hat in M&uuml;rren eine lange Tradition. Der erste Curling Club wurde 1911 gegr&uuml;ndet und hiess &laquo;M&uuml;rren CC&raquo;. 1934 wurde dann der noch heute existierende &laquo;CC M&uuml;rren-T&auml;chi&raquo; gegr&uuml;ndet. <br><br>Auf dem grossen Eisfeld vor dem Sportzentrum befinden sich sechs Rinks.&nbsp;Das Indoorfeld bietet weitere drei Rinks.<br><br>Alles n&ouml;tige Material f&uuml;r Curling und Eisstockschiessen wie Steine, Besen und Slider stehen zur Verf&uuml;gung. <br><br>Zudem haben wir Curlingplausch f&uuml;r Gruppen im Angebot &ndash; Ap&eacute;ro inklusive. Dabei wirst du in die Geheimnisse des Curlings (falls gew&uuml;nscht auch Eisstockschiessens) eingeweiht und erh&auml;ltst Tipps, wie sich das Spiel einfach erlernen l&auml;sst. Im Curling treten jeweils zwei Viererteams gegeneinander an. Im Caf&eacute; Hugs &amp; Cups kannst du den Abend dann mit einem w&auml;rmenden Ap&eacute;ro ausklingen lassen.<br><br></p>", "url": "https://www.sportzentrum-muerren.ch/", "image": "https://jrtagpimtsoch.sos-ch-dk-2.exoscale-cdn.com/catalog/1/f/3/3/1f33e4ea9f567f1f9c5d14098edcdec722c8e4db_curling_muerren.jpg", "openstreetmap_id": "way/548551235"}, "geometry": {"type": "Point", "coordinates": ["7.895324281060606", "46.562483"]}}, {"type": "Feature", "properties": {"identifier": "de1e3a39-28f9-4658-a9c8-eed23540ad29", "name": "Hotel Jungfrau", "description": "Unser Hotel liegt direkt gegen\u00fcber einem der spektakul\u00e4rsten Wasserf\u00e4lle der Region \u2013 dem Staubbachfall. Dieses Wahrzeichen von Lauterbrunnen, der h\u00f6chste frei fallende Wasserfall der Schweiz mit einer H\u00f6he von 297 Metern, ist von den Fenstern unseres Hotels aus in seiner ganzen Pracht zu sehen. Das Hotel Jungfrau bietet nicht nur eine einzigartige Lage, sondern auch eine warme, freundliche Atmosph\u00e4re und hochwertige Dienstleistungen, die Ihren Aufenthalt bei uns unvergesslich machen werden. Wir bieten Ihnen komfortabel eingerichtete Zimmer mit Blick auf die umliegenden Berge und Wasserf\u00e4lle, die Ihnen die gew\u00fcnschte Entspannung und Ruhe garantieren. ", "url": "https://jungfrau-lauterbrunnen.ch/", "image": "https://jrtagpimtsoch.sos-ch-dk-2.exoscale-cdn.com/catalog/1/6/3/5/1635c68d255553540b22885c3b2d444c59d6d753_Hotel_Jungfrau.jpg", "openstreetmap_id": "node/954628067"}, "geometry": {"type": "Point", "coordinates": ["7.907101", "46.5939409"]}}, {"type": "Feature", "properties": {"identifier": "ded27ba9-070d-4adb-a41f-bfae67d5fa93", "name": "Engstlenalp", "description": "Der Fels rund um die Engstlenalp ist griffig, die Absicherung gut und  das Panorama wunderbar. Im Gebiet gibt es \u00fcber 70 Routen von 4c bis 7a. Die meisten sind Seill\u00e4ngen, wenige zwei oder mehr L\u00e4ngen. An einem heissen Sommertag l\u00e4dt der Engstlensee zu einem erfrischenden Bad ein. Zum \u00dcbernachten empfiehlt sich das Hotel Engstlenalp. \n\nSchwierigkeitsgrad: 4c - 7a", "url": "https://www.bergsteigerschule-rosenlaui.ch", "image": "https://jrtagpimtsoch.sos-ch-dk-2.exoscale-cdn.com/catalog/6/a/e/3/6ae33c52c1baa45e7d4a606cc3669ad1013e92ea_Engstlenalp_Haslital_Sommer_byDavidBirri.jpg", "openstreetmap_id": "node/314745995"}, "geometry": {"type": "Point", "coordinates": ["8.340554237365724", "46.77981888218351"]}}, {"type": "Feature", "properties": {"identifier": "dedaa39d-153c-4283-93b8-e6989b77135c", "name": "OstheoAspi", "description": "<p><a href=\"https://www.google.com/maps/place/OsteoAspi,+Francis+Geldof/@46.6169582,8.0415845,2319m/data=!3m2!1e3!4b1!4m6!3m5!1s0x478f9c0645c5e991:0xe1678f781ab23a0!8m2!3d46.6169545!4d8.0441594!16s%2Fg%2F11bbrn0cbq?entry=ttu&amp;g_ep=EgoyMDI0MTEyNC4xIKXMDSoASAFQAw%3D%3D\" target=\"_blank\" style=\"font-weight: bold;\">Zum Ziel navigieren (Google Maps)</a></p><p><br></p><p>Im Aspi bieten wir ein vielf\u00e4ltiges Angebot, das darauf ausgerichtet ist, Ihr Wohlbefinden zu f\u00f6rdern und zu steigern. Unser erfahrenes Team steht Ihnen mit einer umfassenden Beratung zur Seite, um gemeinsam mit Ihnen die f\u00fcr Sie passende Behandlung zu finden. Wir nehmen uns die Zeit, Ihre individuellen Bed\u00fcrfnisse zu verstehen und bieten massgeschneiderte L\u00f6sungen, die auf Ihre Gesundheit und Ihr Wohlgef\u00fchl abzielen. Z\u00f6gern Sie nicht, uns anzusprechen, damit wir Ihnen bei der Wahl der richtigen Therapie helfen k\u00f6nnen.</p>", "url": "https://www.osteoaspi.ch/", "image": "https://jrtagpimtsoch.sos-ch-dk-2.exoscale-cdn.com/catalog/8/f/7/b/8f7be3e064fa98be9f611551bd037a20054b850e_Screenshot_2024_11_29_094011.png", "openstreetmap_id": "way/358443017"}, "geometry": {"type": "Point", "coordinates": ["8.044165647147912", "46.6169812"]}}, {"type": "Feature", "properties": {"identifier": "e0d02dc5-6e29-4ca5-98ad-fb2e90aa0f28", "name": "Fanky's", "description": "<p style=\"margin: 0in;\"><span style=\"background-image: initial; background-position: initial; background-size: initial; background-repeat: initial; background-attachment: initial; background-origin: initial; background-clip: initial; font-weight: bold;\"><a href=\"https://www.google.ch/maps/place/Fanky's+Irene+Fankhauser/@46.6243883,8.0430088,21z/data=!4m6!3m5!1s0x478f9b00410d6d49:0xf8803d544c1c6701!8m2!3d46.6245457!4d8.0429225!16s%2Fg%2F11y45d8r5x?entry=ttu&amp;g_ep=EgoyMDI1MDMxOS4yIKXMDSoASAFQAw%3D%3D\" target=\"_blank\">Zum Ziel navigieren (Google Maps)</a></span></p><p style=\"margin: 0in;\"><span style=\"background-image: initial; background-position: initial; background-size: initial; background-repeat: initial; background-attachment: initial; background-origin: initial; background-clip: initial; font-weight: bold;\"><br></span></p><p style=\"margin: 0in;\"><br></p><p style=\"margin: 0in;\">Ein vielf\u00e4ltiges Sortiment an Unterw\u00e4sche, Nachtw\u00e4sche, Modeschmuck, Wolle mit Zubeh\u00f6r sowie Holzspielzeug, Kinderb\u00fcchern und liebevollen Accessoires f\u00fcr Babys.</p>", "image": "https://jrtagpimtsoch.sos-ch-dk-2.exoscale-cdn.com/catalog/6/d/f/1/6df1b362174d3d58268f06e172650937f4eafe91_DSC05219.JPG", "openstreetmap_id": "map=19/46.624381/8.043583"}, "geometry": {"type": "Point", "coordinates": ["8.042829036712648", "46.62440436164195"]}}, {"type": "Feature", "properties": {"identifier": "e11b743e-6c17-4fb1-b68c-1a0116106bc6", "name": "Intersport Rent-Network Terminal", "description": "<p class=\"MsoNormal\"><a href=\"https://www.google.com/maps/place/INTERSPORT+Rent-Network+Grindelwald+Terminal+Switzerland/@46.6249201,8.0181635,19.25z/data=!4m6!3m5!1s0x478f994d52393e1b:0x61c182c5113b5501!8m2!3d46.6245955!4d8.0189507!16s%2Fg%2F1tj3jzvj?entry=ttu&amp;g_ep=EgoyMDI1MDIwMy4wIKXMDSoASAFQAw%3D%3D\" target=\"_blank\" style=\"font-weight: bold;\">Zum Ziel navigieren (Google Maps)</a></p><p class=\"MsoNormal\"><br></p><p class=\"MsoNormal\">Intersport Rent-Network in Grindelwald bietet eine breite Palette an Ausr\u00fcstungsverleih f\u00fcr Sommer- und Wintersportarten. Mit f\u00fcnf Standorten in der Region, darunter das Grindelwald Terminal, die Bergstation First, die Bergstation M\u00e4nnlichen, das Hotel Sunstar und eine Filiale in Lauterbrunnen, ist es einfach, Ausr\u00fcstung f\u00fcr Aktivit\u00e4ten wie Skifahren, Snowboarden oder Mountainbiken zu mieten, je nach Saison.</p><p class=\"MsoNormal\">Neben dem Verleih bietet Intersport Rent-Network auch den Verkauf von Sportger\u00e4ten an. Eine Online-Reservierung der Ausr\u00fcstung ist ebenfalls m\u00f6glich, was die Planung der Aktivit\u00e4ten erleichtert.</p><p class=\"MsoNormal\">Die Gesch\u00e4fte sind w\u00e4hrend der Wintersaison t\u00e4glich ge\u00f6ffnet, wobei die \u00d6ffnungszeiten je nach Standort variieren. Weitere Details zu den Preisen und dem Verleihangebot sind auf der Website von Intersport Rent-Network verf\u00fcgbar.</p>", "url": "http://www.rentnetwork.ch", "image": "https://jrtagpimtsoch.sos-ch-dk-2.exoscale-cdn.com/catalog/e/3/a/0/e3a05d942b4df9ed82107b86c6d9fad4bfe0dc43_Rent_Network_Terminal.jpg", "openstreetmap_id": "map=19/46.624413/8.019242"}, "geometry": {"type": "Point", "coordinates": ["8.018683447716352", "46.62468088927518"]}}, {"type": "Feature", "properties": {"identifier": "e1ef2b7d-4188-4ded-90da-87e140e879a6", "name": "Wellness im Grand Hotel Belvedere", "description": "<p>Das oberhalb des Lauterbrunnentals gelegene Grand Hotel Belvedere besticht durch seinen atemberaubenden Blick auf die Jungfrau und vermittelt sofort ein Gef&uuml;hl von Ruhe und Geborgenheit. Inmitten der Berglandschaft und im Einklang mit der Natur beginnt hier Ihre ganz pers&ouml;nliche Wellness-Reise. Den Auftakt bildet unser Spa, das sich nahtlos in die Landschaft einf&uuml;gt und eine wunderbare Aussicht auf die umliegenden G&auml;rten und W&auml;lder bietet. Einfach &uuml;berw&auml;ltigend! Spa-Behandlungen:</p><ul><li>Susanne Kaufmann K&ouml;rpermassage 60 Min., CHF 190</li><li>Glow Facial 60 Min., CHF 210</li><li>Taste of Stillness (Day Spa mit Mittagessen auf unserer belebten Terrasse im Sonnenbad)</li><li>Morning Ritual (Day Spa mit Fr&uuml;hst&uuml;ck inkl. Produkten aus der Region)</li></ul><p>&nbsp;</p>", "url": "https://www.beaumier.com/de/properties/grand-hotel-belvedere/", "image": "https://jrtagpimtsoch.sos-ch-dk-2.exoscale-cdn.com/catalog/c/c/f/6/ccf6c6eedd6c071bffa3ecbf181e4c5040987656_Beaumier_GrandHotelBelvedere_Exterior_JonathanDucrest_DSCF2234.jpg", "openstreetmap_id": "node/1874698226"}, "geometry": {"type": "Point", "coordinates": ["7.9192583", "46.6088082"]}}, {"type": "Feature", "properties": {"identifier": "e2254e3f-9f69-41f4-b079-baf0c1429eb6", "name": "Bank Raiffeisen Grindelwald", "description": "<p><strong><a href=\"https://www.google.com/maps/place/Raiffeisenbank+Jungfrau+%E2%80%93+Gesch%C3%A4ftsstelle+Grindelwald/@46.6244946,8.0323875,880m/data=!3m2!1e3!4b1!4m6!3m5!1s0x478f9955ea6feadf:0xd02835858a1aa289!8m2!3d46.6244946!4d8.0349624!16s%2Fg%2F11h09m9p4?entry=ttu&amp;g_ep=EgoyMDI1MDQxMy4wIKXMDSoASAFQAw%3D%3D\" rel=\"noopener noreferrer\" target=\"_blank\">Zum Ziel navigieren (Google Maps) </a></strong></p><p></p><p>Die Raiffeisenbank Jungfrau ist seit \u00fcber 95 Jahren in der Jungfrau Region verwurzelt. Mit 10 Standorten bieten sie umfassende Beratung in allen Finanz fragen.</p>", "image": "https://jrtagpimtsoch.sos-ch-dk-2.exoscale-cdn.com/catalog/8/d/f/d/8dfd7c90341e24e60f4758a1fe93147a7537cddb_image__2_.jpg", "openstreetmap_id": "map=19/46.623832/8.036368"}, "geometry": {"type": "Point", "coordinates": ["8.036730532309255", "46.623717825776005"]}}, {"type": "Feature", "properties": {"identifier": "e36f4f12-0c74-4634-acd5-5e99b794a2bb", "name": "Eigermilch Grindelwald", "description": "Die Eigermilch AG in Grindelwald bietet eine Reihe von Molkereiprodukten an, darunter Joghurts mit niedrigem Zuckergehalt, Vollmilckquark in nat\u00fcrlichen und aromatisierten Varianten, Eigerbutter in zwei Gr\u00f6ssen und pasteurisierte Eiger-Milch mit mindestens 3.5% Fett. Das K\u00e4sesortiment umfasst Natur Mutschli, Pfeffer Mutschli, Alpenkr\u00e4uter Mutschli, Bergsteiger K\u00e4se, BBergk\u00e4se, Ziegenmutschli, Weisse Spinne, Eiger Fondue-Mischung und Raclette-K\u00e4se in verschiedenen Geschmacksrichtungen, alle hergestellt mit Milch aus dem Berner Oberland.&nbsp;", "url": "https://www.eigermilch.ch/", "image": "https://jrtagpimtsoch.sos-ch-dk-2.exoscale-cdn.com/catalog/d/4/6/6/d466df099adeb0062149316e8627f5daa4bb34a5_Eigermilch_Grindelwald.jpg", "openstreetmap_id": "node/708770230"}, "geometry": {"type": "Point", "coordinates": ["8.0288104", "46.6184509"]}}, {"type": "Feature", "properties": {"identifier": "e49d22b8-0ad8-45d9-9e53-a265bb38fe4c", "name": "Wellness und SPA im Romantik Hotel Schweizerhof", "description": "<p>In der Erlebniswelt erwartet dich ein beheiztes Hallenbad, eine Sonnenterrasse, Dampfad, Biosauana, Finische Sauna, Gletschergrotte, Erlebnisdusche und Kneipp-Becken. Ausserdem findest du ein grosses Angebot an Massagen und Anwendungen.</p><p>Profitiere bei einer Buchung von 50% Erm&auml;ssigung auf den Tageseintritt. Du kannst aber auch deine ganz pers&ouml;nliche Wellness-Oase erleben. Der Private Spa kann f&uuml;r folgende Anwendungen reserviert werden:&nbsp;</p><p>&bull; Candle Light Schaumbad <br>&bull; Romantisches Rosenbl&uuml;ten Bad <br>&bull; Lagunenbad <br>&bull; diverse Aromab&auml;der deiner Wahl Alle Private SPA-Anwendungen beinhalten 30 Minuten Bad mit je einem Glas Prosecco, sowie 20 Minuten Nachruhen mit einer Tasse Tee bei romantischen Kl&auml;ngen und D&uuml;ften.</p>", "url": "https://www.hotel-schweizerhof.com", "image": "https://jrtagpimtsoch.sos-ch-dk-2.exoscale-cdn.com/catalog/0/a/7/7/0a77226b62e2dfbab1d1a736d157a35c23e2c9db_Private_Spa_Whirlen_Luminanz_16zu9_300dpi_CMYK.jpg", "openstreetmap_id": "way/174159060"}, "geometry": {"type": "Point", "coordinates": ["8.031845342135924", "46.62555165"]}}, {"type": "Feature", "properties": {"identifier": "e57d2e46-dcc1-46c3-9d85-cbf1874b43b8", "name": "UMAMI Japanese Restaurant", "description": "Gleichzeitig mit der Er\u00f6ffnung der Grindellodge freuen wir uns, das erste japanische Restaurant in Grindelwald, das Umami, im Erdgeschoss des Hotels vorzustellen.\n\nUnter der Leitung des aus Tokio stammenden K\u00fcchenchefs Shota Hasegawa bietet das Umami ein k\u00f6stliches japanisches Ramen- und Sushi-Men\u00fc. Die G\u00e4ste k\u00f6nnen sich mit authentischen Ramen-Nudelsuppen, frischem Sushi, knusprigem Tempura und schmackhaften Donburi-Reisschalen verw\u00f6hnen lassen.", "url": "https://www.umamiworks.ch/de/", "image": "https://jrtagpimtsoch.sos-ch-dk-2.exoscale-cdn.com/catalog/0/e/0/d/0e0d466747a9d8c61bfdb5b9075ff7cfcd222478_Restaurant_Umami.png", "openstreetmap_id": "way/320651620"}, "geometry": {"type": "Point", "coordinates": ["8.049588829181747", "46.6294861"]}}, {"type": "Feature", "properties": {"identifier": "e59af5e8-c771-4a38-af43-8245fef97eeb", "name": "Tourist Center Lauterbrunnen", "description": "<p class=\"isSelectedEnd\">Das Tourist Center Lauterbrunnen unterst&uuml;tzt dich bei der Planung deines Aufenthalts und bietet dir wertvolle Informationen zu Ausfl&uuml;gen, Sehensw&uuml;rdigkeiten, Wanderungen, Bergbahnen und weiteren Erlebnissen in der Region.</p><p>Kaufe deine Tickets schnell und unkompliziert direkt bei uns vor Ort. Ausserdem erh&auml;ltst du die neuesten Informationen zum Betriebsstatus der Bergbahnen, Wanderwege und weiteren Angeboten in der Region.</p>", "image": "https://jrtagpimtsoch.sos-ch-dk-2.exoscale-cdn.com/catalog/1/0/9/8/1098ecd5d3f314940634f3e26dbe999bcd76e073_crop4x3__Lauterbrunnen_Dorf.jpg", "openstreetmap_id": "map=19/46.596996/7.907447"}, "geometry": {"type": "Point", "coordinates": ["7.907447", "46.596996"]}}, {"type": "Feature", "properties": {"identifier": "e699f6f5-e96d-478d-9212-97d39ddd7f44", "name": "Haslitaler P\u00e4ckli", "description": "Haslitaler P\u00e4ckli bietet eine kulinarische Reise durch die Schweiz mit Geschenkpaketen gef\u00fcllt mit regionalen Spezialit\u00e4ten aus verschiedenen Schweizer Regionen. Das Unternehmen, das 2013 mit dem Walliser P\u00e4ckli gegr\u00fcndet wurde, hat seither mit dem Haslitaler P\u00e4ckli und anderen Geschenkk\u00f6rben expandiert und plant weitere regionale Spezialit\u00e4ten.&nbsp;", "image": "https://jrtagpimtsoch.sos-ch-dk-2.exoscale-cdn.com/catalog/3/6/c/7/36c777fc9b7b4c0c5c3a439dd545ed079b57bb53_Haslitaler_P__ckli.jpg", "openstreetmap_id": "relation/1682552"}, "geometry": {"type": "Point", "coordinates": ["8.1870934", "46.7285518"]}}, {"type": "Feature", "properties": {"identifier": "e6e0fd68-d83a-4064-b824-0058aad21def", "name": "Lindt Chocolate Shop", "description": "<p data-start=\"49\" data-end=\"275\"><a href=\"https://www.google.com/maps/place/Lindt+Chocolate+Shop+Grindelwald+Terminal/@46.62468,8.0183417,19z/data=!3m1!4b1!4m6!3m5!1s0x478f9903f87d0b5b:0x5f01cade791d8b56!8m2!3d46.62468!4d8.0189868!16s%2Fg%2F11lkhmktb1?entry=ttu&amp;g_ep=EgoyMDI1MDIyNi4xIKXMDSoASAFQAw%3D%3D\" target=\"_blank\" style=\"font-weight: 700;\">Zum Ziel navigieren (Google Maps)</a></p><p data-start=\"49\" data-end=\"275\"><br></p><p data-start=\"49\" data-end=\"275\">Im Grindelwald Terminal, erwartet dich die Lindt Boutique mit einer Auswahl an zartschmelzenden Schokoladenkreationen. Ob als Skifahrer im Winter, begeisterter Wanderer im Sommer oder genussvoller Schokoladenliebhaber \u2013 die Lindt Boutique ist der perfekte Ort f\u00fcr eine genussvolle Auszeit. Nutze die Gelegenheit, besondere Schokoladenkreationen mit nach Hause zu nehmen und deine Freunde und Familie zu \u00fcberraschen. Lass dich vom unvergleichlichen Geschmack verw\u00f6hnen und von der Sch\u00f6nheit der Schweizer Alpen verzaubern.</p>", "url": "https://www.lindt.ch/", "image": "https://jrtagpimtsoch.sos-ch-dk-2.exoscale-cdn.com/catalog/7/2/4/3/72437222ef16c23d53106dcf69b1e8157e64ce11_Lindt_Chocolate_Shop.png", "openstreetmap_id": "map=19/46.624669/8.019668"}, "geometry": {"type": "Point", "coordinates": ["8.0190851", "46.6248881"]}}, {"type": "Feature", "properties": {"identifier": "e7b0283f-fbf9-4569-8be1-5e0c5e479982", "name": "Restaurant Kreuz", "description": "<p>Das traditionelle Restaurant mit seinen &laquo;St&uuml;bli&raquo; und Boulevardterrasse am Dorfplatz im Zentrum von Grindelwald ladet zum Verweilen und Geniessen ein.</p><p>In unserem Restaurant erwartet Sie eine Brasserie-K&uuml;che, die mit traditionellen, unkomplizierten Schweizer Klassikern und internationalen Spezialit&auml;ten begeistert.&nbsp;<br>Wir setzen auf klare, ehrliche Aromen &ndash; stets frisch zubereitet und voller Geschmack. Wir freuen uns darauf, Sie kulinarisch zu verw&ouml;hnen.</p>", "url": "https://www.kreuz-post.ch/en/restaurants-and-bar", "image": "https://jrtagpimtsoch.sos-ch-dk-2.exoscale-cdn.com/catalog/7/e/b/e/7ebe23f5e254952d66c0ce7073bf1b9a3ff52acd_W10_Hotel_ext.jpg", "openstreetmap_id": "way/320340622"}, "geometry": {"type": "Point", "coordinates": ["8.034180243484641", "46.62458205"]}}, {"type": "Feature", "properties": {"identifier": "e7fa6f2e-fcd8-4813-9454-69514854d701", "name": "Schwimmbad Meiringen", "description": "Das Schwimmbad Meiringen, mit Ausblick auf die Alpen, garantiert dir Spass und Erholung in vollen Z\u00fcgen.\n\nNeben einem Schwimmer- und Nichtschwimmerbecken stehen dir zudem zwei Kinderbecken, eine 68 m lange Wasserrutschbahn, Tischtennistische, ein Tischfussballspiel, ein Beachvolleyballfeld, ein Fussballfeld und zwei Sprungt\u00fcrme zur Verf\u00fcgung.", "url": "https://www.alpenenergie.ch", "image": "https://jrtagpimtsoch.sos-ch-dk-2.exoscale-cdn.com/catalog/6/5/d/4/65d44c45d56f7c0d88c934a855a596bfc96d9427_schwimmbad_meiringen__2_.jpg", "openstreetmap_id": "relation/10023253"}, "geometry": {"type": "Point", "coordinates": ["8.191399977502254", "46.7227111"]}}, {"type": "Feature", "properties": {"identifier": "e90ead35-ed5b-4778-a2b1-f12897bf9005", "name": "Steingletscher", "description": "Um den Steingletscher am Sustenpass gibt es zahlreiche Klettersektoren. Der griffige, rauhe Gneis sowie kurze Zustiege zeichnen das Gebiet aus. Schier unendliche M\u00f6glichkeiten zwischen dem dritten und dem siebten Grad umgeben von einer wundersch\u00f6nen Bergkulisse. \n\nZum \u00dcbernachten empfiehlt sich hier das Hotel Steingletscher. \n\nBekannte Sektoren:\n\nHimmel\nHell\nPfriendler", "url": "https://haslital.swiss", "image": "https://jrtagpimtsoch.sos-ch-dk-2.exoscale-cdn.com/catalog/f/1/1/3/f113e5c28d94e13bcc00c665329078c783c0042c_514_9330_Yannick.Glatthard_Sustenpass_by.davidbirri.jpg", "openstreetmap_id": "way/234065331"}, "geometry": {"type": "Point", "coordinates": ["8.427890653761272", "46.73099235"]}}, {"type": "Feature", "properties": {"identifier": "e9a3f719-be57-4193-827c-96c444941e6c", "name": "Intersport Rent-Network Grindelwald", "description": "<p class=\"MsoNormal\">Intersport Rent-Network in Grindelwald bietet eine breite\nPalette an Ausr\u00fcstungsverleih f\u00fcr Sommer- und Wintersportarten. Mit f\u00fcnf\nStandorten in der Region, darunter das Grindelwald Terminal, die Bergstation\nFirst, die Bergstation M\u00e4nnlichen, das Hotel Sunstar und eine Filiale in\nLauterbrunnen, ist es einfach, Ausr\u00fcstung f\u00fcr Aktivit\u00e4ten wie Skifahren,\nSnowboarden oder Mountainbiken zu mieten, je nach Saison.</p>\n\n<p class=\"MsoNormal\">Neben dem Verleih bietet Intersport Rent-Network auch den\nVerkauf von Sportger\u00e4ten an. Eine Online-Reservierung der Ausr\u00fcstung ist\nebenfalls m\u00f6glich, was die Planung der Aktivit\u00e4ten erleichtert.</p>\n\n<p class=\"MsoNormal\">Die Gesch\u00e4fte sind w\u00e4hrend der Wintersaison t\u00e4glich\nge\u00f6ffnet, wobei die \u00d6ffnungszeiten je nach Standort variieren. Weitere Details\nzu den Preisen und dem Verleihangebot sind auf der Website von Intersport\nRent-Network verf\u00fcgbar.<o:p></o:p></p>", "url": "http://www.rentnetwork.ch/de", "image": "https://jrtagpimtsoch.sos-ch-dk-2.exoscale-cdn.com/catalog/d/9/d/8/d9d80e3205715cb8460e271e8869e532d7568492_Intersport_Jungfrau_Region_Website_16x9_Fotos_Gescha__fte_05_2023_4.jpg", "openstreetmap_id": "node/303186096"}, "geometry": {"type": "Point", "coordinates": ["8.018683447716352", "46.62468088927518"]}}, {"type": "Feature", "properties": {"identifier": "e9e5ede9-c52c-484b-b770-3596fad3fd7e", "name": "Top of Europe Shop ", "description": "<p>Der Top of Europe Shop bietet eine Auswahl an Schweizer Klassikern, die als Souvernirs oder Geschenke erworben werden k\u00f6nnen. Zu den angebotenen Produkten geh\u00f6ren Tissot-Uhren, Victorinos-Messer und Souvenirs von Tauffer. Diese Artikel erm\u00f6glichen es Besuchenden, ein St\u00fcck Schweiz mit nach Hause zu nehmen und die Erinnerungen an die beeindruckenden Berglandschaft zu bewahren.\u00a0</p>", "url": "https://www.jungfrau.ch/de-ch/souvenirs-und-geschenkartikel/", "image": "https://jrtagpimtsoch.sos-ch-dk-2.exoscale-cdn.com/catalog/c/5/9/6/c596d1795f1ae22d6eae9d597f7176b0512df53f_Grindelwald_First_Top_of_Europe_Shop.jpg", "openstreetmap_id": "way/973231832"}, "geometry": {"type": "Point", "coordinates": ["8.018887639045717", "46.62475422716478"]}}, {"type": "Feature", "properties": {"identifier": "eafb59fc-63f2-4e6f-80c6-9108fe8042f5", "name": "Gem\u00fctliches SINGLE-Studio", "description": "Eine Ferienwohnung inmitten der Bergwelt. In unmittelbarer N\u00e4he zur Skipiste. Mitten im Wanderparadies. Wir freuen uns auf dich.\n\n\u00dcber den Button gelangst du direkt zum Buchungsportal oder zum Anfrageformular f\u00fcr eine Reservierung.", "image": "https://jrtagpimtsoch.sos-ch-dk-2.exoscale-cdn.com/catalog/3/e/5/6/3e56602e76d098e5eb1bc033e34d75428c3ea232_Gem__tliches_SINGLE_Studio_Winter.jpg", "openstreetmap_id": "way/278643425"}, "geometry": {"type": "Point", "coordinates": ["8.04344773035892", "46.627738449999995"]}}, {"type": "Feature", "properties": {"identifier": "ecc6051d-5374-4655-b485-ac04e296e55c", "name": "Grindelwald Tourismus ", "description": "<p><strong><a href=\"https://www.google.com/maps/place/Grindelwald+Tourismus/@46.623459,8.032816,17z/data=!3m1!4b1!4m6!3m5!1s0x478f995583721c37:0xb24f25fc0461aaa2!8m2!3d46.623459!4d8.0353909!16s%2Fg%2F1ths880f?entry=ttu&amp;g_ep=EgoyMDI1MDQyNy4xIKXMDSoASAFQAw%3D%3D\" rel=\"noopener noreferrer\" target=\"_blank\">Zum Ziel navig</a><span class=\"ql-cursor\">\ufeff</span><a href=\"https://www.google.com/maps/place/Grindelwald+Tourismus/@46.623459,8.032816,17z/data=!3m1!4b1!4m6!3m5!1s0x478f995583721c37:0xb24f25fc0461aaa2!8m2!3d46.623459!4d8.0353909!16s%2Fg%2F1ths880f?entry=ttu&amp;g_ep=EgoyMDI1MDQyNy4xIKXMDSoASAFQAw%3D%3D\" rel=\"noopener noreferrer\" target=\"_blank\">ieren (Google Maps) </a></strong></p><p></p><p></p><p>Grindelwald Tourismus bietet umfassende Informationen und Unterst\u00fctzung f\u00fcr deinen Aufenthalt in der malerischen Jungfrau Region. Entdecke die Vielfalt an Sommer- und Winteraktivit\u00e4ten, die von Wanderungen bis zu Skitouren reichen. Nutze die M\u00f6glichkeit, Unterk\u00fcnfte, Bergbahntickets und spezielle Angebote direkt zu buchen. Das Team von Grindelwald Tourismus steht dir f\u00fcr Fragen zur Verf\u00fcgung und freut sich auf deinen Besuch. Erlebe die atemberaubende Natur und die herzliche Gastfreundschaft in Grindelwald. </p>", "image": "https://jrtagpimtsoch.sos-ch-dk-2.exoscale-cdn.com/catalog/8/a/0/0/8a001c91151027fba4d4325ae94c9d47a3f414e1_Sportzentrum_Fr__hjahr_2022.jpeg", "openstreetmap_id": "map=18/46.623128/8.035641"}, "geometry": {"type": "Point", "coordinates": ["8.035630097591705", "46.62322077344427"]}}, {"type": "Feature", "properties": {"identifier": "ee626c3e-e462-4950-8f21-ac43f420891e", "name": "Ramu Swiss Creation", "description": "<p class=\"ql-align-justify\"><strong><a href=\"https://www.google.ch/maps/place/Dorfstrasse+113A,+3818+Grindelwald/@46.6239848,8.0362302,19z/data=!3m1!4b1!4m6!3m5!1s0x478f995589f82a7f:0x7f9bc92dc28d80d1!8m2!3d46.6239848!4d8.0362302!16s%2Fg%2F11txn16_pf?hl=de&amp;entry=ttu&amp;g_ep=EgoyMDI1MDQxMy4wIKXMDSoASAFQAw%3D%3D\" rel=\"noopener noreferrer\" target=\"_blank\">Zum Ziel navigieren (Google Maps)</a></strong></p><p></p><p>Hier findest du verschiedene Geschenkartikel und diverse Souvenirs in allen Formen und Farben. Von T-Shirts bis zu Holzk\u00fchen ist alles mit dabei.</p>", "image": "https://jrtagpimtsoch.sos-ch-dk-2.exoscale-cdn.com/catalog/a/4/e/c/a4ec54574c61da21cab0ca3045d638bb8519a42b_DSC05264.JPG", "openstreetmap_id": "map=19/46.623910/8.036177"}, "geometry": {"type": "Point", "coordinates": ["8.036182522773744", "46.62391068697253"]}}, {"type": "Feature", "properties": {"identifier": "f2811fc5-7173-4d79-a7ec-f163ce77c5a7", "name": "Lobh\u00f6rner", "description": "<p>Die klassische Klettertour im Berner Oberland erlaubt ein unvergleichliches Erlebnis mit Sicht auf die umliegenden Bergketten. Die exponierten Gipfel sollten keinem Kletterer verg&ouml;nnt sein. Wer den morgendlichen Zustieg etwas verk&uuml;rzen m&ouml;chte, g&ouml;nnt sich eine Nacht in der Lobhornh&uuml;tte, von welcher aus man in 1h 40min bis zum Fuss der Lobh&ouml;rner gelangt. Der Zustieg von Sulwald her dauert etwa 2h 45min. Nachdem alles Material montiert ist, beginnt die herrliche Kletterei &uuml;ber die Zipfelm&uuml;tze, das Kleine und das Grosse Lobhorn. Eingepackt hast du ein 60m Seil, 10 Express-Karabiner und ein paar Schlingen. Damit kommst du bequem &uuml;ber die Routen in den Schwierigkeitsgraden 2b bis 4c. Da viele Passagen ein alpiner Weg und keine Kletterroute sind, geh&ouml;ren auch die Bergschuhe ins Gep&auml;ck. Topos sind in den Kletterf&uuml;hrern Interlaken (Vertical Sport) oder Plaisir zu finden. Bevor du vom letzten Zacken aus in den Sattel abseilen, geniessst du noch einmal die herrliche Aussicht bei einem ausgiebigen Gipfelrast. Die Lobh&ouml;rner liegen auf rund 2500 Metern &uuml;ber Meer zwischen dem Soustal und dem Saustal. Sie sind von Sulwald her am einfachsten zu erreichen. Eine lohnenswerte Tour ist auch der Zustieg (bergab) vom Schilthorn her.</p><p>&nbsp;</p>", "image": "https://jrtagpimtsoch.sos-ch-dk-2.exoscale-cdn.com/catalog/1/9/8/6/1986352aa2a348313e4368047456552541f0d38d_Lobhoerner_Sommer.jpg", "openstreetmap_id": "node/9906444578"}, "geometry": {"type": "Point", "coordinates": ["7.844495773315431", "46.602545463462555"]}}, {"type": "Feature", "properties": {"identifier": "f3b74d2f-1758-4463-a1de-cda9fb6bcf67", "name": "Praxis Ankeb\u00e4lli Physio und Cranio", "description": "<p><a href=\"https://www.google.com/maps/place/Spillstattstrasse+61,+3818+Grindelwald/@46.6277607,8.0227599,1159m/data=!3m2!1e3!4b1!4m6!3m5!1s0x478f994e212fc9c3:0x180fa51710740381!8m2!3d46.627757!4d8.0253348!16s%2Fg%2F11c5bgv49w?entry=ttu&amp;g_ep=EgoyMDI0MTEyNC4xIKXMDSoASAFQAw%3D%3D\" target=\"_blank\" style=\"font-weight: bold;\">Zum Ziel navigieren (Google Maps)</a></p><p><br></p><p>Medizinische Masseure/innen mit eidgen\u00f6ssischem Fachausweis (FA SRK) bieten verschiedene therapeutische Massagen an, wie die Fussreflexzonen-Massage, klassische Massage und manuelle Lymphdrainage.</p>", "image": "https://jrtagpimtsoch.sos-ch-dk-2.exoscale-cdn.com/catalog/5/9/f/0/59f04ba445f610abcc54d2629a96d9bb8b1e21a1_299722900_587761623054548_1445773657587294193_n.jpg", "openstreetmap_id": "way/320771667"}, "geometry": {"type": "Point", "coordinates": ["8.02533184428733", "46.627755"]}}, {"type": "Feature", "properties": {"identifier": "f546a67c-4f67-4b9e-9009-5429173b7e34", "name": "Hofl\u00e4deli Budig ", "description": "Konfit\u00fcre, Sirup, Chutneys, Lik\u00f6r, Hasliberger Kr\u00e4utertee, Trockenwurst, Bretzeli, hausgemachte Torten, Brot & Z\u00fcpfe, Geschenkk\u00f6rbe ", "url": "https://www.facebook.com/budighasliberg/about", "image": "https://jrtagpimtsoch.sos-ch-dk-2.exoscale-cdn.com/catalog/b/0/3/7/b03764927e3f56668ec987db98a600dcf4fc5b6a_Hofl__deli_Budig.jpg", "openstreetmap_id": "way/287244152"}, "geometry": {"type": "Point", "coordinates": ["8.199259157839718", "46.73960385"]}}, {"type": "Feature", "properties": {"identifier": "f57612ad-a114-4c2f-b8bb-05a8453bfa03", "name": "Tennis Wengen", "description": "<p>Direkt neben dem Tourist Center in Wengen stehen dir zwei Tennissandpl&auml;tze zur Verf&uuml;gung. Reserviere deinen Platz beim Tourist Center (+41 33 856 85 85 oder info@wengen.swiss)<br><br></p>", "url": "https://wengen.swiss", "image": "https://jrtagpimtsoch.sos-ch-dk-2.exoscale-cdn.com/catalog/e/d/d/7/edd7c23e0dbac90c9bb82388e595d74ce898c25d_tennis_wengen_sharper_4x.jpg", "openstreetmap_id": "node/240096898"}, "geometry": {"type": "Point", "coordinates": ["7.921823859214784", "46.605848254414525"]}}, {"type": "Feature", "properties": {"identifier": "f5a2434e-c442-4458-a877-229b7caeb907", "name": "Eisbahn Casinoplatz Meiringen", "description": "Wenn es in Meiringen so richtig kalt ist, wird mitten im Dorf auf dem Casinoplatz eine Eisbahn gebaut. Bis weit in den Abend hinein kann die ganze Familie dem grossen Spass auf Kufen fr\u00f6nen, nebenbei etwas Feines geniessen und dabei die winterliche Atmosph\u00e4re von Meiringen erleben. Schlittschuhmiete vor Ort.", "url": "https://freizeitanlagen-meiringen.ch/Eisbahn_Casinoplatz/Angebot", "image": "https://jrtagpimtsoch.sos-ch-dk-2.exoscale-cdn.com/catalog/0/7/c/5/07c5c38d407298a46ee684e6b4bafc511339136d_csm_015_6263_Eisbahn_Meiringen_bydavidbirri_web_c97b793c6f.jpg", "openstreetmap_id": "node/486035478"}, "geometry": {"type": "Point", "coordinates": ["8.187046051025392", "46.727179492773374"]}}, {"type": "Feature", "properties": {"identifier": "f7ba4e82-0a66-4d61-9a56-1e325446653d", "name": "VOI Migros", "description": "<p class=\"title__subline\" style=\"box-sizing: inherit; margin: 1rem auto; width: 781px;\"><span style=\"font-weight: 700;\"><a href=\"https://www.google.ch/maps/place/VOI+Grindelwald/@46.6234744,8.0363826,17z/data=!3m1!4b1!4m6!3m5!1s0x478f9bfe544146f3:0x61824d084440e409!8m2!3d46.6234744!4d8.0389575!16s%2Fg%2F1vs5vmfb?hl=de&amp;entry=ttu&amp;g_ep=EgoyMDI1MDIyNi4xIKXMDSoASAFQAw%3D%3D\" target=\"_blank\">Zum Ziel navigieren (Google Maps)</a></span></p><p class=\"title__subline\" style=\"box-sizing: inherit; margin: 1rem auto; width: 781px;\"><br></p><p class=\"title__subline\" style=\"box-sizing: inherit; margin: 1rem auto; width: 781px;\">Bei VOI Migros-Partner findest du beliebte Migros-Artikel, frische Lebensmittel, Haushaltartikel und vieles mehr f\u00fcr den t\u00e4glichen Bedarf zu gewohnt g\u00fcnstigen Preisen. In dieser Filiale kann man mit Self-Checkout selber einscannen, einpacken und danach selbst\u00e4ndig und bargeldlos bezahlen.</p>", "url": "https://www.voi-migrospartner.ch", "image": "https://jrtagpimtsoch.sos-ch-dk-2.exoscale-cdn.com/catalog/4/3/1/2/43124c7bc8ca15b5834c3f08afcb2e96afb633e7_Migros_VOI.png", "openstreetmap_id": "map=19/46.623587/8.039071"}, "geometry": {"type": "Point", "coordinates": ["8.039098780824373", "46.62366305"]}}, {"type": "Feature", "properties": {"identifier": "f7c0a7ad-87a1-4096-a6c9-064d084e2183", "name": "Schauk\u00e4serei Engstlenalp", "description": "K\u00e4se, Joghurt, Molke, Butter", "url": "https://www.outdooractive.com/de/hut/urner-alpen/schaukaeserei-engstlenalp/25506496/", "image": "https://jrtagpimtsoch.sos-ch-dk-2.exoscale-cdn.com/catalog/0/a/7/6/0a76726168677289a7936ece98841c1e3390e947_Schauk__serei_Engstlenalp.jpg", "openstreetmap_id": "way/335744127"}, "geometry": {"type": "Point", "coordinates": ["8.344857488533115", "46.7760469"]}}, {"type": "Feature", "properties": {"identifier": "f7fd3a71-fc43-4e8f-9206-c0b0a9e8808d", "name": "Hofl\u00e4deli Stein", "description": "<p>Das Hofl&auml;deli Stein ist ein Feinschmeckerlokal in Hasliberg, das f&uuml;r seine feine Auswahl an Produkten bekannt ist. Sie bieten Natura-Kalbfleisch, Natur-Beef, und andere erlesende St&uuml;cke aus ihrem Tiefk&uuml;hlsortiment an. Ihr Sortiment umfasst Berner Alpk&auml;se AOP, Berner Hobelk&auml;se AOP, Fleisch aus Mutterkuhhaltung und Trockenw&uuml;rste. Viele hausgemachte Spezialit&auml;ten warten auf die Kunden. Eine grosse Auswahl an tiefgek&uuml;hltem Fleisch, Das ausschliesslich vom Hof stammt, lockt Wiederholungsbesucher an. Um einen pers&ouml;nlichen Service zu gew&auml;hrleisten, werden die Kunden gebeten, vorher anzurufen.&nbsp;</p>", "url": "https://www.hoflaedeli-stein.ch/", "image": "https://jrtagpimtsoch.sos-ch-dk-2.exoscale-cdn.com/catalog/6/1/f/0/61f0bd6780d703544f19fc0a6d05b0f03396bf7a_Hofl__deli_Stein.jpg", "openstreetmap_id": "way/287224728"}, "geometry": {"type": "Point", "coordinates": ["8.192369706149751", "46.74962745"]}}, {"type": "Feature", "properties": {"identifier": "f892904a-53d0-42ae-a092-a594b9a28dfe", "name": "P\u00e4nda Freestyle", "description": "<p>Die moderne, 1&#39;000m\u00b2 grosse Indoor-Anlage bietet ein vielseitiges Erlebnis rund um Bewegung, Sport und Kreativit\u00e4t. Ob auf den Fivesquare Trampolinen, vom Grandmaster oder Sprungturm in den Airbag, auf dem Airtrack im Multisportbereich oder auf der Skatefl\u00e4che mit Double-Mini-Ramp, Spine und Extension \u2013 hier finden sowohl Einsteiger als auch Fortgeschrittene den perfekten Spielraum zur Entfaltung. </p><p></p><p>Neben dem Trampolin- und Rollbereich gibt es einen weichen Multisportbereich, der sich ideal f\u00fcr Yoga, Workshops, Parcours und freie Bewegung eignet. Zuschauer geniessen den \u00dcberblick \u00fcber die gesamte Halle von der Galerie aus \u2013 inklusive Bistrobereich zum Verweilen. Die Kids toben sich aus, w\u00e4hrend die Eltern in Sichtweite zur\u00fccklehnen k\u00f6nnen. Hier kommt die ganze Familie auf ihre Kosten. </p><p></p><p>Das Angebot ist vielf\u00e4ltig: Ob einzelne Besuchsstunden, Jahresabos, Geburtstags- oder Gruppenanl\u00e4sse \u2013 P\u00e4nda Freestyle bietet f\u00fcr jedes Bed\u00fcrfnis ein passendes Angebot. Regelm\u00e4ssige Events wie die Skate-Night am Freitagabend, Coachings Dienstags oder Mittwochs oder exklusive Hallenmieten f\u00fcr Firmenanl\u00e4sse machen den Ort auch f\u00fcr Gruppen attraktiv. </p>", "url": "https://panda-freestyle.ch/", "image": "https://jrtagpimtsoch.sos-ch-dk-2.exoscale-cdn.com/catalog/6/9/d/2/69d2fad95dd84dc11cfa0785a597b9cf7e070aa5_P__nda_Freestyle.jpg", "openstreetmap_id": "ChIJuRW029yjj0cR3u-bN-HO-uQ"}, "geometry": {"type": "Point", "coordinates": ["7.878994345664979", "46.67095948711136"]}}, {"type": "Feature", "properties": {"identifier": "f976273d-b3db-47d4-8e79-b20875647043", "name": "Buri Sport (bei Firstbahn)", "description": "<p><span style=\"font-weight: 700;\"><a href=\"https://www.google.ch/maps/place/Buri+Sport/@46.6245519,8.0241663,15z/data=!4m10!1m2!2m1!1sburi+sport!3m6!1s0x478f9bfeb22befe9:0x85162f8cc8930e5e!8m2!3d46.6243669!4d8.0419255!15sCgpidXJpIHNwb3J0WgwiCmJ1cmkgc3BvcnSSAQlza2lfc3RvcmXgAQA!16s%2Fg%2F11g02vy50q?hl=de&amp;entry=ttu&amp;g_ep=EgoyMDI1MDIyNS4wIKXMDSoASAFQAw%3D%3D\" target=\"_blank\">Zum Ziel navigieren (Google Maps)</a></span></p><p><br></p><p>Bei Buri Sport findest du eine grosse Auswahl an Sport- und anderer Kleidung sowie originelle Souvenirs und T-Shirts mit exklusiven Designs. Sowohl im Winter als auch im Sommer kannst du den Ausr\u00fcstungsverleih f\u00fcr Skier, Snowboards, Schlitten und E-Bikes in Anspruch nehmen. Dar\u00fcber steht die M\u00f6glichkeit zur Verf\u00fcgung, Skikurse zu buchen.</p>", "url": "https://www.burisport.ch/", "image": "https://jrtagpimtsoch.sos-ch-dk-2.exoscale-cdn.com/catalog/a/f/6/f/af6f27216dc60d08073713230c0275e9146f0970_DSC05207.JPG", "openstreetmap_id": "map=19/46.624393/8.041919"}, "geometry": {"type": "Point", "coordinates": ["8.041922450065615", "46.6243974478962"]}}, {"type": "Feature", "properties": {"identifier": "fb1780f3-629c-4f58-8c26-c382c18512fd", "name": "Mittagfluh, Guttannen", "description": "An der Mittagfluh zwischen Guttannen und Handegg gibt es mehrere sch\u00f6ne Mehrseilrouten. Ausgangspunkt f\u00fcr die Touren ist Tschingelmad (Parkplatz). der Zustieg dauert rund 30 Minuten. Die S\u00fcdkante ist eine Kletterei in bestem Granit mit guten Tritten und Griffen. Der Abstieg erfolgt zu Fuss oder per Abseilen durch die Wand.  \n\nSchwierigkeitsgrad: 4a", "url": "https://haslital.swiss", "image": "https://jrtagpimtsoch.sos-ch-dk-2.exoscale-cdn.com/catalog/a/7/5/0/a750f348794f9f533c033b564ae5c92cc69eea00_Guttannen_byDavidBirri.jpg", "openstreetmap_id": "map=17/46.646567/8.311383"}, "geometry": {"type": "Point", "coordinates": ["8.311403989791872", "46.6465909183126"]}}, {"type": "Feature", "properties": {"identifier": "fc5dc3da-39f5-4677-8c51-4dd30a237cbf", "name": "Wellness im Hotel Eiger", "description": "<div><span style=\"font-weight: bold;\">Je nach Auslastung des Hotels ist ein Tages-Pass f\u00fcr externe G\u00e4ste ab 40 CHF pro Person erh\u00e4ltlich.<br><br></span></div><div><span style=\"font-weight: bold;\">Wir bitten um Voranmeldung fr\u00fchestens 48 h vorab und freuen uns auf Ihren Reservation unter Tel: 033 856 5454.</span><br></div><div><br></div>W\u00e4hrend den sportlich aktiven Tagen in M\u00fcrren g\u00f6nnt man sich gerne auch eine Auszeit.\nDas Hotel Eiger*** bietet allen G\u00e4sten (Hotelg\u00e4ste haben Vorrang) eine Palette an Spa-, Bade-, Massage- und Erholungsm\u00f6glichkeiten. Dieses Wellness Angebot hat eindeutig mehr als vier Sterne verdient!\n\nNebst dem Hallenbad l\u00e4sst es sich auch im Jacuzzi, in der Sauna und im Ruheraum entspannen. Wer dem Spa-Erlebnis die Krone aufsetzten will, g\u00f6nnt sich dazu noch eine Ganzk\u00f6rpermassage.\n\nMit der Aussicht auf Eiger, M\u00f6nch und Jungfrau steht der vollendeten Zufriedenheit so nichts mehr im Weg.\n\nInfrastruktur:\n\n    Hallenbad\n    Jacuzzi\n    Sauna\n    Sanarium\n    Kneippbecken\n    Erlebnisdusche\n    Solarium\n    Ruheraum\n    Massageraum\n    Trainingsraum (Kleine Auswahl an Ger\u00e4ten: Laufband, Rad, Stepper etc.)", "url": "https://www.hoteleiger.com", "image": "https://jrtagpimtsoch.sos-ch-dk-2.exoscale-cdn.com/catalog/7/c/0/3/7c03df91f4e9441847615e175564c415ddd3a553_wellness_hotel_eiger_muerren__4_.jpg", "openstreetmap_id": "way/226983056"}, "geometry": {"type": "Point", "coordinates": ["7.896591462368447", "46.563774800000004"]}}, {"type": "Feature", "properties": {"identifier": "fc67169d-035a-4874-961c-2abaa43ef4c5", "name": "Rothenegg-Garage AG", "description": "<p class=\"ql-align-justify\"><strong><a href=\"https://www.google.ch/maps/place/Rothenegg+Garage+AG/@46.625619,8.0167641,17z/data=!3m1!4b1!4m6!3m5!1s0x478f994bfbd60a4d:0x62fb8191917fa576!8m2!3d46.625619!4d8.019339!16s%2Fg%2F1tfvrw1f?hl=de&amp;entry=ttu&amp;g_ep=EgoyMDI1MDQxMy4wIKXMDSoASAFQAw%3D%3D\" rel=\"noopener noreferrer\" target=\"_blank\">Zum Ziel navigieren (Google Maps)</a></strong></p><p></p><p><span style=\"color: rgb(51, 51, 51); background-color: transparent;\">Wir sind Ihr zuverl\u00e4ssiger Partner f\u00fcr alles rund um Mobilit\u00e4t und Technik. Als Stop+go Partner, das Garagenkonzept der AMAG Import AG, sind wir spezialisiert auf die Marken Volkswagen, Audi, Seat und Skoda. Ebenfalls sind wir autorisierter H\u00e4ndler der Marke Aebi. Die integrierte Migrol Self-Service Tankstelle ist 24/7 ge\u00f6ffnet.</span></p><p></p><p><span style=\"color: rgb(51, 51, 51); background-color: transparent;\">Unser Team aus Fachleuten steht Ihnen mit Fachwissen und Erfahrung zur Seite, um sicherzustellen, dass Ihre Fahrzeuge, Maschinen und Kleinger\u00e4te stets in bestem Zustand sind. \u00dcberzeugen Sie sich selbst von unserem umfassenden Angebot.</span></p><p></p>", "image": "https://jrtagpimtsoch.sos-ch-dk-2.exoscale-cdn.com/catalog/c/1/3/c/c13c7ed89090af2627af7cd3cb0aea5ab916240d_Rothenegg_Garage.jpeg", "openstreetmap_id": "map=19/46.625590/8.019196"}, "geometry": {"type": "Point", "coordinates": ["8.019177317619326", "46.625620123464635"]}}, {"type": "Feature", "properties": {"identifier": "fe77e3aa-5fef-410d-a5fa-c9120d2a1d5a", "name": "Wellness und Spa im Sunstar Hotel", "description": "Eine Entspannungs- und Wohlf\u00fchlwelt auf 1200 Quadratmetern. Abschalten, Energie tanken und einfach mal die Zeit vergessen.\nDas Sunstar Hotel Grindelwald  bietet eine breite Palette an Verw\u00f6hnmomenten und Sch\u00f6nheitsbehandlungen im Angesicht der majest\u00e4tischen Eigernordwand.", "url": "https://grindelwald.sunstar.ch", "image": "https://jrtagpimtsoch.sos-ch-dk-2.exoscale-cdn.com/catalog/b/7/9/4/b794e07a41f052704886948c76f5c93735d33222_wellness_hotel_sunstar__10_.jpg", "openstreetmap_id": "way/264460323"}, "geometry": {"type": "Point", "coordinates": ["8.041912745870249", "46.6238329"]}}, {"type": "Feature", "properties": {"identifier": "fecf9b12-75a2-4ca9-950d-55fbb0e5f34a", "name": "FirstPeak Lifestyle Store", "description": "<p><span style=\"font-weight: bold;\"><a href=\"https://www.google.ch/maps/place/Dorfstrasse+121,+3818+Grindelwald/@46.6238343,8.03182,17z/data=!3m1!4b1!4m6!3m5!1s0x478f9bfe243624a9:0x959b0b5ab01cd314!8m2!3d46.6238344!4d8.0366909!16s%2Fg%2F11rgdkh1d3?hl=de&amp;entry=ttu&amp;g_ep=EgoyMDI1MDMxOC4wIKXMDSoASAFQAw%3D%3D\" target=\"_blank\">Zum Ziel navigieren (Google Maps)</a></span></p><p><br></p><p>Seit Dezember 2017 bietet der FirstPeak LifestyleStore eine vielf\u00e4ltige Auswahl an Wohnaccessoires, Geschenkideen, Bijous und anderen sch\u00f6nen Artikeln. Der Laden befindet sich im Zentrum von Grindelwald.</p>", "url": "https://www.firstpeak.ch", "image": "https://jrtagpimtsoch.sos-ch-dk-2.exoscale-cdn.com/catalog/0/0/9/a/009a2f1b917abcf209f06e64335e9bd2aa7fa52d_DSC05255.JPG", "openstreetmap_id": "map=19/46.623860/8.036692"}, "geometry": {"type": "Point", "coordinates": ["8.036686778068544", "46.623803842034704"]}}, {"type": "Feature", "properties": {"identifier": "ffa4fea6-a1cf-44dd-88b6-07e7a9a74bef", "name": "Tamara Pizzeria", "description": "Test Tamara", "image": "https://jrtagpimtsoch.sos-ch-dk-2.exoscale-cdn.com/catalog/8/c/b/1/8cb1164ed948e17f0f058e374797c4f08c656adb__JRT6047.jpg", "openstreetmap_id": "relation/1682470"}, "geometry": {"type": "Point", "coordinates": ["8.2052569", "46.7379056"]}}, {"type": "Feature", "properties": {"identifier": "ffd0c291-aa22-4c33-8ba7-ef4a49320541", "name": "Skigebiet M\u00fcrren-Schilthorn", "description": "<p>Das Schilthorn, der h&ouml;chste Punkt des Skigebiets, liegt fast 3000 m &uuml;. M. Hier geniesst du im 360&deg;-Restaurant Piz Gloria den James Bond Brunch &ndash; und begibst dich danach auf die Skipisten. Ge&uuml;bte Skifahrer*innen k&ouml;nnen die mit einer Neigung von 88 Prozent steilste Abfahrt der Jungfrau Region bezwingen. Anf&auml;nger*innen machen die ersten Kurven auf dem Gel&auml;nde der Skischule im autofreien Bergdorf M&uuml;rren. Auf dem Allmendhubel sorgt Lilly's Kidsslope f&uuml;r leuchtende Kinderaugen. Hier k&ouml;nnten die Kleinsten zusammen mit ihren Eltern witzige Fahrten &uuml;ber Wellen und an Hinernissen vorbei absolvieren. Jibs, Rails, Boxen und eine Kicker-Line: Im P&auml;nda Snowpark kommen Freestyler*innen auf ihre Kosten. Aber auch ohne Skis oder Board kannst du die Winterlandschaft im Schilthorngebiet geniessen: Auf einem Winterwanderweg, einer Schlittelsafari &ndash; oder dem Felsensteg Thrill Walk auf Birg. Infrastruktur 56 Pistenkilometer Schlittelwege: 10 km Winterwanderwege 15 km Offizielle Schneeschuhpfade: 8 km Liftanlagen: 13 Bergrestaurants: 9 - &Uuml;bungsgel&auml;nde im Dorf und auf dem Allmendhubel - Lilly's Kidsslope - Skyline Snowpark Maulerhubel/Winteregg - Skimovie Station - Thrill Walk, Station Birg - Gleitschirm Startplatz, pr&auml;pariert</p>", "url": "https://schilthorn.ch", "image": "https://jrtagpimtsoch.sos-ch-dk-2.exoscale-cdn.com/catalog/3/7/f/f/37ff93584b07ea94df2675a960d7af836f6c1f31_Skifahren_Skigebiet_M__rren_Schilthorn__3_.jpg", "openstreetmap_id": "way/216871464"}, "geometry": {"type": "Point", "coordinates": ["7.891262769699098", "46.55783860070888"]}}, {"type": "Feature", "properties": {"identifier": "ffee329f-54a2-45e3-9f93-a1b4601c3fe4", "name": "Ali your Barber", "description": "<p><strong><a href=\"https://www.google.com/maps/place/Ali+Your+Barber+%D8%AD%D9%84%D8%A7%D9%82+%D8%B9%D8%B1%D8%A8%D9%8A%E2%80%AD/@46.6234934,8.0351035,880m/data=!3m2!1e3!4b1!4m6!3m5!1s0x478f9b69c8c63f17:0xc16a8e913ab3e857!8m2!3d46.6234934!4d8.0376784!16s%2Fg%2F11w27xrj3v?entry=ttu&amp;g_ep=EgoyMDI1MDUwNy4wIKXMDSoASAFQAw%3D%3D\" rel=\"noopener noreferrer\" target=\"_blank\">Zum Ziel navigieren (Google Maps)</a></strong></p><p></p><p></p><p>Ali your Barber, Inh. Kasem, bietet in Grindelwald professionelle Friseurdienstleistungen an. Der Barbershop ist bekannt f\u00fcr seinen freundlichen Service und pr\u00e4zise Haarschnitte. Ob du ein klassischen Schnitt oder einem modernen Style bevorzugst, hier wirst du f\u00fcndig. </p>", "image": "https://jrtagpimtsoch.sos-ch-dk-2.exoscale-cdn.com/catalog/d/9/0/e/d90e1c1659bbeb7465d3ae8c12fa69a5bf015948_DSC05244.JPG", "openstreetmap_id": "map=17/46.623774/8.036574"}, "geometry": {"type": "Point", "coordinates": ["8.037257041175758", "46.623638878509134"]}}]}