id;name;disambiguatingDescription;description;longitude;latitude;streetAddress;postalCode;addressLocality;telephone;email;url;image;dateModified0029b563-de6c-4413-965c-24e61295f1b8;Ferienwohnung "Margrit West";Hier fühlst du dich Zuhause.;<p class="MsoNormal">Eine Ferienwohnung inmitten der Bergwelt. In unmittelbarer N&auml;he zur Skipiste. Mitten im Wanderparadies. Wir freuen uns auf dich.</p><p class="MsoNormal">&Uuml;ber den Button gelangst du direkt zum Buchungsportal oder kannst eine E-Mail f&uuml;r deine Reservationsanfrage an den Vermieter schicken.</p>;7.9069069;46.5944872;Auf der Fuhren 437;3822;Lauterbrunnen;info@anton-graf.ch;[{'@type': 'ImageObject', 'contentUrl': 'https://jrtagpimtsoch.sos-ch-dk-2.exoscale-cdn.com/catalog/6/1/f/e/61fe7cfe38a68f2993f9301b5251d6ffc7968e42_Margrit_West.webp'}];2026-07-07T15:59:28+02:00
02fdda8f-111f-435a-b32b-49b0dee70ddc;Chalet Susenegg;Hier fühlst du dich Zuhause.;<p>Eine Ferienwohnung inmitten der Bergwelt. In unmittelbarer Nähe zur Skipiste. Mitten im Wanderparadies. Wir freuen uns auf dich.</p><p>Über den Button gelangst du direkt zum Buchungsportal oder kannst eine E-Mail für deine Reservationsanfrage an den Vermieter schicken.<br></p><div><br></div>;8.014725255166969;46.631674950000004;Lempengasse 1;3818;Grindelwald;+41 33 853 63 25;hilti@bluewin.ch;https://www.ferienwohnung-grindelwald-be.ch;[{'@type': 'ImageObject', 'contentUrl': 'https://jrtagpimtsoch.sos-ch-dk-2.exoscale-cdn.com/catalog/b/e/6/b/be6b3670988a044724b60d2c78a1114d7a816d5f_Chalet_Susenegg.jpg'}];2026-09-04T15:49:04+02:00
03cbfdc3-5c1e-4b7c-9af4-e808a03f9d64;Kinderparadies Männlichen;Übungsgelände für Anfänger*innen;Das Kinderparadies Männlichen befindet sich bei der Bergstation der Gondelbahn Grindelwald – Männlichen bzw. der Luftseilbahn Wengen – Männlichen.

Auf dem Gelände für Anfänger*innen stehen ein Tellerlift, ein Förderband und ein Seillift zur Verfügung.

Kurz eine Pause einlegen, sich kulinarisch verwöhnen lassen? Unmittelbar neben dem Kinderparadies befindet sich das Berghaus Männlichen.;7.942171096801759;46.61077712752204;Dorfstrasse 115;3818;   Grindelwald;+41 33 853 12 88;https://www.skischule-maennlichen.ch/en;[{'@type': 'ImageObject', 'contentUrl': 'https://jrtagpimtsoch.sos-ch-dk-2.exoscale-cdn.com/catalog/0/e/7/1/0e7197ff8a51fe9d2be065b509ecc0edd7b2aa82_NY_SH4406_MAENNLICHEN_D119465.jpg'}];2025-12-18T14:27:43+01:00
049e04da-8c23-4c86-9bda-05cd423a259f;Zenger bringt’s;Fondue, Käse und Spezialitäten aus dem Berner Oberland.;<p><span style="font-weight: 700;"><a href="https://www.google.com/maps/place/Dorfstrasse+62,+3818+Grindelwald/@46.6243993,8.0284303,17z/data=!3m1!4b1!4m6!3m5!1s0x478f995473cffaaf:0x6d0aa1e499b557c6!8m2!3d46.6243993!4d8.0310106!16s%2Fg%2F11c1w_khtw?entry=ttu&amp;g_ep=EgoyMDI1MDMwNC4wIKXMDSoASAFQAw%3D%3D" target="_blank">Zum Ziel navigieren (Google Maps)</a></span></p><p><br></p><p>Zenger bringt's liefert auch Käsespezialitäten und Getränke im Raum Grindelwald direkt vor deine Haustüre – oder füllen deinen Kühlschrank vor der Anreise in dein Feriendomizil! Ruf uns an!</p>;8.031002257136599;46.62436795;Dorfstrasse 62;3818;Grindelwald;+41 33 853 22 33;marc@zenger-bringts.ch;https://www.zenger-bringts.ch/;[{'@type': 'ImageObject', 'contentUrl': 'https://jrtagpimtsoch.sos-ch-dk-2.exoscale-cdn.com/catalog/9/3/0/e/930e60821c1612e1d86ac6fc469ed46143b5c58b_Zenger.jpeg'}];2025-03-07T14:49:22+01:00
04a25199-9f8a-472f-bf43-1eb0186e1652;Grindelwald Memories Store ;Grindelwald Memories Store in Grindelwald;<p><a href="https://www.google.com/maps/place/Grindelwald+Memories+Store/@46.6235404,8.0366785,1070m/data=!3m2!1e3!4b1!4m6!3m5!1s0x478f9bfe58183c53:0x4aec726670d38f36!8m2!3d46.6235404!4d8.0392534!16s%2Fg%2F1ptzgs0v5?entry=ttu&amp;g_ep=EgoyMDI1MDIyMy4xIKXMDSoASAFQAw%3D%3D" style="font-weight: bold;">Zum Ziel navigieren ( Google Maps )</a><br></p><p><br></p><p>Grindelwald Memories GmbH bietet eine Auswahl an Geschenken in Grindelwald an. Das Geschäft befindet sich in der Dorfstrasse 155, 3818 Grindelwald. Interessierte können sich telefonisch unter 033 525 80 82 oder per E-Mail an info@griwa-memories.ch wenden, um weitere Informationen zu erhalten. Grindelwald Memories GmbH ist bekannt für seine vielfältige Auswahl an Geschenken, die sowohl für Einheimische als auch für Besuchende attraktiv sind.</p>;8.03908979333016;46.6235106764471;Dorfstrasse 155;3818;Grindelwald;+41 33 525 80 82;info@griwa-memories.ch;[{'@type': 'ImageObject', 'contentUrl': 'https://jrtagpimtsoch.sos-ch-dk-2.exoscale-cdn.com/catalog/9/1/3/b/913b762b68af590bb7e220414e99f9c280cb8a56_Eiger_im_Hintergrund.jpg'}];2026-07-07T15:59:28+02:00
059c467f-aa1d-4efd-8bd8-64cb04c7eee7;Wyss Sport;Sportgeschäft auf der Kleinen Scheidegg;Wyss Sport befindet sich auf der Kleinen Scheidegg. Das Geschäft liegt somit zwischen Grindelwald und Wengen, auf 2061 m.ü.M. Du findest es direkt am Bahnhof Kleine Scheidegg, neben Hotels und Restaurants und mitten im Skigebiet Grindelwald-Wengen. Neben dem Verkauf und Verleih von Winter- und Sommerausrüstung kannst du auch eine Ski- oder Snowboard-Lektion buchen. In der oberen Etage befindet sich zudem ein Souvenir Shop.;7.961581020409334;46.5853262;Kleine Scheidegg 354 D;3823 ;Kleine Scheidegg;+41 33 855 15 45;info@wyss-sport.ch;https://www.wyss-sport.ch;[{'@type': 'ImageObject', 'contentUrl': 'https://jrtagpimtsoch.sos-ch-dk-2.exoscale-cdn.com/catalog/6/e/8/8/6e886ec3d021b591e413ef28de51a61e1c4876de__AMO2302.jpg'}];2026-09-04T15:49:04+02:00
05e3a999-2e48-4157-b9bb-f23e42769ed3;Marktfrauen Gimmelwald;Naturprodukte aus Gimmelwald, Lauterbrunnental;Die Marktfrauen Gimmelwald bieten eine breite Auswahl an Produkten, die direkt bei ihnen bestellt werden können. Dazu gehören Käse von den umliegenden Alpen Schiltalp und Sefinenalp, Würste zum Rohessen und Mostbröckli, frisches Kalb-, Jungrind-, Lamm- und Gitzi-Fleisch sowie Gonfi und Süss-Saures nach eigenen Rezepturen. Auch Zopf und andere Backwaren sind erhältlich. Alle Produkte können individuell zusammengestellt werden. Die Marktfrauen freuen sich, Besucher an ihrem Marktstand begrüssen zu dürfen.;7.8914988;46.5443695;Eschen ;3826;Gimmelwald;+41 33 855 11 35;info@marktfrauen.ch;https://marktfrauen.ch/;[{'@type': 'ImageObject', 'contentUrl': 'https://jrtagpimtsoch.sos-ch-dk-2.exoscale-cdn.com/catalog/e/4/e/c/e4ec38df6f916eedb93ae42126edb1afef97161e_Marktfrauen_Gimmelwald.jpg'}];2026-09-04T15:49:04+02:00
08f74b77-4f96-4e95-b4bb-fa4b7e694aa2;Barrys Restaurant, Bar & Lounge;Barrys Restaurationen – Enjoy the moment;<p>Berghüttenromantik so authentisch wie Geschichten über Rettungshunde, alpines Flair kombiniert mit hippen Trends und ein Team so dynamisch, dass der Funke ruckzuck überspringt: Barrys verbindet Traditionelles mit Angesagtem und überrascht mit neuen Interpretationen. Entdecke bei uns dein Lieblingsplätzchen in der Lounge oder in gemütlichen Nischen im 1. Stock – immer inmitten von alpinen und trendigen Themenwelten und ganz viel charmanter Authentizität.

Wir sind an 364 Tagen von 7.00 bis 23.30 Uhr und an Wochenenden bis 1.00 Uhr für dich da. Nur der 365. Tag gehört einzig unseren Mitarbeitenden. Je nach Saisonalität können einzelne Bereiche des Restaurants geschlossen sein.</p><p></p>;8.0381633;46.6236709;Dorfstrasse 133;3818;Grindelwald;+41 33 854 31 31;info@barrysrestaurant.ch;https://www.barrysrestaurant.ch/;[{'@type': 'ImageObject', 'contentUrl': 'https://jrtagpimtsoch.sos-ch-dk-2.exoscale-cdn.com/catalog/0/8/f/0/08f02670de7441f8b07a9e17d12cfab23c51ee01_Barrys_restaurant_Titelbild.jpg'}];2026-09-04T15:49:05+02:00
0b5c94c5-e765-4995-981f-18ab533721cf;Buri Sport;Sportgeschäft im Dorfzentrum;<p><strong><a href="https://www.google.ch/maps/place/Buri+Sport/@46.6234205,8.0395686,20z/data=!4m10!1m2!2m1!1sburi+sport!3m6!1s0x478f9bedc66333db:0x9353b08d1a5dfaf5!8m2!3d46.623485!4d8.0399347!15sCgpidXJpIHNwb3J0WgwiCmJ1cmkgc3BvcnSSAQlza2lfc3RvcmXgAQA!16s%2Fg%2F11rp0qwy7w?hl=de&amp;entry=ttu&amp;g_ep=EgoyMDI1MDIyNS4wIKXMDSoASAFQAw%3D%3D" rel="noopener noreferrer" target="_blank">Zum Ziel navigieren (Google Maps)</a></strong></p><p></p><p>Bei Buri Sport findest du eine grosse Auswahl an Sport- und anderer Kleidung sowie originelle Souvenirs und T-Shirts mit exklusiven Designs. Sowohl im Winter als auch im Sommer kannst du den Ausrüstungsverleih für Skier, Snowboards, Schlitten und E-Bikes in Anspruch nehmen. Darüber steht die Möglichkeit zur Verfügung, Skikurse zu buchen.</p>;8.03991080186;46.623435407111224;Dorfstrasse 160;3818;Grindelwald;+41 33 853 33 55;info@burisport.ch;https://www.burisport.ch;[{'@type': 'ImageObject', 'contentUrl': 'https://jrtagpimtsoch.sos-ch-dk-2.exoscale-cdn.com/catalog/a/7/4/5/a7459d5d13db90aa0b0d82190e88326e010eda5f_BuriSport_Fashion.jpg'}];2026-09-04T15:49:05+02:00
0baf2c95-6d96-4a75-833e-59815d01ab8f;OUTDOOR - Grindelwald Shop and Café;Sportgeschäft im Dorfzentrum.;<p><strong><a href="https://www.google.com/maps/place/OUTDOOR+-+Grindelwald+Shop+and+Caf%C3%A9/@46.6243574,8.0306377,17z/data=!3m1!4b1!4m6!3m5!1s0x478f9955932b4381:0x445e6d75c26f7b5c!8m2!3d46.6243575!4d8.0355032!16s%2Fg%2F11b6rhm4qx?entry=ttu&amp;g_ep=EgoyMDI1MDIwMi4wIKXMDSoASAFQAw%3D%3D" rel="noopener noreferrer" target="_blank">Zum Ziel navigieren (Google Maps)</a></strong></p><p></p><p>Der OUTDOOR - Grindelwald Shop and Café bietet verschiedene Produkte: Von leichter Kleidung im Sommer bis zur alpinen Ausrüstung fürs Hochgebirge. Bei einem Kaffee kann man im Shop über die eigenen Erlebnisse berichten und die nächste Tour planen. Neben dem Verkauf kann man im Outdoorshop auch einen Bergführer oder Skilehrer buchen. Der Shop vermietet zudem unter anderem Skiausrüstung, Bergsportausrüstung, Wander- und Bergschuhe.</p>;8.035420775413515;46.6243306907794;Dorfstrasse 103;3818;Grindelwald;+41 33 224 07 01;info@outdoor.ch;https://outdoor.ch/de;[{'@type': 'ImageObject', 'contentUrl': 'https://jrtagpimtsoch.sos-ch-dk-2.exoscale-cdn.com/catalog/0/d/3/7/0d373441fbcfe119f384174758f2f1c00d3dfee9_Outdoorshop.jpg'}];2026-09-04T15:49:05+02:00
0c099564-9cc4-4b5e-9add-6db5ac08dcda;Buri Sport;Ski- & Snowboardschule;Private Ski- & Snowboardschule SSBS und Rental Center
Privatlektionen
7 Tage in der Woche
professionelle Ausbildung
individuelle Betreuung
Ski- und Snowboardmiete;8.0398714;46.6234565;Dorfstrasse 160;3818;Grindelwald;+41 33 853 33 53;info@burisport.ch;https://www.burisport.ch/skischule/;[{'@type': 'ImageObject', 'contentUrl': 'https://jrtagpimtsoch.sos-ch-dk-2.exoscale-cdn.com/catalog/4/c/c/9/4cc9009f0d2ddac9991ed2e8a50c8a4496fdcd36_Burisport_aussen.jpg'}];2026-09-04T15:49:05+02:00
0c16072f-889e-4fb7-a034-630db07614ea;Badesee Hasliberg;Mit Sandstrand und Blick aufs Bergpanorama;Der Sommertreffpunkt von Gästen und Einheimischen. Vor dieser prächtigen Bergkulisse musst du einfach den Sprung ins kühle Nass wagen.

Der Badesee Hasliberg befindet sich direkt neben der Talstation der Gondelbahn Twing-Käserstatt. Nebst dem Badevergnügen – für Kinder ist eigens ein seichter Bereich angelegt mit Sandstrand und Spielzeug – bietet der See auch Liegewiesen, Slackline, Bibliothek, Strandspiele, Umkleidekabinen, ein Bistro mit Sommersnacks und eine Dusche im Freien mit Blick aufs Bergpanorama. Sonnenschirme stehen dir gratis zur Verfügung.

Parkplätze sind direkt beim Badesee keine vorhanden – ein beschilderter Weg führt vom Parkplatz der Bergbahnen direkt zum See.;8.193593931097052;46.74662415;Urseni 329B;6085;Hasliberg; +41 33 972 40 40;[{'@type': 'ImageObject', 'contentUrl': 'https://jrtagpimtsoch.sos-ch-dk-2.exoscale-cdn.com/catalog/6/9/6/f/696fda3be04cdd4580037791978869fdc2f1c6e1_badesee_hasliberg__6_.jpg'}];2026-09-04T15:49:05+02:00
0e76f9be-6f65-4a2f-8b6d-d6718fef6ab2;Skigebiet Grindelwald-Wengen;Mit 103 Pistenkilometern das grösste Skigebiet der Jungfrau Region.;<p>Das Skigebiet liegt am Fuss von Eiger, M&ouml;nch und Jungfrau. Die weltber&uuml;hmte Lauberhornabfahrt befindet sich hier. Sie f&uuml;hrt vom Lauberhorn &uuml;ber eine fast 4,5 km lange Strecke hinunter nach Wengen. Der Eiger Express f&auml;hrt in nur 15 Minuten von Grindelwald Terminal zum Eigergletscher auf 2328 m &uuml;. M. Erreichbar ist das Skigebiet zudem von Grindelwald und Wengen mit der Zahnradbahn (Wengernalpbahn) oder per Seilbahn (Gondelbahn Grindelwald &ndash; M&auml;nnlichen resp. Luftseilbahn Wengen &ndash; M&auml;nnlichen).</p><p>Die aktuellen Betriebszeiten findest du&nbsp;<strong><a href="https://grindelwald.swiss/de/service/betriebsstatus/wintersportbericht.html">hier.</a></strong></p>;7.9608968;46.5850987;3823;Kleine Scheidegg;+41 33 828 72 33;info@jungfrau.ch;https://www.jungfrau.ch;[{'@type': 'ImageObject', 'contentUrl': 'https://jrtagpimtsoch.sos-ch-dk-2.exoscale-cdn.com/catalog/c/4/b/9/c4b906f0eeb1e16d6acf1e9b19abe4e9f0fcb4b4_Skifahren_Grindelwald.jpg'}];2026-09-04T15:49:05+02:00
0e8a46d5-4961-4c71-8a97-2a537e206262;ASPEN alpin lifestyle Wellness;300qm grosser Wellnessbereich;<p>Erlebe im Aspen Alpin Lifestyle Hotel eine unersch&ouml;pfliche Aromenvielfalt, Lichtspiele und die wirkungsvollen Kr&auml;fte der Natur.</p><p>Der Wellnessbereich steht w&auml;hrend gewissen Zeiten nur Hotelg&auml;sten zur Verf&uuml;gung. Die &Ouml;ffnungszeiten erf&auml;hrst du an der Reception oder unter 033 854 40 00.</p><p>Kinder unter 14j. haben keinen Zutritt.<br><br><br>In unserem Wellnessbereich findest du:</p><p>Finnische Altholzsauna mit 90&deg;C (Nacktbereich)<br>Kr&auml;uterbad mit automatischem Aufguss 65&deg;C (Nacktbereich)&nbsp;<br>Soledampfbad mit 100% Luftfeuchtigkeit und 45&deg;C (Nacktbereich) <br>Vitaminbar mit Tee, Fr&uuml;chten und N&uuml;ssen <br>Eisbrunnen <br>Erlebnisduschen <br>Fusssprudelbecken <br>Temperierte Wasserbetten <br>Aussenwhirlpool (36&deg;C) mit Inneneinstieg. Im Winter direkt an der Piste!</p>;8.0056956;46.6190463;Aspen 1;3818;Grindelwald;+41 33 854 40 00;info@hotel-aspen.ch;https://www.hotel-aspen.ch;[{'@type': 'ImageObject', 'contentUrl': 'https://jrtagpimtsoch.sos-ch-dk-2.exoscale-cdn.com/catalog/0/6/8/4/0684165f5bf01a924a4fbeb370b9b7161224a488__ASP0990.jpg'}];2026-09-04T15:49:05+02:00
0f24fa42-895d-4d9a-a250-d1c073776916;Test;Test;Test,

E-Mail kann gelöscht werden.

LG
Bill;7.92142281234676;46.6019364;test;1234;Interlaken;+417985427;test@test.ch;https://test.ch;[{'@type': 'ImageObject', 'contentUrl': 'https://jrtagpimtsoch.sos-ch-dk-2.exoscale-cdn.com/catalog/d/9/b/e/d9befc8ba4e3ff1539803cbe9025c953def0b0e7_JRT07891.jpg'}];2026-09-04T15:49:05+02:00
10d9ba3c-5db7-41fc-a493-53f30ed39b8e;Grindellodge;Willkommen in Grindellodge, wo alpiner Charme auf die zarte Schönheit der Sakura trifft.;<p>Unsere Zimmer vereinen die wilde Anziehungskraft der Berge mit ruhiger japanischer Eleganz. Geniessen Sie eine stilvolle Unterkunft mit atemberaubender Aussicht, wo jede Jahreszeit eine einzigartige Harmonie aus Ruhe und nat&uuml;rlicher Pracht offenbart.</p>;8.049588829181747;46.6294861;Obere Gletscherstrasse 41;3818;Grindelwald;+41 33 853 10 82;hello@grindellodge.ch;https://www.theglacier.ch/de/grindellodge/;[{'@type': 'ImageObject', 'contentUrl': 'https://jrtagpimtsoch.sos-ch-dk-2.exoscale-cdn.com/catalog/1/3/6/c/136c66c04191c3db7882aef38c7fc10b6f644dac__A7R5794.jpg'}];2026-07-10T14:09:53+02:00
1201eef0-5ae8-4744-99ce-9028224e9a7e;Wengener Konfitüre;Konfitüre, Marmelade und Chutneys aus regionalen Früchten.;7.9217237;46.6054411;3823;Wengen;[{'@type': 'ImageObject', 'contentUrl': 'https://jrtagpimtsoch.sos-ch-dk-2.exoscale-cdn.com/catalog/4/b/e/b/4beb81023d361ebb00224abb3e43d2f065fa3c5c_allgemein_wengen.jpg'}];2026-09-04T15:49:05+02:00
141df1f1-a1cc-4525-b52d-b71789ead7a5;Vogts Corner;Eine grosse Auswahl verschiedenen Schweizer Qualitätsuhren und mehr. ;<p><span style="font-weight: 700;"><a href="https://www.google.ch/maps/place/Dorfstrasse+111,+3818+Grindelwald/@46.6240178,8.036102,17z/data=!3m1!4b1!4m6!3m5!1s0x478f99558a2b4b0d:0x3272d77c4197c195!8m2!3d46.6240178!4d8.036102!16s%2Fg%2F11c8993v83?entry=ttu&amp;g_ep=EgoyMDI1MDMxOS4yIKXMDSoASAFQAw%3D%3D" target="_blank">Zum Ziel navigieren (Google Maps)</a></span></p><p><br></p><p>Im Zentrum von Grindelwald bietet Vogts Corner eine Auswahl an hochwertigen Schweizer Uhren, Messern aller Art sowie Parfüms der weltbekannten Marke Victorinox.</p>;8.03612136259331;46.6240719;Dorfstrasse 111;3818;Grindelwald;+41 33 853 40 14;info@grindelwald-shopping.com;https://www.grindelwald-shopping.com;[{'@type': 'ImageObject', 'contentUrl': 'https://jrtagpimtsoch.sos-ch-dk-2.exoscale-cdn.com/catalog/5/5/d/5/55d500fb0a935b894b92ccc6a5408eab48a5c61e_DSC05266.JPG'}];2025-09-05T16:31:29+02:00
152065f7-f1c1-4971-b03b-6c254ef26d6f;Chalet Crystal 4 Bett Wohnung;Hier fühlst du dich Zuhause.;<p class="MsoNormal">Eine Ferienwohnung inmitten der Bergwelt. In unmittelbarer
Nähe zur Skipiste. Mitten im Wanderparadies. Wir freuen uns auf dich.&nbsp;</p><p>



</p><p class="MsoNormal">Über den Button gelangst du direkt zum Buchungsportal oder
kannst eine E-Mail für deine Reservationsanfrage an den Vermieter schicken.<o:p></o:p></p>;7.89369285106659;46.55885661714059;Niedrimatten 976B;3825;Mürren;crystal.muerren@gmail.com;[{'@type': 'ImageObject', 'contentUrl': 'https://jrtagpimtsoch.sos-ch-dk-2.exoscale-cdn.com/catalog/f/b/e/1/fbe136508015a1aa5576fc4897ba638b53ce4f35_M__rren_Chalet_Crystal_4_Bett.jpg'}];2026-07-07T15:59:28+02:00
19783417-844e-4596-9809-b1a1206677ae;Nachts am Hasliberg;Skifahren und Schlitteln unter dem Sternenhimmel;Verbringe einen lustigen und kurzweiligen Abend mit deinen Freunden oder deiner Familie am Hasliberg. Fürs Skifahren sind die Pisten Nr. 14 und 23 von Mägisalp nach Reuti beleuchtet.  Das Nachtschlitteln findet jeweils auf der unbeleuchteten Schlittelstrecke von Mägisalp nach Bidmi statt, daher unbedingt eine Stirnlampe mitnehmen.

Um das Erlebnis abzurunden, empfehlen wir dir im Bergrestaurant Mägisalp den Fondue- oder Racletteplausch – musikalische Unterhaltung inklusive.

Ebenfalls sind während dem Nachtskifahren das Familienrestaurant Bidmi sowie das Hotel Reuti geöffnet.

Gültig: Jahres- und Saisonabonnemente, Top4-Skipass, Ski-/Wandertages- und Mehrtageskarten*
* Die Wander- und Schlittelpässe sind ausschliesslich zum Wandern und Schlitteln gültig und berechtigen nicht zum Ski- oder Snowboardfahren.;8.209640979766847;46.73315459237943;Twing 365L;6084  ;Hasliberg Wasserwendi;+41 33 550 50 50;info@meiringen-hasliberg.ch;https://meiringen-hasliberg.ch/183/nachtangebote;[{'@type': 'ImageObject', 'contentUrl': 'https://jrtagpimtsoch.sos-ch-dk-2.exoscale-cdn.com/catalog/9/1/f/f/91ffeee2c67eb7e2a2b345dc1e094aa480e1d509_nachtskifahren_hasliberg_bydavidbirri.jpg'}];2026-09-04T15:49:07+02:00
1a0568e0-b55d-4f46-8ddf-9e2837a39587;Übungsgelände Allmendhubel;Die Piste für Anfänger*innen;<p>Mit Spielplatz, Terrasse und Restaurant ist der Allmendhubel der ideale Ort f&uuml;r Familien. Auf dem Gel&auml;nde gibt es diverse M&ouml;glichkeiten, das Skifahren und Snowboarden zu &uuml;ben. Am Tellerlift lernst du das Fahren am Lift und hat die M&ouml;glichkeit zu den hinteren Pisten (Allmi und Palace-Run) zu gelangen. Infrastruktur Das Gel&auml;nde ist mit einem Tellerlift ausgestattet. Dieser liegt an einer blauen Piste und f&uuml;hrt zu weiteren blauen und roten Pisten. Teil des Gel&auml;ndes ist auch Lilly's magische Kidsslope &ndash; eine leichte und abenteuerliche Strecke f&uuml;r Kinder. Das Pamoramarestaurant befindet sich unmittelbar bei der Bergstation.</p>;7.888805866241456;46.56406467312938;3825;Mürren;+41 33 826 00 07;info@schilthorn.ch;https://www.schilthorn.ch;[{'@type': 'ImageObject', 'contentUrl': 'https://jrtagpimtsoch.sos-ch-dk-2.exoscale-cdn.com/catalog/0/7/e/f/07efda8760a15092245cb535694c01bf2faba08b_Allmihubelbahn3_Panorama_1.jpg'}];2026-09-04T15:49:07+02:00
1a210b7d-c822-4289-8ac8-d8aca9ca374e;Coop Vitality Apotheke;Die Coop Vitality Apotheke bietet eine breite Auswahl an Medikamenten, Gesundheitsprodukten und individueller Beratung für Wohlbefinden und Prävention.;<p><a href="https://www.google.ch/maps/place/Firstbahn+AG/@46.625125,8.0392042,17z/data=!3m1!4b1!4m6!3m5!1s0x478f9bfa25f37115:0x739c6d6142c5e8b9!8m2!3d46.625125!4d8.0417791!16s%2Fg%2F119wpmlj0?hl=de&amp;entry=ttu&amp;g_ep=EgoyMDI0MTExOC4wIKXMDSoASAFQAw%3D%3D" target="_blank" style="font-weight: bold;">Zum Ziel navigieren (Google Maps)</a></p><p><br>Die Coop Vitality Apotheke bietet verschiedene Gesundheitsdienstleistungen wie Allergie-Check, Blutdruckmessung, Covid-19-Tests und Impfungen (z. B. Grippe und Covid-19). Weitere Angebote umfassen Diabetes-Check, HerzCheck®, Haar-Mineral-Analyse, Polymedikations-Check, Taping, Ohrcheck, Ohrlochstechen und Zecken-Impfung. Zudem wird eine individuelle Beratung zu Gesundheit und Prävention geboten.</p>;8.035241;46.6242074;3818;Grindelwald;+41 58 878 8600;https://www.coop.ch/de/unternehmen/standorte-und-oeffnungszeiten/detail.html/5150/coop-vitality-vitality-grindelwald.html?srsltid=AfmBOor5uBJ5oEM5fbNGoVByqNgywOrtzmu54ROGXYuA60BgItx800jf;[{'@type': 'ImageObject', 'contentUrl': 'https://jrtagpimtsoch.sos-ch-dk-2.exoscale-cdn.com/catalog/d/4/2/9/d429fd1e0294b1657bd36d2cd9bb6cf3f156e06a_2024_09_16.jpg'}];2026-07-07T15:59:28+02:00
1cd07d27-f4e7-4efe-9aba-14771db25d0b;ALTITUDE Ski and Snowboard School;Die Ski- und Snowboardschule in Grindelwald;Die ALTITUDE Ski and Snowboard School hat sich zum Ziel gesetzt, dass ihre Gäste eine bestmögliche Erfahrung machen – von der Buchung des Unterrichts oder der Führung bis hin zum Geniessen eines unglaublichen Tages auf dem Berg.

Sie bietet Privat- und Gruppenunterricht in über zehn  Sprachen an.;8.03727686405182;46.62335441493738;Dorfstrasse 128;3818;Grindelwald;+41 33 853 00 40;grindelwald@altitudeskischool.com;https://www.altitudeskischool.com/grindelwald/;[{'@type': 'ImageObject', 'contentUrl': 'https://jrtagpimtsoch.sos-ch-dk-2.exoscale-cdn.com/catalog/d/1/6/e/d16e04734a1e0efa1620bb160cbbca4dde3354a8_Altitude_Skischule__3_.jpg'}];2026-09-04T15:49:07+02:00
1d0cde03-af5c-4968-9eab-64d8619cc1d9;Alpwirtschaft Handegg ;Käse, Wurst, Joghurt ;8.3071639;46.6128392;Handeck;3864;Guttannen;https://www.facebook.com/alpkaeserei.handegg/;[{'@type': 'ImageObject', 'contentUrl': 'https://jrtagpimtsoch.sos-ch-dk-2.exoscale-cdn.com/catalog/3/a/0/f/3a0f5413d6f7e6b32c0fa450f9b13acec069ab5d_Alpwirtschaft_Handegg.jpg'}];2026-09-04T15:49:07+02:00
1de50a7d-7bb3-4373-9334-37078621c01a;Paramed Zentrum Willems;Das Paramed Zentrum Willems in Grindelwald bietet spezialisierte Behandlungen in Physiotherapie, Osteopathie und Manueller Therapie an.;<p><a href="https://www.google.com/maps/place/Spillstattstrasse+46,+3818+Grindelwald/@46.6271406,8.0245482,2319m/data=!3m2!1e3!4b1!4m6!3m5!1s0x478f99519414a661:0x6512e181949e63e1!8m2!3d46.6271369!4d8.0271231!16s%2Fg%2F11dzp_6wrj?entry=ttu&amp;g_ep=EgoyMDI0MTEyNC4xIKXMDSoASAFQAw%3D%3D" target="_blank" style="font-weight: bold;">Zum Ziel navigieren (Google Maps)</a></p><p><br></p><p>Seit 2000 leitet Marco Willems das Paramed Zentrum Willems in Grindelwald, das sich auf Physiotherapie, Osteopathie und Manuelle Therapie spezialisiert hat und seit 2017 in neuen Räumlichkeiten arbeitet, wo ein engagiertes Team individuelle Behandlungs- und Fitnessprogramme anbietet und eng mit der Schul- sowie Komplementärmedizin zusammenarbeitet, auch in Interlaken.</p>;8.027121691120819;46.6270935;3818;Grindelwald;+41 33 853 38 86;physiowillems@sunrise.ch;https://www.paramedzentrum-willems.ch/;[{'@type': 'ImageObject', 'contentUrl': 'https://jrtagpimtsoch.sos-ch-dk-2.exoscale-cdn.com/catalog/7/9/3/3/7933737e745424ed4255cfad042c476a85ecd79d_Screenshot_2024_11_29_100048.png'}];2026-07-07T15:59:28+02:00
1e0ce6e4-c22a-45a4-98b1-33b6002294b2;Chalet Sunnerain Erdgeschoss und Gartengeschoss ideal für bis zu 7 Personen;Hier fühlst du dich Zuhause.;<p class="MsoNormal">Eine Ferienwohnung inmitten der Bergwelt. In unmittelbarer
Nähe zur Skipiste. Mitten im Wanderparadies. Wir freuen uns auf dich.&nbsp;</p><p>



</p><p class="MsoNormal">Über den Button gelangst du direkt zum Buchungsportal oder
kannst eine E-Mail für deine Reservationsanfrage an den Vermieter schicken.<o:p></o:p></p>;7.892182413764218;46.5582737;Eggli 985D;3825;Mürren;y.freihofer@gmail.com;[{'@type': 'ImageObject', 'contentUrl': 'https://jrtagpimtsoch.sos-ch-dk-2.exoscale-cdn.com/catalog/a/e/e/9/aee9f048175e0b52a6a4718a20e863ca0fc568ff_M__rren_Chalet_Sunnerain_Erdgeschoss_Sommer.jpg'}];2026-07-07T15:59:28+02:00
1e722ce1-9546-4de9-b976-ef274ed8f909;Klettergarten Gletscherschlucht;Klettern für jedes Niveau;Direkt beim Eingang zur Gletscherschlucht befindet sich der Klettergarten. Ob Beginner oder Fortgeschrittene, jeder findet hier die passende Herausforderung.;8.046820163726808;46.61358293192834;Aspistrasse;3818;Grindelwald;+41 33 854 12 12;info@grindelwald.swiss;https://grindelwald.swiss;[{'@type': 'ImageObject', 'contentUrl': 'https://jrtagpimtsoch.sos-ch-dk-2.exoscale-cdn.com/catalog/a/d/a/c/adac4ed88b539fac1a162d9cc43b4d066aff0fd6_Klettern_Gletscherschlucht__3_.jpg'}];2026-09-04T15:49:07+02:00
1f1d7557-6f76-4c17-a439-62aa8d24403f;BaseCamp Bar & Restaurant;Food - Drinks - Friends;Das BaseCamp ist mehr als ein Restaurant.

Es ist ein Ort der Zusammenkunft, wo Freunde gemeinsam Genuss und Echtheit zelebrieren wie einst die Bergsteiger vor Aufbruch oder nach Rückkehr ihrer Bergtour. Auf der Karte findest du das Beste aus der Region sowie das Raffinierteste von dem, was wir jenseits der Talgrenze entdeckt haben. Hier darfst du ganz du sein, geniessen und mit Freunden verweilen, drinnen oder draussen auf einer der schönsten Terrassen von Grindelwald.;8.04079055786133;46.62347964394176;Almisgässli 1;3818;Grindelwald;+41 33 853 07 10;hello@basecamp.restaurant;https://www.basecamp.restaurant/;[{'@type': 'ImageObject', 'contentUrl': 'https://jrtagpimtsoch.sos-ch-dk-2.exoscale-cdn.com/catalog/2/6/3/3/263369399ed81f8c64710aee23072494e40c23ef_BaseCamp_Summer26_OutdoorTerrasseMood_77.jpg'}];2026-09-04T15:49:07+02:00
1f74b4c1-c0d8-4634-adea-d969841ab523;Püüre Laden ;Authentischer Schweizer Käse und Spezialitäten aus Gadmen. ;Der Püüre Laden Gadmen bietet eine Auswahl an authentischen Schweizer Produkten, darunter Alpkäse, ein Käse, der ausschliesslich in den Sommermonaten auf der Alp hergestellt wird und mit würzigen Kräutern verfeinert ist. Ausserdem gibt es eine Reihe von Wurstwaren wie Gadmermerchnebel, Geisswurst, Schafwurst und Trockenfleisch, die alle von Tieren stammen, die auf der Alp aufgezogen und nach traditionellen Rezepten verarbeitet wurden. Zu ihren Spezialitäten gehören auch Liköre, Sirupe, Essige, Marmeladen, Honig und Nideltäfeli, die du online kaufen kannst.;8.3184243;46.7211085;[{'@type': 'ImageObject', 'contentUrl': 'https://jrtagpimtsoch.sos-ch-dk-2.exoscale-cdn.com/catalog/7/8/0/5/7805b81e1dba57dab8a534a1ad8279ff4adebfd9_pic_96830.jpg'}];2026-09-04T15:49:07+02:00
21980845-75ac-42bf-8242-c8e222e25e30;Skirennzentrum Hasliberg;Permanente Renn- und Trainingspisten nach internationalem Standard;Das Skirennzentrum Hasliberg ist eine einzigartige alpine Begegnungsstätte. Hier können motivierte Jungtalente Seite an Seite mit etablierten Weltcup- und Europacup-Fahrern*innen trainieren. 

Die Strecken und das Infrastrukturgebäude sind zwischen dem Panoramarestaurant Alpen tower und der Mägisalp. Die Renn- und Trainingspiste befindet sich parallel zum Tschuggilift. Die Fahrzeit vom Skilift beträgt nur sechs Minuten, was viele Trainingsläufe in kurzer Zeit ermöglicht.

Infrastruktur
Sicherheit: Die Piste ist mit fix installierten Sicherheitsnetzen ausgerüstet. Zusätzlich steht mobiles Sicherheitsmaterial vor Ort zur Verfügung. 

Beschneiung: Die Piste kann ganzflächig maschinell beschneit werden. Das garantiert stabile Bedingungen und eine lange Saison. 

Zeitmessung: Fix installierte Zeitmessungskabel für Wettkämpfe der Disziplinen SG, RS, SL und PS. 

Beschallung: Eine fix installierte Lautsprecheranlage ermöglicht die Beschallung der ganzen Strecke. 

Zielgelände: Modernes Gebäude mit Wettkampfbüro, Aufenthaltsraum und sanitären Anlagen. 

Ski- und Wachsraum: In der Gondelbahnstation Hasliberg Reuti steht den Teams permanent ein Wachsraum zur Verfügung. 

Material: Das Skirennzentrum Hasliberg verfügt über top modernes Trainings- und Wettkampfmaterial.;8.237342834472658;46.749027045057815;Twing 365L;6084 ;Hasliberg Wasserwendi;+41 33 550 50 50;info@meiringen-hasliberg.ch;https://www.meiringen-hasliberg.ch;[{'@type': 'ImageObject', 'contentUrl': 'https://jrtagpimtsoch.sos-ch-dk-2.exoscale-cdn.com/catalog/f/9/7/f/f97f4ca9be42f8c70abdd361319bd1828e281c24_SkirennzentrumHasliberg_Fahrer.jpg'}];2026-09-04T15:49:07+02:00
22f1ae8a-e3ee-4857-8466-79e37fd7a6e6;Belvedere Swiss Quality Hotel;Die traumhafte Aussicht auf den berühmten Eiger, die genussreiche Küche und der Sole-Whirlpool im Garten: das sind nur einige der Highlights, die Ihre Ferien bei der Familie Hauser im Hotel Belvedere Grindelwald unvergesslich machen.;<p>Hotel Belvedere Grindelwald &ndash; herzliche Gastfreundschaft bei Familie Hauser und Mit-Gastgebern</p><p>Hier finden Sie alles, was Ihr Herz begehrt: Prachtvolle Aussichten aus allen individuellen Suiten, Doppel- und Familienzimmern mit Balkon, Klimaanlage, Teestation, internationalem TV und verschiedenen Kopfkissen f&uuml;r einen erholsamen Schlaf in den Ferien. Die genussreiche K&uuml;che in den beiden Restaurants &laquo;1910 &middot; Gourmet by Hausers&raquo; (ausgezeichnet mit einem Stern im Guide MICHELIN 2025 und 16 Gault-Millau-Punkten) und &laquo;Belvedere&raquo; verw&ouml;hnt Ihren Gaumen. Viele Produkte auf dem Fr&uuml;hst&uuml;cksbuffet stammen aus der Region und original aus Grindelwald. Und die gem&uuml;tlich eingerichtete Gondel bietet den perfekten Rahmen f&uuml;r ein romantisches T&ecirc;te-&agrave;-T&ecirc;te bei einem klassischen Schweizer K&auml;se-Fondue.</p><p>Ob klassisch oder originell: Die feinen Drinks von der Cocktailbar geniessen die G&auml;ste auf der Terrasse mit Blick auf den Eiger, in der Belvedere Stuba mit Kamin oder bei einer Partie Billard.</p><p>Der kleine, aber feine Wellness-Bereich mit einem Sole-Whirlpool im Garten, Schwimmbad im Alpin-Style, Saunen, Dampfbad und Massagen l&auml;dt die ganze Familie zum gem&uuml;tlichen Verweilen und Entspannen ein.</p><p>Gratis WLAN im ganzen Hotel, gratis Parkpl&auml;tze vor dem Haus, der Abholservice am Bahnhof bei der Anreise und der private Skibus am Morgen in der Wintersaison runden das Angebot ab.</p><p>Herzlich willkommen - wir freuen uns auf Sie!</p>;8.029357532361477;46.62523865;Dorfstrasse 53;3818;Grindelwald;+41 33 888 99 99;mice@belvedere-grindelwald.ch;https://www.belvedere-grindelwald.ch/de/seminare/seminare-und-tagungen/;[{'@type': 'ImageObject', 'contentUrl': 'https://jrtagpimtsoch.sos-ch-dk-2.exoscale-cdn.com/catalog/f/7/0/a/f70ab3baa96a7234440345cc1d9e6b723f893558_image.jpeg'}];2026-07-22T15:36:07+02:00
230498ed-a589-403e-a9c0-32c18b8cdd6d;Eisbahn Wengen ;Eislaufen auf perfekt präpariertem Kunsteis.;7.9223901;46.6062717;Wengiboden 1349B;3823;Wengen;+41 33 856 85 85;info@wengen.swiss;https://wengen.swiss;[{'@type': 'ImageObject', 'contentUrl': 'https://jrtagpimtsoch.sos-ch-dk-2.exoscale-cdn.com/catalog/1/b/7/0/1b70de301ea2e715ead4689196b697659027a1b3_DJI_20260101151747_0563_D.JPG', 'caption': {'de': 'Eisbahn'}}];2026-07-07T15:59:29+02:00
233bc40d-2229-47ee-aab8-c5996514991f;Intersport Graf;Ihr Sportfachgeschäft im Herzen von Grindelwald;<p><strong><a href="https://www.google.com/maps/place/Intersport+Graf/@46.6244584,8.0324477,17z/data=!3m1!4b1!4m6!3m5!1s0x478f9953ea38e8c7:0x696c4877b150fbe0!8m2!3d46.6244584!4d8.035028!16s%2Fg%2F1vq9l5wg?entry=ttu&amp;g_ep=EgoyMDI1MDIyNi4xIKXMDSoASAFQAw%3D%3D" rel="noopener noreferrer" target="_blank">Zum Ziel navigieren (Google Maps)</a></strong></p><p></p><p>Intersport Graf bietet eine erstklassige Auswahl an Bekleidung und Ausrüstung der bekanntesten Marken, sowohl für Damen als auch für Herren. Neben dem Verkauf steht dir auch ein umfangreiches Sortiment an Winter- und Sommersportausrüstung zur Miete zur Verfügung.</p><p></p><p>Die Skivermietung ist Teil des Intersport Jungfrau Netzwerks und garantiert dir höchste Qualität und besten Service, damit du deine Zeit in den Bergen in vollen Zügen geniessen kannst.</p>;8.035017949202674;46.624489249999996;Dorfstrasse 95;3818;Grindelwald;+41 33 854 88 44;sport@grafgrindelwald.ch;https://www.grafgrindelwald.ch/de/;[{'@type': 'ImageObject', 'contentUrl': 'https://jrtagpimtsoch.sos-ch-dk-2.exoscale-cdn.com/catalog/1/e/8/b/1e8bd3f67342c497a5be2e4666a92cdab64fd32a_marieroth.photo.2___1_.jpg'}];2026-09-04T15:49:07+02:00
23c15502-ba15-48d9-ab3a-6b4e797879d2;SPA und Fitness Silberhorn;Relaxe mit Blick auf die Jungfrau und das ganze Tal;<p>K&ouml;rper und Seele in Harmonie bringen &ndash; ausbalancieren, innehalten... der Stress verschwindet.<br><br>Ausstattung:</p><ul><li>Whirlpool</li><li>beheiztes Dampfbad Solarium (gegen Geb&uuml;hr)</li><li>Fusskneippbecken</li><li>Finnische Sauna</li><li>Bio-Sauna</li><li>Erlebnisduschen</li><li>Massageraum (Massage gegen Geb&uuml;hr)</li><li>Ruhe- und Entspannungsraum mit Blick auf das herrliche Bergpanorama</li><li>Honesty Bar</li><li>Im Sommer: Terasse mit Liegest&uuml;hlen<br><br></li></ul>;7.9221381;46.6052545;3823;Wengen;+41 33 856 51 31;hotel@silberhorn.ch;https://www.silberhorn.ch/en;[{'@type': 'ImageObject', 'contentUrl': 'https://jrtagpimtsoch.sos-ch-dk-2.exoscale-cdn.com/catalog/8/b/0/7/8b074c0b628374b0cb7448177994c10c8f4794e9_spa_und_fitness_silberhorn__1_.jpg'}];2026-09-04T15:49:07+02:00
2408c6a6-ded3-4152-8619-b7971b7093b7;Mount Cushion;Mount Cushion – der Kissenberg.;<p data-start="67" data-end="302" class=""><span style="font-weight: bold;"><a href="https://www.google.ch/maps/place/Dorfstrasse+165A,+3818+Grindelwald/@46.6241882,8.0385594,17z/data=!3m1!4b1!4m6!3m5!1s0x478f9bfeb9361165:0x64410794f3380ea7!8m2!3d46.6241882!4d8.0411343!16s%2Fg%2F11sscv_p51?entry=ttu&amp;g_ep=EgoyMDI1MDMxOS4yIKXMDSoASAFQAw%3D%3D" target="_blank">Zum Ziel navigieren (Google Maps)</a></span></p><p data-start="67" data-end="302" class=""><span style="font-weight: bold;"><br></span></p><p data-start="67" data-end="302" class="">Ein Laden voller Kissen. Zum Kuscheln, zum Träumen, zum Wärmen, zum Kühlen, zum Schmücken von Räumen. Mount Cushion verbindet Traditionelles mit zeitgemässem Design. Moderne Swissness für das Zuhause.</p><p data-start="67" data-end="302" class="">Kissen, entworfen und genäht in Grindelwald und der Region. Hochwertige Textilien und edle Füllungen werden verwendet, wie zum Beispiel altes Leinen und Arvenspäne. Ein Stück echte Bergwelt für das Zuhause.</p>;8.041130487914229;46.624204750000004;Dorfstrasse 165a;3818;Grindelwald;+41 33 853 14 00;info@mount-cushion.ch;https://mount-cushion.ch/;[{'@type': 'ImageObject', 'contentUrl': 'https://jrtagpimtsoch.sos-ch-dk-2.exoscale-cdn.com/catalog/3/5/3/e/353e02dd0e82de2ed57c8b9f8624870c2d807661_DSC05235.JPG'}];2025-03-25T15:13:23+01:00
24d5d59f-92c1-4acf-ab4e-2aab78a85a62;Säge Schwarzwaldalp;Historische Sägenmühle im idyllischen Reichenbachtal.;Das historische Sägewerk Schwarzwaldalp, das vor über einem Jahrhundert gebaut wurde, arbeitet immer noch mit der gleichen Präzision wie am ersten Tag. Dieses Wunderwerk der Technik wird mit einer Naturkraft angetrieben und ist ein Beispiel für ausgefeilte Handwerkskunst.&nbsp;;8.1330486;46.6753094;Schwarzwaldalp;3860;Meiringen;+41 33 971 35 15;https://saege-schwarzwaldalp.ch/d/fotos/;[{'@type': 'ImageObject', 'contentUrl': 'https://jrtagpimtsoch.sos-ch-dk-2.exoscale-cdn.com/catalog/6/e/e/0/6ee0c409ed1915555daa42e4bf3094c27909b7c3_S__ge_Schwarzwaldalp.jpg'}];2026-09-10T12:06:49+02:00
24db44e6-e503-47d1-8d73-330e845dd2eb;Chalet Soldanella;Hier fühlst du dich Zuhause.;<p class="MsoNormal">Das Chalet Soldanella befindet sich im Zentrum von M&uuml;rren an ruhiger Lage. Die 3 Zimmerwohnung im Dachgeschoss eines &auml;lteren Dreifamilienchalets hat einen gem&uuml;tlichem Ausbau mit einmaliger Aussicht. Das Domizil eignet sich bestens f&uuml;r Sommer- und Winterurlaub.<br><br>Nebst dem Wohnzimmer hat es in einem Schlafzimmer zwei hintereinanderliegende Betten, im anderen Schlafzimmer ist ein Einzelbett von 120 cm Breite. Die K&uuml;che ist zweckm&auml;ssig ausger&uuml;stet. Das Bad verf&uuml;gt &uuml;ber ein WC, eine Badewanne zum Duschen und 2 Lavabos.&nbsp;<br><br>Sportzentrum und Restaurants sind in 5-10 Minuten zu Fuss erreichbar.&nbsp;Zur&nbsp;Talstation der Allmendhubelbahn sind es 150m. Die Skipiste f&uuml;hrt direkt am Chalet vorbei.<br><br>Die obligatorische Tourismusabgabe/Steuer ist ab Sommersaison 2026 im Mietpreis inbegriffen. Die G&auml;stekarte, welche zum freien Eintritt im Hallenbad oder der Kunsteisbahn (Winter) berechtigt, wird den G&auml;sten bei der Anreise von der Vermieterin ausgeh&auml;ndigt.</p><p class="MsoNormal">&nbsp;</p>;7.892694540849671;46.56019005;Lus 1049;3825;Mürren;wavoall@gmail.com;[{'@type': 'ImageObject', 'contentUrl': 'https://jrtagpimtsoch.sos-ch-dk-2.exoscale-cdn.com/catalog/c/a/f/c/cafc83af4793f01a7a038a87295fa9a1b7e41bce_M__rren_Chalet_Soldanella.jpg'}];2026-07-07T15:59:29+02:00
24e33176-0518-4797-a878-37bb2b5c42e3;Dorflade Wengen ;Dorflade Wengen, ein Lebensmittelgeschäft im Herzen von Wengen. ;Dorflade Wengen bietet ein breites Sortiment an Lebensmitteln, darunter Käse von der Wengernalp. Das Geschäft ist bekannt für seine regionalen Produkte und den Hauslieferdienst. Die Öffnungszeiten variieren je nach Saison, wobei das Geschäft im Sommer, Winter und Frühling täglich geöffnet ist. ;7.9211369;46.6060061;Dorfstrasse;3823;Wengen;+41 33 855 14 51;info@dorflade-wengen.ch;https://www.dorflade-wengen.ch/de;[{'@type': 'ImageObject', 'contentUrl': 'https://jrtagpimtsoch.sos-ch-dk-2.exoscale-cdn.com/catalog/1/c/1/f/1c1f8670201e118efe006e770d7d4982a66bb1a5_Dorflade_wengen.jpg'}];2026-09-04T15:49:07+02:00
2732ba6a-8511-4c15-be57-cc40116cc56f;Klein und Gross Simelistock;Der Klassiker unter den Klettertouren in den Engelhörnern;Die herrliche Klettertour auf die Simelistöcke ist wohl der Klassiker schlechthin in den Engelhörnern. Vom Parkplatz auf der Rychenbachalp (bewilligungspflichtig) marschierst du in ca. 1 Stunde an den Einstieg der Kletterroute. In herrlicher Kalkkletterei überschreitest du zuerst den kleinen Simelistock und anschliessend – in etwas ausgesetzter Kalkkletterei – erreichst du den Gipfel des grossen Simelistocks.

Die Aussicht auf das wilde Ochsental ist wunderbar. Der Abstieg erfolgt über etliche Abseilstellen und Wegspuren ins Ochsental hinunter. In der Engelhornhütte kannst du dich stärken, bevor du zurück zum Parkplatz wanderst.;8.1813687;46.6817314;Schattenhalb;+41 76 572 54 72;info@bergsteigerschule-rosenlaui.ch;https://www.bergsteigerschule-rosenlaui.ch;[{'@type': 'ImageObject', 'contentUrl': 'https://jrtagpimtsoch.sos-ch-dk-2.exoscale-cdn.com/catalog/e/3/b/0/e3b00f33c01e7ddb3b826508205fd010484af94b_simeli1_57e39af167efa.jpg'}];2026-09-04T15:49:07+02:00
278455a3-be6a-4a6d-894b-6938759144f1;Kaufmann Fashion;Modische Kleidung und Rucksäcke.;<p><span style="font-weight: bold;"><a href="https://www.google.ch/maps/place/Kaufmann+Fashion/@46.6237134,8.0365242,20z/data=!4m6!3m5!1s0x478f9bfe2f65311b:0x4aac64f29040d9df!8m2!3d46.6236063!4d8.0366968!16s%2Fg%2F11g9sxgr5j?hl=de&amp;entry=ttu&amp;g_ep=EgoyMDI1MDMxOC4wIKXMDSoASAFQAw%3D%3D" target="_blank">Zum Ziel navigieren (Google Maps)</a></span></p><p><br></p><p>Kaufmann Fashion befindet sich im Zentrum von Grindelwald, direkt neben dem Sportgeschäft Intersport Kaufmann. Der Laden bietet hochwertige, modische Kleidung im lässigen Stil für jeden Anlass.</p>;8.036584854125978;46.62356069635375;Dorfstrasse 118;3818;Grindelwald;+41 33 853 13 77;info@kaufmann-fashion.ch;https://www.kaufmann-fashion.ch;[{'@type': 'ImageObject', 'contentUrl': 'https://jrtagpimtsoch.sos-ch-dk-2.exoscale-cdn.com/catalog/8/b/c/1/8bc1cf600a12cdc5ffafdd80966cd07c7603031c_Kaufmann_Fashion.jpg'}];2025-03-21T16:50:28+01:00
28f3b135-0a20-46e4-9012-3514c244a9c0;United Colors of Benetton;Modekette mit legeren Kleidungsartikeln und Accessoires der Eigenmarke in leuchtend bunten Farben.;<p><a href="https://www.google.ch/maps/place/Dorfstrasse+131,+3818+Grindelwald/@46.6234769,8.0353123,16z/data=!3m1!4b1!4m6!3m5!1s0x478f9bfe48c38e15:0xb74da2089ecc35e2!8m2!3d46.6234769!4d8.0378872!16s%2Fg%2F11c2b3x2qb?hl=de&amp;entry=ttu&amp;g_ep=EgoyMDI1MDMxOC4wIKXMDSoASAFQAw%3D%3D" target="_blank" style="font-weight: bold;">Zum Ziel navigieren (Google Maps)</a></p><p><br></p><p>Der United Colors of Benetton Laden in Grindelwald bietet eine grosse Auswahl an legerer und modischer Kleidung. Im Herzen der Schweizer Alpen gelegen, zeichnet sich der Laden durch seinen jungen, bunten und dynamischen Stil aus, ideal für diejenigen, die moderne Trends in einer gemütlichen und eleganten Atmosphäre suchen.</p>;8.0378839;46.6234655;Dorfstrasse 131;3818;Grindelwald;+41 33 853 32 04;[{'@type': 'ImageObject', 'contentUrl': 'https://jrtagpimtsoch.sos-ch-dk-2.exoscale-cdn.com/catalog/d/7/5/a/d75a529c4b7171115beb576329d7434bb2480d3a_Benetton.jpg'}];2025-03-21T13:27:54+01:00
29827f87-30ad-47a2-a1dc-ec2cd54e8800;Gasthof Bären;Der Gasthof Bären in Hasliberg vereint rustikalen Charme mit italienischer Küche. Gemütliche Zimmer, Holzofen-Pizzen & Bergblick-Terrasse erwarten Dich. Ideal für Wandern, Skifahren & Erholung.;<p>Der Gasthof Bären in Hasliberg kombiniert den Charme eines traditionellen Schweizer Gasthauses mit der kulinarischen Vielfalt einer italienischen Pizzeria. Gelegen in der malerischen Berglandschaft der Schweizer Alpen, bietet der Gasthof gemütliche Zimmer mit einem Mix aus rustikalem Stil und modernem Komfort, ideal für einen erholsamen Aufenthalt. Das Check-in ist ab 15:00 Uhr möglich und erfolgt im Hotel Wetterhorn.</p><p>Die Pizzeria des Gasthofs ist bekannt für ihre köstlichen, authentischen Pizzen, die im Holzofen gebacken werden, sowie für eine Vielzahl weiterer italienischer Spezialitäten und Gerichte. Gäste können ihre Mahlzeiten im einladenden Restaurant oder auf der sonnigen Terrasse mit Blick auf die Berge geniessen.</p><p>Der Gasthof Bären ist ein idealer Ausgangspunkt für Outdoor-Aktivitäten wie Wandern, Skifahren und Mountainbiken. Mit seiner freundlichen Atmosphäre und dem zuvorkommenden Service sorgt der Gasthof dafür, dass sich jeder Gast willkommen und wohl fühlt.</p>;8.169911669172103;46.7522656;Sattel 35c;6083;Hasliberg;+41 41 240 46 34;info@sinnvollgastro.ch;https://sinnvollgastro.ch/unsere-betriebe/gasthof-baeren/seminar-baeren;[{'@type': 'ImageObject', 'contentUrl': 'https://jrtagpimtsoch.sos-ch-dk-2.exoscale-cdn.com/catalog/7/9/8/6/7986ef22eed6ca0ea3e4413d8eb28dab1c49173a_b__ren_hasliberg_hq_druck__8501156_HDR.jpg'}];2026-09-04T14:40:59+02:00
2aa0736b-3a02-4051-9d65-0a53b139f6ef;Curling Grindelwald;Im Sportzentrum kannst du die Olympische Sportart ausprobieren.;Curling ist eine attraktive und spannende Eissportart, welche in jedem Alter gespielt werden kann. Das Spiel fördert sowohl die geistige und körperliche Beweglichkeit, als auch die Konzentrationsfähigkeit und die Beobachtungsgabe. Neben den sportlichen Voraussetzungen, wie Können und Geschicklichkeit, sind Fairness und Teamgeist gefragt.

Regelmässig finden auch Turniere des Curling Clubs Grindelwald für Anfänger*innen und Profis statt.;8.035522339040838;46.62300125;Dorfstrasse 110;3818;Grindelwald;+41 33 854 12 30;sport@grindelwald.swiss;https://www.sportzentrum-grindelwald.ch;[{'@type': 'ImageObject', 'contentUrl': 'https://jrtagpimtsoch.sos-ch-dk-2.exoscale-cdn.com/catalog/c/b/5/3/cb53aed90cd38371bac75e943daadd186f3f48b4_curling_sportzentrum_grindelwald__1_.jpg'}];2026-09-04T15:49:09+02:00
2cb66714-7269-49a3-af8b-b2fd1a8b8581;Wellness im Hotel Gletschergarten;Kleine aber feine Wellnessoase;Das Hotel Gletschergarten bietet dir eine kleine aber feine Wellnessoase mit Sauna/Sanarium, Dampfbad und einem gemütlichen Ruheraum. Entspann dich nach einem langen Ski-oder Wandertag. Bei der Einrichtung unseres Wellnessbereichs legten wir grossen Wert auf natürliche Materialien, wobei viel Eichen-und Arvenholz aus der Region verwendet wurde.

Die Wellnessanlage ist nur für Hotelgäste geöffnet. Während der Sommersaison auf Anfrage.;8.046201812303753;46.625503800000004;Obere Gletscherstrasse 1 ;3818; Grindelwald ;+41 33 853 17 21; info@hotel-gletschergarten.ch;https://www.hotel-gletschergarten.ch;[{'@type': 'ImageObject', 'contentUrl': 'https://jrtagpimtsoch.sos-ch-dk-2.exoscale-cdn.com/catalog/9/a/6/4/9a64e259f8b7252b66e59298e0c234beb1868ae9_wellness_hotel_gletschergarten__5_.jpg'}];2026-09-04T15:49:09+02:00
2deb8cf2-10a5-42c3-8381-eb7751edd496;Kunsteisbahn Mürren;Auf zwei Kufen vor Eiger, Mönch und Jungfrau.;<p>Die Kunsteisbahn unter freiem Himmel beeindruckt mit wundersch&ouml;nem Bergpanorama im Hintergrund. Ob Schlittschuhlaufen, Eishockey, Curling oder Eisdisco, hier ist immer etwas los.</p><p>&nbsp;</p>;7.895324281060606;46.562483;Höhematte;3825;Mürren;+41 33 856 86 86;info@sportzentrum-muerren.ch;https://www.sportzentrum-muerren.ch;[{'@type': 'ImageObject', 'contentUrl': 'https://jrtagpimtsoch.sos-ch-dk-2.exoscale-cdn.com/catalog/0/b/5/1/0b516a90f6a9f9e4ba08c559e604cf908e43fc94_csm_Eislaufschule_M__rren_Lea_Seiler_und_Kinder_ece29d9d3b.jpg'}];2026-07-07T15:59:29+02:00
3293ced8-e0c9-4429-a21c-2a11a4b2de7c;Uf em Melk ;Bio-Hofprodukte von Grosssesel Wengen;Grossesel Wengen bietet eine Vielzahl von Bio-Hofprodukten an. Die saisonale Produkte umfassen Lam und Gitzi, während Alpkäse und Ziegenkäse das ganze Jahr über erhältlich sind. Dauerhafte Angebote sind Hühnereier und Trockenwurst. Der Hof ist BIO-zertifiziert (BIOSUISSE) ;7.92270159080873;46.59372765;auf dem Melk 1180;3823;Wengen ;079 226 09 44;info@grossesel.com;https://grossesel.com/ueber-uns/;[{'@type': 'ImageObject', 'contentUrl': 'https://jrtagpimtsoch.sos-ch-dk-2.exoscale-cdn.com/catalog/0/6/c/c/06cc2c51fc53fa07f67a18d8bcff9db8fe964f74_Uf_em_Melk.jpg'}];2026-09-04T15:49:09+02:00
32b9d4e1-1dbd-43ba-b5a3-ae2386c04532;Alpines Tenniscenter Meiringen;Tennisspielen in Meiringen;Tenniscenter mit Tennisschule, 3 Hallenplätzen, 2 Aussenplätzen, 4 Badmintonplätzen, Bistro und Shop für Tennis-, Badminton- und Kletterausrüstung. Unsere wunderschön gelegene Anlage im Herzen des Haslitals mit drei Hallenplätzen und zwei Aussenplätzen lädt zum Tennis- und Badmintonspielen ein.

Die familiäre Tennisschule bietet Jung und Alt ein breites Angebot, um das Spiel mit der Filzkugel zu geniessen, verbessern und erlernen. Unsere erfahrenen und gut ausgebildeten TennislehrerInnen bilden das Fundament einer Tennisschule, welche sich vor allem dem Breitensport widmet. 

Ein gutes Glas Wein in unserer Lounge? Gemütlich ein Glas Bier und im Grossbild-TV ein Fussballmatch schauen? Bei einem Café und leckerem Kuchen den Kindern in der Kinderecke beim Spielen zusehen? Bei uns im Bistro bist du dafür genau richtig.

Ob Mietmaterial oder Sportartikel für Tennis, Badminton und Klettern – unser Shop bietet die wichtigsten Ausrüstungsgegenstände zu vernünftigen Preisen an.;8.188757300376894;46.72283294151757;Alpbbachstrasse 22;3860;Meiringen;+41 33 971 39 00;https://www.tennismeiringen.ch/;[{'@type': 'ImageObject', 'contentUrl': 'https://jrtagpimtsoch.sos-ch-dk-2.exoscale-cdn.com/catalog/0/8/6/3/086302fb59ba96c750aa7e99acbe301de6d7b564_Tennishalle_Meiringen__4_.jpg'}];2026-09-04T15:49:09+02:00
34da7a6a-17c3-4e26-b4ec-2bae10f6333b;Backdoor Shop;Sportgeschäft im Dorfzentrum;<p><strong><a href="https://www.google.com/maps/place/Dorfstrasse+164,+3818+Grindelwald/@46.6232587,8.0401726,20.18z/data=!4m10!1m2!2m1!1sdorfstrasse+164!3m6!1s0x478f9bfee817f365:0xf27d7fd2a16e4669!8m2!3d46.6234686!4d8.0404701!15sCg9kb3Jmc3RyYXNzZSAxNjSSARFjb21wb3VuZF9idWlsZGluZ-ABAA!16s%2Fg%2F11bw43b9yh?entry=ttu&amp;g_ep=EgoyMDI1MDIxMC4wIKXMDSoASAFQAw%3D%3D" target="_blank" rel="noopener noreferrer">Zum Ziel navigieren (Google Maps)</a></strong></p><p>&nbsp;</p><p>Der Backdoor Shop bietet alles rund um die Themen Snowboarden, Skifahren oder Trailrunning. Neben dem Verkauf kann man im Backdoor Shop auch verschiedene Winter- und Sommerausr&uuml;stungen mieten &ndash; unter anderem Skitouringmaterial und Splitboards.</p>;8.040455547630536;46.623443800000004;Dorfstrasse 164;3818;Grindelwald;+41 33 853 09 70;info@backdoorshop.ch;https://backdoorshop.ch/;[{'@type': 'ImageObject', 'contentUrl': 'https://jrtagpimtsoch.sos-ch-dk-2.exoscale-cdn.com/catalog/c/6/8/4/c684a96e994e364f868473cc2b9762e348080b2c_Backdoor_Shop_Winter_by.davidbirri.jpg'}];2026-09-04T15:49:09+02:00
360e1bed-a31c-44f7-a3ba-697c1475e6c9;Hotel Kreuz & Post;Im Herzen von Grindelwald.
Ihr idealer Ausgangspunkt zur Jungfrau-Region. Gemütliche Zimmer mit Eigerblick und echter Schweizer Herzlichkeit.;<p>Zimmer &amp; SUITEN <br>Wo Schweizer Charme auf modernen Komfort trifft! Unsere stilvollen Zimmer und Suiten sind mehr als nur ein Ort zum &Uuml;bernachten &ndash; sie sind Ihr pers&ouml;nlicher R&uuml;ckzugsort inmitten der beeindruckenden Bergwelt Grindelwalds. Ankommen, wohlf&uuml;hlen und geniessen!</p><p>Restaurant &amp; Bar <br>Schweizer Genuss mit Herz &amp; Seele &ndash; Willkommen im Restaurant Kreuz &amp; Post! <br>Wo authentische Aromen, frische Zutaten und herzliche Gastfreundschaft aufeinandertreffen.</p><p>Wellness <br>Nach einem erlebnisreichen Tag in den Alpen ist unser gem&uuml;tlicher Wellnessbereich der perfekte R&uuml;ckzugsort. Durchflutet von nat&uuml;rlichem Licht, umh&uuml;llt von wohltuender W&auml;rme &ndash; hier k&ouml;nnen Sie abschalten, neue Energie tanken und K&ouml;rper sowie Geist verw&ouml;hnen.</p>;8.034180243484641;46.62458205;Dorfstrasse 85;3818;Grindelwald;+41 33 854 70 70;info@kreuz-post.ch;https://www.kreuz-post.ch/de/seminar-event-anfrage;[{'@type': 'ImageObject', 'contentUrl': 'https://jrtagpimtsoch.sos-ch-dk-2.exoscale-cdn.com/catalog/6/7/f/6/67f675617b44c2e3f5d3d9dccf7d802ea89244e1_S7_Hotel_ext.jpg'}];2026-09-04T15:49:09+02:00
370105c5-80ad-4a5e-b761-cb219fa69343;Edelwyss Hairstyling;Coiffeur Salon in Grindelwald für alle Altergruppen.;<p><strong><a href="https://www.google.com/maps/place/Edelwyss+Hairstyling/@46.624396,8.0409711,880m/data=!3m2!1e3!4b1!4m6!3m5!1s0x478f9bf95cee6797:0x2f6429b224a768fe!8m2!3d46.624396!4d8.043546!16s%2Fg%2F1ydpvc52d?entry=ttu&amp;g_ep=EgoyMDI1MDUxNS4wIKXMDSoASAFQAw%3D%3D" rel="noopener noreferrer" target="_blank">Zum Ziel navigieren (Google Maps) </a></strong></p><p></p><p></p><p>Edelwyss Hairstyling ist ein Coiffeur Salon in Grindelwald, der Dienstleistungen für Damen, Herren und Kinder anbietet. Du kannst bequem online einen Termin buchen und das erfahrene Team von Dana Jäggi und Anna Nussbaum kümmert sich um deine Haarbedürfnisse. Egal ob Haarschnitt, Färben oder spezielle Anlässe, hier findest du das passende Angebot. </p>;8.04353713989258;46.62441901419527;3818;Grindelwald;+41 79 319 90 39;[{'@type': 'ImageObject', 'contentUrl': 'https://jrtagpimtsoch.sos-ch-dk-2.exoscale-cdn.com/catalog/1/3/0/9/1309afb9f96925f0ccdcd20f92bcc21e060527a0_Eiger_im_Hintergrund.jpg'}];2026-07-07T15:59:29+02:00
3a130882-99d5-4e89-9c80-05f1f1090e31;Fusspflege Sunstar;Verwöhnprogramm für Hände und Füsse in Grindelwald. ;<p><strong><a href="https://www.google.com/maps/place/Sunstar+Hotel+Grindelwald/@46.6238043,8.0391232,17z/data=!3m1!4b1!4m6!3m5!1s0x478f6fc8895efcc9:0x3562ca57e63ba8fc!8m2!3d46.6238043!4d8.0416981!16s%2Fg%2F1tf0pjbx?entry=ttu&amp;g_ep=EgoyMDI1MDQyOS4wIKXMDSoASAFQAw%3D%3D" rel="noopener noreferrer" target="_blank">Zum Ziel navigieren (Google Maps) </a></strong></p><p></p><p></p><p>Im Sunstar Grindelwald kannst du ein Verwöhnprogramm für deine Hände und Füsse geniessen. Die Maniküre beginnt ab CHF 65.- und die Pediküre ab CHF 75.-. Zusätzlich kannst du deine Nägel für CHF 21 lackieren lassen. Diese Behandlungen bieten eine entspannende Auszeit und pflegen deine Hände und Füsse in einer angenehmen Umgebung. </p>;8.042145708610706;46.62378206085777;[{'@type': 'ImageObject', 'contentUrl': 'https://jrtagpimtsoch.sos-ch-dk-2.exoscale-cdn.com/catalog/4/c/1/d/4c1d74d9b7a795e3c7f4bf95b1822d1ad8f90584_Sunstar.jpg', 'caption': {'en': 'Sunstar ', 'fr': 'Sunstar '}}];2026-07-07T15:59:29+02:00
3a251ae6-ce2d-43f1-ac7a-c15e568f33f0;OUTDOOR - Bergsportschule;Die OUTDOOR Bergsportschule Grindelwald bietet dir über das ganze Jahr unvergessliche Naturerlebnisse - für Einsteiger und Bergprofis.;<p><a href="https://www.google.com/maps/place/Hauptstrasse+15,+3800+Matten+bei+Interlaken/@46.6815849,7.8605164,17z/data=!3m1!4b1!4m6!3m5!1s0x478fa49d4eebd4f9:0x2de41fdaa60f9e69!8m2!3d46.6815812!4d7.8630913!16s%2Fg%2F11c5b6s43x?entry=ttu&amp;g_ep=EgoyMDI0MTExOS4yIKXMDSoASAFQAw%3D%3D" target="_blank" style="font-weight: bold;">Zum Ziel navigieren (Google Maps)</a></p><p><br></p><p>Die OUTDOOR Bergsportschule Grindelwald bietet ganzjährig unvergessliche Naturerlebnisse für alle Abenteuerlustigen – sei es für Anfänger, die erste Erfahrungen in den Bergen sammeln möchten, oder für erfahrene Bergprofis, die ihre Fähigkeiten erweitern wollen. Mit einer breiten Palette an Kursen, darunter Wandern, Klettern, Skitouren und Alpinismus, ermöglicht die Schule einzigartige Erlebnisse in der beeindruckenden Bergwelt.</p>;8.035431504249575;46.62434550596852;Industriestrasse 17;3812;Wilderswil;+41 33 224 07 07;info@outdoor.ch;https://outdoor.ch;[{'@type': 'ImageObject', 'contentUrl': 'https://jrtagpimtsoch.sos-ch-dk-2.exoscale-cdn.com/catalog/e/b/3/c/eb3c84b6ce4a9b5218f81e88df4b249864fa9111_outdoor.png'}];2026-07-07T15:59:29+02:00
3b426c92-fe50-453f-a244-0931f113409e;Gemeindeverwaltung Grindelwald;Gemeindeverwaltung Grindelwald im Berner Oberland.;<p><strong><a href="https://www.google.com/maps/place/Spillstattstrasse+2,+3818+Grindelwald/@46.6253503,8.0300381,18.25z/data=!4m6!3m5!1s0x478f995400476a3b:0x7cb84624acb079f2!8m2!3d46.6257979!4d8.0310212!16s%2Fg%2F11dzqzx9dx?entry=ttu&amp;g_ep=EgoyMDI1MDQyOS4wIKXMDSoASAFQAw%3D%3D" rel="noopener noreferrer" target="_blank">Zum Ziel navigieren (Google Maps) </a></strong></p><p></p><p></p><p>Die Gemeindeverwaltung Grindelwald bietet umfassende Dienstleistungen für Einwohner*innen und Besucher*innen. Von der Bauverwaltung über die Wasserversorgung bis hin zur Finanzverwaltung deckt sie alle wichtigen Bereiche ab. Zudem gibt es Informationen zu aktuellen Projekten. Die Verwaltung ist an der Spillstattstrasse 2 zu finden und steht für Fragen und Anliegen zur Verfügung. Öffnungszeiten sind von Montag bis Freitag, mit variierenden Zeiten am Nachmittag.</p>;8.031002872858288;46.62577611708412;Spillstattstrasse 2;3818;Grindelwald;+41 33 854 14 14;gemeindeverwaltung@gemeinde-grindelwald.ch;[{'@type': 'ImageObject', 'contentUrl': 'https://jrtagpimtsoch.sos-ch-dk-2.exoscale-cdn.com/catalog/f/7/8/f/f78fccced8847debd55b6dee28e8cd223e6937cc_IMG_1820_1024x768.jpg'}];2026-07-07T15:59:29+02:00
3c5d7257-c5aa-47d9-b779-ea71358f51a2;Harmonie Holz;Einzigartige Holzkunstwerke und Installationen von Harmonie Holz in Grindelwald;Harmonie Holz am Terrassenweg 61 in Grindelwald hat sich auf die Herstellung einzigartiger Holzkunstwerke und Installationen spezialisiert. Sie bieten massgeschneiderte Produkte an, die individuelle Kundenwünsche mit ihrer umfangreichen Erfahrung verbinden. Ihr Portfolio umfasst Unikate und Installationen aus Holz, Wildholz und Altholz für den Innen- und Aussenbereich. Harmonie Holz ist stolz darauf, sich aussergewöhnlichen Herausforderungen zu stellen und nimmt sie regelmässig an.&nbsp;;8.0388129;46.6295823;Terrassenweg 61;3818;Grindelwald;https://harmonieholz.ch/47/produkte;[{'@type': 'ImageObject', 'contentUrl': 'https://jrtagpimtsoch.sos-ch-dk-2.exoscale-cdn.com/catalog/2/3/7/4/2374fec61b0e87d0bf10f609ec3eb813628a453f_Harmonie_Holz_Teamlist.jpg'}];2026-09-04T15:49:09+02:00
3d002f43-2436-447d-8c22-c99e56d125e1;Ausstein Chalet Steimanndli;Hier fühlst du dich Zuhause.;<p class="MsoNormal">Eine Ferienwohnung inmitten der Bergwelt. In unmittelbarer
Nähe zur Skipiste. Mitten im Wanderparadies. Wir freuen uns auf dich.</p><p>



</p><p class="MsoNormal">Über den Button gelangst du direkt zum Buchungsportal oder
kannst eine E-Mail für deine Reservationsanfrage an den Vermieter schicken.<o:p></o:p></p>;8.029775126361411;46.62322545;Endweg 36;3818;Grindelwald;+41 79 415 19 14;barbara@eigervision.ch;https://www.ausstein.ch;[{'@type': 'ImageObject', 'contentUrl': 'https://jrtagpimtsoch.sos-ch-dk-2.exoscale-cdn.com/catalog/8/9/e/7/89e77a8b77cbdd1004b9b0d957ebe2af4389c934_Ausstein_Chalet_Steinmanndli.jpg'}];2026-09-04T15:49:09+02:00
3d324199-e364-4064-9f03-6bda4ddf0a6c;Wengener Teemischung ;Eigertee, Mönchtee, Jungfrautee
;7.922437650877148;46.60745825;Schilt 1407;3823;Wengen;[{'@type': 'ImageObject', 'contentUrl': 'https://jrtagpimtsoch.sos-ch-dk-2.exoscale-cdn.com/catalog/b/c/4/b/bc4bafab32865c05fe144dd64856857ea9c21714_allgemein_wengen.jpg'}];2026-09-04T15:49:09+02:00
3f73fbc3-f26d-4500-8744-3200c092b377;Lauberhorn Crazy Golf Wengen;18-Loch-Minigolfbahn der besonderen Art;<p>Lauberhorn Crazy Golf ist mehr als nur Minigolf. Die 18-Loch-Bahn erz&auml;hlt verschiedene Geschichten rund um die ber&uuml;hmt-ber&uuml;chtigte Lauberhornabfahrt. Das Kernen-S oder das &Ouml;sterreicherloch spielen, sowie den Ball aus der Schneekanone schleudern &ndash; ein Erlebnis f&uuml;r die ganze Familie.<br><br></p>;7.9217902;46.6059468;Wengiboden 1349B;3823;Wengen;+41 33 856 85 85;info@wengen.swiss;[{'@type': 'ImageObject', 'contentUrl': 'https://jrtagpimtsoch.sos-ch-dk-2.exoscale-cdn.com/catalog/b/e/6/5/be651d450c8f6a6e5587c47f1b510115b2018a3d_Mini_Golf_Wengen.jpg'}];2026-09-04T15:49:09+02:00
41926421-f430-40cf-ae96-785845d6b069;Handegg Fair Hands Line;Kletterroute mit Blick auf die Gelmerbahn;Der Einstieg liegt etwas nördlich (hinter) der Talstation der Gelmerbahn in der Handegg. Mehrheitlich Platten- und Wandklettrei mit guten Strukturen unterbrochen durch eine steile Verschneidung. 

Schwierigkeitsgrad: 6a;8.310384750366213;46.614692018532814;Grimselstarsse;3864;Handegg;+41 76 572 54 72;info@bergsteigerschule-rosenlaui.ch;https://bergsteigerschule-rosenlaui.ch/;[{'@type': 'ImageObject', 'contentUrl': 'https://jrtagpimtsoch.sos-ch-dk-2.exoscale-cdn.com/catalog/7/8/4/9/78498315818af52cfa48ed72db54c72fe5f359d5_image00002.jpeg'}];2026-09-04T15:49:09+02:00
41b29cee-90a4-4fce-b16e-759145c2d552;Gingerwald;Gingerwald bietet hausgemachten verganen Bio-Ingwerlikör aus Grindelwald an.;Gingerwald ist ein lokaler Hersteller in Grindelwald, der sich auf hausgemachten veganen Bio-Ingwerlikör spezialisiert hat. Ihr einzigartiges Getränk wird mit Gletscherwasser hergestellt und unterstreicht die Reinheit und die natürliche Essenz der Region. Die Produkte von Gingerwald gibt es bei Eigerness, dem Laden in Grindelwald, sowie in einem lokalen Laden in Unterseen und im purpur Biolädeli in Interlaken.&nbsp;;8.024643659591677;46.62855200310119;Spillstattstrasse 74;3818;Grindelwald;https://www.gingerwald.ch/;[{'@type': 'ImageObject', 'contentUrl': 'https://jrtagpimtsoch.sos-ch-dk-2.exoscale-cdn.com/catalog/0/c/5/c/0c5c8ae871bcabb53b39ead46f1846c49a84739a_Gingerwald.jpg'}];2026-09-04T15:49:09+02:00
42296b65-7897-4a1f-b849-3bf8d5a81d24;Bernet Garage und Landmaschinen AG;24h Pannenhilfe, Bergungs– und Abschleppdienst;<p class="ql-align-justify"><strong><a href="https://www.google.ch/maps/place/Bernet+Garage+und+Landmaschinen/@46.6260672,8.013002,16z/data=!4m16!1m9!3m8!1s0x478f9948cbf6559d:0xc33b2da085867b50!2sBernet+Garage+und+Landmaschinen!8m2!3d46.6260672!4d8.0155769!9m1!1b1!16s%2Fg%2F1td1tc0y!3m5!1s0x478f9948cbf6559d:0xc33b2da085867b50!8m2!3d46.6260672!4d8.0155769!16s%2Fg%2F1td1tc0y?hl=de&amp;entry=ttu&amp;g_ep=EgoyMDI1MDQxMy4wIKXMDSoASAFQAw%3D%3D" rel="noopener noreferrer" target="_blank">Zum Ziel navigieren (Google Maps)</a></strong></p><p></p><p>Wir sind ein kompetenter und erfahrener Anbieter von Qualitätsprodukten für die Land- und Forstwirtschaft, die Kommunaltechnik, den Gartenbau und Winterdienst. In unserer Werkstatt führen wir Service, Unterhalt und Reparaturen an Landmaschinen, Autos und anderen Motorgeräten aus.</p><p></p><p>Für Unfallbergungen und Pannenhilfe sind wir bestens ausgerüstet.</p><p></p>;8.015958666801454;46.62589640964873;Grindelwaldstrasse 86a;3818;Grindelwald;+41 33 853 45 39;info@garagebernet.ch;https://garagebernet.ch/;[{'@type': 'ImageObject', 'contentUrl': 'https://jrtagpimtsoch.sos-ch-dk-2.exoscale-cdn.com/catalog/4/b/a/0/4ba0d0d66ff4cd8e6e79ca7c91835c32185ccfa3_pannenhilfe_winter.jpg'}];2025-04-16T11:26:11+02:00
452085c9-988a-4c52-9ef3-cb71ead63777;Tennisanlage Mettenberg;Tennisspielen im Talgrund;<p><strong><a href="https://www.google.ch/maps/place/TC+Grindelwald+Club-Nr.+2125/@46.6202351,8.0432779,17z/data=!4m10!1m2!2m1!1stennis+grindelwald!3m6!1s0x478f9bf80da88261:0xc116072bc859b5e9!8m2!3d46.6203079!4d8.0465266!15sChJ0ZW5uaXMgZ3JpbmRlbHdhbGSSAQx0ZW5uaXNfY291cnTgAQA!16s%2Fg%2F11cnckqlnz?hl=de&amp;entry=ttu&amp;g_ep=EgoyMDI0MTIxMS4wIKXMDSoASAFQAw%3D%3D" rel="noopener noreferrer" target="_blank">Zum Ziel navigieren (Google Maps)</a></strong></p><p></p><p>Die Tennisanlage Mettenberg befindet sich im Talgrund und ist mit dem Grindelwald Bus gut erschlossen. Es stehen 4 Sandplätze zur Verfügung. Im Sommer finden wöchentlich Gästeturniere statt. 4 Sandplätze (Freiluft) Wöchentliche Gästeturniere Vermietung von Rackets und Bällen Tennisunterricht (Privat- und Gruppenunterricht) Buche deinen Tennisplatz direkt online. Weitere Informationen unter www.tcgrindelwald.ch. Adresse Tennisanlage: Mettenbergstrasse 18, 3818 Grindelwald</p>;8.045811653137209;46.620293767321755;Mettenbergstrasse 18;3818;Grindelwald;+41 33 854 12 12;tcgrindelwald@gmail.com;https://www.tcgrindelwald.ch/anlage;[{'@type': 'ImageObject', 'contentUrl': 'https://jrtagpimtsoch.sos-ch-dk-2.exoscale-cdn.com/catalog/c/2/1/2/c21289ec710dc012cb9d46359e531b50b89240ca_2207_2767_by.davidbirri.jpg'}];2026-09-04T15:49:11+02:00
45f3464a-34f1-4c9d-8ba1-68682a82b71d;Fitnessraum Alpines Sportzentrum Mürren;Profitiere von einem Spezialpreis für den Eintritt in den Fitnessraum vom alpinen Sportzentrum Mürren.;<p data-start="422" data-end="502">Sie m&ouml;chten Ihre Leistungsf&auml;higkeit steigern oder an Ihrer Muskelkraft arbeiten?</p><p data-start="504" data-end="593">In unserem Fitnessraum bieten wir Ihnen moderne Ger&auml;te f&uuml;r schweiss&shy;treibende Stunden an.</p><p data-start="595" data-end="632">Der Zutritt ist ab 16 Jahren erlaubt.</p><p data-start="634" data-end="715">Erwachsene: M&uuml;rren Goldcard CHF 18.00 / G&auml;stekarten der Jungfrau Region CHF 18.00</p>;7.8953243;46.562483;Höhematte 1074b;3825;Mürren; +41 33 856 86 86;info@sportzentrum-muerren.ch;https://www.sportzentrum-muerren.ch/;[{'@type': 'ImageObject', 'contentUrl': 'https://jrtagpimtsoch.sos-ch-dk-2.exoscale-cdn.com/catalog/8/a/8/d/8a8df4c113bb8cb87a571d1dc5776a136d3ed728_Fitness_1.png'}];2026-05-04T17:11:32+02:00
46698adb-d706-484c-9e9d-8b18fcb30114;Molkerei Gertsch ;Käserei in Grindelwald mit vielfältigem Angebot.;<p><a href="https://www.google.com/maps/place/Molkerei+Gertsch/@46.6254689,8.0279496,880m/data=!3m2!1e3!4b1!4m6!3m5!1s0x478f9953f974e7b1:0x5a0c27e2c0ebae92!8m2!3d46.6254689!4d8.0305245!16s%2Fg%2F11f00cth25?entry=ttu&amp;g_ep=EgoyMDI1MDMwMy4wIKXMDSoASAFQAw%3D%3D" style="font-weight: bold;">Zum Ziel navigieren ( Google Maps) </a><br></p><p><br></p><p>Die Molkerei Gertsch in Grindelwald bietet eine breite Auswahl an Käsesorten für jeden Geschmack. Von milden bis würzigen Varianten, hier findest du den passenden Käse für jeden Anlass. Ihr Raclette-Sortiment und das selbst zusammengestellte Käsefondue sind besonders beliebt. Zudem gibt es liebevoll zusammengestellt Käseplatten, die sich auch als Geschenk eignen. Entdecke die Vielfalt der regionalen Spezialitäten und lass dich von der Leidenschaft für hochwertige Produkte begeistern. Gutscheine und eine Auswahl an handgemachten Produkten runden das Angebot ab.&nbsp;</p>;8.029718626326888;46.6258032633617;3818;Grindelwald;+41 33 853 12 92;https://molkerei-gertsch.ch/;[{'@type': 'ImageObject', 'contentUrl': 'https://jrtagpimtsoch.sos-ch-dk-2.exoscale-cdn.com/catalog/c/9/f/1/c9f100e5bd7f5ffe8401d0ab386133cdd75e36b7_CdB_R6CB4366_Swisstainable_Day_2.jpg'}];2026-07-07T15:59:29+02:00
46714511-b00e-4407-9995-a3095090f643;Bank UBS Grindelwald;UBS-Filiale in Grindelwald an der Dorfstrasse 126.;<p><strong><a href="https://www.google.com/maps/place/UBS+Branch/@46.6234426,8.0343923,880m/data=!3m2!1e3!4b1!4m6!3m5!1s0x478f99546da8b073:0x4a2e4bc0fba6d7d4!8m2!3d46.6234426!4d8.0369672!16s%2Fg%2F1tfxflgz?entry=ttu&amp;g_ep=EgoyMDI1MDQxMy4wIKXMDSoASAFQAw%3D%3D" rel="noopener noreferrer" target="_blank">Zum Ziel navigieren (Google Maps) </a></strong></p><p></p><p></p><p>Die UBS-Filiale in Grindelwald bietet eine Vielzahl von Dienstleistungen für Privat- und Firmenkund*innen an. Du findest hier Digital Banking, Hypotheken, Konten und Karten sowie Anlagemöglichkeiten. Die Filiale ist barrierefrei zugänglich und verfügt über Bancomaten mit Brailleschrift und Sprechbefehlen. Ein Bancomat Plus und Multimat stehen rund um die Uhr zur Verfügung.</p>;8.036378050603831;46.6236667976984;Dorfstrasse 126;3818;Grindelwald;[{'@type': 'ImageObject', 'contentUrl': 'https://jrtagpimtsoch.sos-ch-dk-2.exoscale-cdn.com/catalog/c/4/9/6/c49634b096c77dc97c3ea8b350611fa01987996e_Eiger_im_Hintergrund.jpg'}];2026-07-07T15:59:29+02:00
46cc36da-269b-49cd-a645-d98d249a08bd;Bernet Sport;Seit 1902
Ihr Sportgeschäft für Schuhe, Sport- und Freizeitmode, Sportausrüstung, sowie Verleih und Service.;<p><strong><a href="https://www.google.ch/maps/place/Bernet+Sport+AG/@46.6233594,8.0345771,17z/data=!3m1!4b1!4m6!3m5!1s0x478f9953ea38e8c7:0x1e92b717e6f01bf!8m2!3d46.6233594!4d8.0371574!16s%2Fg%2F1tgw8ttl?hl=de&amp;entry=ttu&amp;g_ep=EgoyMDI1MDIwOS4wIKXMDSoASAFQAw%3D%3D" rel="noopener noreferrer" target="_blank">Zum Ziel navigieren (Google Maps)</a></strong></p><p></p><p>Bei Bernet Sport findest Du exklusive Sport- und Freizeitbekleidung der bekannten Marken wie Bogner, Fire &amp; Ice, Toni Sailer, Mammut, Ortovox, Phenix, Mountain Studio und vieles mehr.</p><p>Im Untergeschoss erwartet Dich eine sorgfältig ausgesuchte Auswahl an Schuhen und Sportartikel der Marken Head, Molitor (made by Stöckli) Atomic, Van Deer, Kessler, Tecnica, Fischer etc. sowie unseren Verleih und Service.</p>;8.037282261469812;46.62338012473818;Dorfstrasse 128;3818;Grindelwald;+41 33 853 13 09;info@bernet-sport.ch;https://www.sport-shop-grindelwald.ch/de/home/;[{'@type': 'ImageObject', 'contentUrl': 'https://jrtagpimtsoch.sos-ch-dk-2.exoscale-cdn.com/catalog/9/e/f/a/9efa17878f073bf6b6a776157644ad456ec03a60_Bernet_Sport_Aussenansicht.jpg'}];2026-09-04T15:49:11+02:00
46e73bc5-03b7-4cbe-bfc3-e03f9a95276d;Aussen-Tennisplätze Sportchalet;Tennisspielen in Mürren;<p>Das Sportchalet M&uuml;rren bietet 4 Outdoor-Sandtennispl&auml;tze mit der wohl spektakul&auml;rsten Aussicht ins Lauterbrunnnental. Die Pl&auml;tze k&ouml;nnen einzeln gemietet werden. Die Netze sind im Sommer immer gespannt. Die Tennispl&auml;tze liegen auf 1650 m &uuml;. M. und sind am unmittelbaren Ende der Bergwand gebaut, auf der sich M&uuml;rren befindet. Sie sind Teil des Sportchalets, welches den G&auml;sten &ndash; nebst einer Umkleide-M&ouml;glichkeit &ndash; auch Toiletten, Duschen und als Gastgeber auch eine Unterkunft mit Mahlzeiten anbietet. Anfangs Juli wird eine Tenniswoche mit einem professionellen Tennislehrer durchgef&uuml;hrt. G&auml;ste k&ouml;nnen die Courts aber auch individuell buchen. Vor Ort stehen das n&ouml;tige Mietmaterial, Garderoben und Toiletten zur Verf&uuml;gung.</p><p>&nbsp;</p>;7.894794813320088;46.55951845;Auf den Platten 1063;3825;Mürren;+41 33 855 18 32;info@sportchalet.ch;https://www.sportchalet.ch;[{'@type': 'ImageObject', 'contentUrl': 'https://jrtagpimtsoch.sos-ch-dk-2.exoscale-cdn.com/catalog/7/3/d/7/73d72fc61887775b89801b7097a29a562ec81690_tennis_muerren__4_.jpg'}];2026-09-04T15:49:11+02:00
475dc674-489e-4df6-bc2c-a904300cdeb9;Eiger View Alpine Lodge;«Kraftort» am Fuss des mächtigen Eigers;<p>Wir freuen uns sehr, unsere G&auml;ste an einem der wohl sch&ouml;nsten Orte in den Alpen begr&uuml;ssen zu d&uuml;rfen &ndash; ein Chaletbau mit einer atemberaubenden Aussicht auf den Eiger und die umliegenden Berge. Die Lodge befindet sich hoch &uuml;ber Grindelwald inmitten eines 4&rsquo;000m2 grossen Gartens und bietet auf 1&rsquo;000m2 total 25 G&auml;sten ein unvergleichliches Ferienerlebnis. Zusammen mit einer alten Scheune, einem historischen Brunnen und einem sch&ouml;nen Baumbestand definiert sich ein &laquo;Kraftort&raquo; am Fuss des m&auml;chtigen Eigers.</p><p>Unsere Lodge &laquo;Eiger View&raquo; beherbergt 8 grossz&uuml;gige Hotelzimmer mit privatem Badezimmer, davon 2 Suiten, 2 Deluxe Zimmer, 2 Superior Zimmer, 2 Standard Zimmer sowie 3 Studiowohnungen im Dachgeschoss. Alle Studios sind ausgestattet mit Badezimmer, K&uuml;che, Wohnbereich und separatem Schlafzimmer. Sieben Zimmer verf&uuml;gen &uuml;ber einen direkten Anschluss zu umlaufenden Terrassen mit Blick auf die Bergkulisse, vor allem auf dem Eiger.</p><p>Wir f&uuml;hren keinen Restaurantbetrieb, bieten dir gerne ein reichhaltiges Fr&uuml;hst&uuml;ck an. Eine K&uuml;che steht zur Verf&uuml;gung, wenn du f&uuml;r deine Gruppe kochen oder ein Catering organisieren m&ouml;chtest.</p>;8.03098815186199;46.6283216;Sonnenbergweg 20;3818;Grindelwald;+41 33 336 30 30;info@eigerviewalpinelodge.ch;https://www.eigerviewalpinelodge.ch/;[{'@type': 'ImageObject', 'contentUrl': 'https://jrtagpimtsoch.sos-ch-dk-2.exoscale-cdn.com/catalog/2/1/a/2/21a22df1c99ac22dad0ace504d7a69de2474812d_EVAL_Signs.jpg'}];2026-09-04T15:49:11+02:00
498f5bf9-c137-4353-a835-6256a3e3adae;Chalet Snowbird Studio mit Loft (Bärenstudio);Hier fühlst du dich Zuhause.;<p class="MsoNormal">Eine Ferienwohnung inmitten der Bergwelt. In unmittelbarer
Nähe zur Skipiste. Mitten im Wanderparadies. Wir freuen uns auf dich.&nbsp;</p><p>



</p><p class="MsoNormal">Über den Button gelangst du direkt zum Buchungsportal oder
kannst eine E-Mail für deine Reservationsanfrage an den Vermieter schicken.<o:p></o:p></p>;7.896933;46.5643376;Aegerten;3825;Mürren;beat@alpentech.net;[{'@type': 'ImageObject', 'contentUrl': 'https://jrtagpimtsoch.sos-ch-dk-2.exoscale-cdn.com/catalog/3/2/0/1/3201a1bd48bb2223663d253153cdd35d7ba5659e_M__rren_Snowbird_Studio.jpg'}];2026-07-07T15:59:29+02:00
49b11f37-f0bc-41eb-a3ff-d6762979927a;Simelistock;Ausgangspunkt  Engelhornhütte;Ausgangspunkt für die Klettereien in den Engelhörnern ist die Engelhornhütte im Reichenbachtal, welche von der Gletscherschlucht Rosenlaui aus erreicht werden kann (Aufstieg durch die Schlucht möglich).
Die Engelhörner sind eine etwa vier Kilometer lange Bergkette mit zahlreichen Gipfeln (mehrheitlich Kalk). Der Zustieg und der Abstieg (mehrere Abseilstellen) erfolgen in zum Teil schwierigem Gelände.

Kletterrouten:

Rosenlauistock (Westgruppe)
Tannenspitze (Westgruppe)
Grosser und Kleiner Simelistock
Kingspitze
Mittelgruppe
Sportkletterrouten an den Simelistöcken und Vorderspitze;8.1728265;46.6831781;3860;Rosenlaui;+41 76 572 54 72;info@bergsteigerschule-rosenlaui.ch;https://www.bergsteigerschule-rosenlaui.ch;[{'@type': 'ImageObject', 'contentUrl': 'https://jrtagpimtsoch.sos-ch-dk-2.exoscale-cdn.com/catalog/5/9/a/7/59a7952389af292215e54ba06109b69bef256abb_Rufenen_Rosenlauital_1_byDavidBirri.jpg'}];2026-09-04T15:49:11+02:00
49bc1f84-dfd1-4cf4-8fc3-4129377d9756;lisi-bisi;Lieferservice & Catering in Grindelwald;<p><a href="https://www.google.com/maps/place/Grindelwaldstrasse+95,+3818+Grindelwald/@46.6261771,8.0126779,17z/data=!3m1!4b1!4m6!3m5!1s0x478f994bc337434d:0xc1a7d1ecf07b6c9!8m2!3d46.6261772!4d8.0175434!16s%2Fg%2F11csj6dc70?entry=ttu&amp;g_ep=EgoyMDI1MDIyNi4xIKXMDSoASAFQAw%3D%3D" target="_blank" style="font-weight: 700;">Zum Ziel navigieren (Google Maps)</a></p><p><br></p><p>lisi-bisi bietet folgende Leistungen an: </p><ul><li>Chalet Lieferservice für Frühstück und Abendessen</li><li>Chalet Einkaufsservice </li><li>Outdoor experience: Gefüllte Rucksäcke oder Picknick-Körbe (Fondue-Rucksack, Raclette-Rucksack, Wander-Rucksack, Picknick-Korb und Grill-Rucksack) </li><li>Catering für Events, Feiern und Feste im Berner Oberland </li><li>Lieferung in Grindelwald, Lauterbrunnen und Interlaken</li></ul>;8.017532499927842;46.62617435;Grindelwaldstrasse 95;3818;Grindelwald;+41 79 398 88 53;info@lisi-bisi.ch;https://www.lisi-bisi.ch/;[{'@type': 'ImageObject', 'contentUrl': 'https://jrtagpimtsoch.sos-ch-dk-2.exoscale-cdn.com/catalog/5/d/7/5/5d7519786b7f27c3c77045c54846b4e37224356e_lisi_bisi.jpg'}];2025-03-04T17:39:04+01:00
4cd5ba03-6bd5-49c0-b65c-ebebd7d7b059;Restaurant Belvedere;Genussreich essen und auserlesene Weine geniessen;<p>Das Restaurant &laquo;Belvedere&raquo; ist Mitglied der &laquo;Cha&icirc;ne des R&ocirc;tisseurs&raquo; und verw&ouml;hnt dich f&uuml;r den perfekten Start in den Tag mit einem reichhaltigen Fr&uuml;hst&uuml;ck sowie am Abend mit frischen und abwechslungsreichen Gerichten aus der Schweizer und internationalen K&uuml;che.</p><p>Falls du besondere Anspr&uuml;che an dein Essen hast, bist du bei uns gut aufgehoben. Egal ob Gluten, Laktose oder andere Unvertr&auml;glichkeiten wie N&uuml;sse, Beeren, etc. &ndash; gib vor deinem Besuch Bescheid und du kannst dich darauf verlassen, dass auch f&uuml;r dich ein ausgesprochen genussreiches Essen gezaubert wird. Vegetarische Gerichte sind immer erh&auml;ltlich.</p><p>Haustiere: Bitte habe Verst&auml;ndnis daf&uuml;r, dass Haustiere im Restaurant nicht erlaubt sind.</p>;8.029357532361477;46.62523865;Dorfstrasse 53;3818;Grindelwald;+41 33 888 99 99;hotel@belvedere-grindelwald.ch;https://www.belvedere-grindelwald.ch;[{'@type': 'ImageObject', 'contentUrl': 'https://jrtagpimtsoch.sos-ch-dk-2.exoscale-cdn.com/catalog/b/9/5/2/b952ba76b01093e9f777cb854f3e25b7d723537b_Restaurant_Belvedere_Grindelwald_01.jpg'}];2026-09-04T15:49:11+02:00
4f3e29ae-af1b-44ac-b8ed-9660180779eb;Fiescherblick Spa;Der Fiescherblick Spa bietet ein ganzheitliches Wellnesserlebnis, inspiriert von der japanischen Badekultur und der skandinavischen Saunatradition. ;<p><span style="color: black; mso-color-alt: windowtext; background: white;">Nach einem Tag auf der Piste oder beim Wandern k&ouml;nnen G&auml;ste im japanisch inspirierten Salzwasser-Onsen-Pool mit Bergblick entspannen oder in der finnischen Panorama-Sauna mit Sicht auf Eiger, Fiescherhorn und Gletscher zur Ruhe kommen. Erg&auml;nzt wird das Angebot durch eine Regendusche und Feuerstein&trade;-Pflegeprodukte, Erfrischungen sowie attraktive Private Spa Packages.</span></p><p data-start="562" data-end="794" data-is-last-node="" data-is-only-node=""><span style="color: black; mso-color-alt: windowtext; background: white;">Der Spa ist in den&nbsp;<span style="font-family: 'Aptos',sans-serif; mso-bidi-font-family: Aptos;">Alpine Relaxation Raten</span>&nbsp;enthalten; G&auml;ste mit&nbsp;<span style="font-family: 'Aptos',sans-serif; mso-bidi-font-family: Aptos;">Alpine Expedition Rate</span>&nbsp;k&ouml;nnen ihn gegen Aufpreis nutzen. Externe G&auml;ste sind nach Verf&uuml;gbarkeit willkommen, Reservierungen sind bis 48 Stunden im Voraus m&ouml;glich.</span></p>;8.045827746391298;46.62515962346955;Dorfstrasse 203;3818;Grindelwald;+41 33 853 18 81;info@hotel-fiescherblick.ch;https://hotel-fiescherblick.ch/spa/;[{'@type': 'ImageObject', 'contentUrl': 'https://jrtagpimtsoch.sos-ch-dk-2.exoscale-cdn.com/catalog/8/6/d/b/86db2de7d3770fe170d6410e516c890a0b36e832_05_2025_fiescherblick_spa_romystreit.jpg'}];2026-09-04T15:49:11+02:00
4ffadcd0-0b36-46a9-a1ec-99d74c39097b;Klettergarten Gimmelwald;Starke Routen mit top Aussicht;<p>Die anspruchsvollen Kletterw&auml;nde lassen das Herz des Sportkletterers h&ouml;her schlagen. Erfahrene Alpinisten und Kletterer haben dieses Gebiet massgebend gepr&auml;gt. In den zwei Sektoren "A Surfer's Paradise" und "B Zivilschutz" sind Routen der Grade 5c bis 8c geschraubt. Insgesamt &uuml;ber 70 Routen sind in diesem Kalkstein zu finden. Man kann sich hier tagelang austoben. Topos sind in Kletterf&uuml;hrern von Vertical Sport, Filidor oder Plaisir zu finden. Die s&uuml;dliche Ausrichtung l&auml;sst den Fels im Sommer schnell aufw&auml;rmen. Je nach Sektor ist der Fels nass oder schmutzig, wenn der oben liegende Schnee schmilzt. Vom Dorf Gimmelwald f&uuml;hrt ein ca. 50-min&uuml;tiger Fussmarsch zum Fuss der Wand. Man folgt der Kiesstrasse Richtung Chilchbalm. Nach der &Uuml;berquerung des Flusses f&uuml;hrt ein Pfad rechts hoch zur Wand.</p><p>&nbsp;</p>;7.87443;46.54241;Eschen;3826; Gimmelwald;+41 33 856 86 86;info@muerren.swiss;[{'@type': 'ImageObject', 'contentUrl': 'https://jrtagpimtsoch.sos-ch-dk-2.exoscale-cdn.com/catalog/b/0/2/4/b02481264d2a566a98b048544bbdaef49d2b96e5_Klettern_Gimmelwald_Katherine_Choong.jpg'}];2026-09-04T15:49:12+02:00
51839fae-0a60-451d-86cc-f562e5cf5054;Xundheitszentrum;In unseren modernen Praxisräulichkeiten bieten wir eine umfassende medizinische Grundversorgung für Patientinnen und Patienten jeden Alters. ;<p><a href="https://www.google.com/maps/place/Xundheitszentrum+Grindelwald/@46.625918,8.0277158,1159m/data=!3m2!1e3!4b1!4m6!3m5!1s0x478f99acef30d323:0x87723bc32582916f!8m2!3d46.6259143!4d8.0302907!16s%2Fg%2F11g18zs2s8?entry=ttu&amp;g_ep=EgoyMDI0MTEyNC4xIKXMDSoASAFQAw%3D%3D" target="_blank" style="font-weight: bold;">Zum Ziel navigieren (Google Maps)</a></p><p><br></p><p>In unseren modernen Praxisräumlichkeiten bieten wir eine umfassende medizinische Grundversorgung für Patientinnen und Patienten jeden Alters. Unser Leistungsspektrum umfasst die primärmedizinische Betreuung, Allgemein- und Innere Medizin, die Erstversorgung bei Notfällen und Skiunfällen sowie präoperative Untersuchungen. Zudem behandeln wir akute und chronische Wunden und führen Impfungen durch. Hausbesuche sind auf Anfrage möglich.</p>;8.030385553340324;46.6259551;3818;Grindelwald;+41 33 854 54 40;grindelwald@xundheitszentrum.ch;https://www.swissmedical.net/de;[{'@type': 'ImageObject', 'contentUrl': 'https://jrtagpimtsoch.sos-ch-dk-2.exoscale-cdn.com/catalog/f/0/1/f/f01f9a94af855ae2ff5347d6a57e9cc1c3252c64_gosimg10AM02000155808080b3000012016urn.jpg'}];2026-07-07T15:59:29+02:00
5419b464-38ad-4ba3-bdc7-d3b8f148b83a;test TSO AG;Kurzbeschreibung - DE;Beschreibung - DE;7.8585139;46.6855231;[{'@type': 'ImageObject', 'contentUrl': 'https://jrtagpimtsoch.sos-ch-dk-2.exoscale-cdn.com/catalog/2/1/8/2/218212d34be5884630cc51b0345395f6ff915291_6515008829_4aba0aac1f_o.jpg'}];2026-09-04T15:49:12+02:00
54241fc7-ffdd-4953-9fa4-a29d7917a47f;Märithüsli ;Jenni Hemden – Traditionell, Robust und Modern;<div><span style="font-family: Arial, sans-serif; font-size: 14.6667px;">Seit 1978 produziert das Märithüsli unter der Familienmarke Jenni Hemden die bekannten Edelweisshemden. An der Lenggasse 4 in Meiringen werden die Produkte entwickelt, Massanfertigungen und kleine Serien gefertigt. Nicht mehr ausschliesslich Folklorehemden. Unter der Marke Cottage Chic entstehen dort auch urbanere Flanellhemden Made in Switzerland. Wer will, kann dort einen Blick in die Produktion werfen und Stoff kaufen.&nbsp;</span></div><div><span style="font-family: Arial, sans-serif; font-size: 14.6667px;"><br></span></div><div><span style="font-family: Arial, sans-serif; font-size: 14.6667px;">Direkt daneben befindet sich an der Alpbachstrasse 1 der Laden, wo die Kleidung und viele dazu passende Artikel zu finden sind.</span></div>;8.190679916404488;46.7261812;Lenggasse 4;3860;Meiringen ;+41 33 972 11 22;info@maerithuesli.ch;https://maerithuesli.ch/de/;[{'@type': 'ImageObject', 'contentUrl': 'https://jrtagpimtsoch.sos-ch-dk-2.exoscale-cdn.com/catalog/4/0/4/d/404d44d028fec8933fee79eb51b7da32af26ba67_Doku_EDW_Hemd_045.jpg'}];2026-09-04T15:49:12+02:00
54c242b9-4d26-4067-a7d2-978a05c2242a;Kiosk Grindelwald Bahnhof ;k Kiosk Grindelwald befindet sich direkt am Bahnhof.;<p><a href="http://https://www.google.com/maps/place/k+kiosk/@46.6246482,8.0323401,268m/data=!3m1!1e3!4m10!1m2!2m1!1skiosk+grindelwald+bahnhog!3m6!1s0x478f995435b45fe9:0xb63f22c56032af61!8m2!3d46.6246482!4d8.0332603!15sChlraW9zayBncmluZGVsd2FsZCBiYWhuaG9mkgEFa2lvc2vgAQA!16s%2Fg%2F11cn8t0978?entry=ttu&amp;g_ep=EgoyMDI1MDIyMy4xIKXMDSoASAFQAw%3D%3D" style="font-weight: bold;">Zum Ziel navigieren ( Google Maps) </a><br></p><p><br></p><p>Der k Kiosk bietet eine breite Palette an Produkten und Dienstleistungen an. Dazu gehört Tabakprodukte, die bequeme online bestellt werden können, sowie eine grosse Auswahl an Geschenkkarten im Onlineshop. Bücher können über pressbooks.ch bestellt und im k Kiosk abgeholt werden. Zudem gibt es exklusive Produkte wie zuckerfreie Artikel und digitale Gutscheine, die sowohl verschenkt als auch selbst genutzt werden können. Der k Kiosk bietet auch praktische Services wie Geldbehebungen, den Kauf von Flixbustickets, die Rückgabe von Paketen und das Ausleihen von Powerakkus an. Diese&nbsp; Vielfalt an Angeboten macht den k Kiosk zu einem nützlichen Anlaufpunkt für viele Bedürfnisse&nbsp;</p>;8.033334568820477;46.6246085537879;3818;Grindelwald;https://www.kkiosk.ch/;[{'@type': 'ImageObject', 'contentUrl': 'https://jrtagpimtsoch.sos-ch-dk-2.exoscale-cdn.com/catalog/4/5/8/d/458d4e4640006c86690f0c56bf0adafbff223169_DSC05280.JPG'}];2026-07-07T15:59:29+02:00
55db47f6-f761-4644-acf8-956352bb060f;Skihäsliland Bidmi - Schweizer Skischule Meiringen-Hasliberg;Das einzigartige Übungsgelände am Hasliberg;<p>Das Skih&auml;sliland in der Bidmi z&auml;hlt zu den sch&ouml;nsten &Uuml;bungsgel&auml;nden der Schweiz, um Wintersportarten zu erlernen und dabei optimale Lernfortschritte zu erzielen. In der Wintersaison 1992/93 wurde das Skih&auml;sliland ins Leben gerufen und ist seither nicht mehr aus dem touristischen Angebot im Haslital wegzudenken.&nbsp;</p><p>Bunte Figuren, ein Funpark, kleine Hindernisse und sechs Lifte machen jede Fahrt im Skih&auml;sliland zum Erlebnis. Das &Uuml;bungsgel&auml;nde wird stets den aktuellen Bed&uuml;rfnissen angepasst und erweitert, damit es immer auf dem neusten Stand ist und f&uuml;r alle Familienmitglieder ein unvergessliches Erlebnis bietet. Die Anlagen sind im Besitz der <span lang="DE"><a href="https://skischule-hasliberg.ch/">Schweizer Skischule Meiringen-Hasliberg</a></span> die deren Unterhalt finanziert, das Gel&auml;nde pflegt und die Sicherheit gew&auml;hrleistet.</p>;8.218975067138674;46.74480290736164;Engi 484Q;6086 ;Hasliberg Reuti;+41 33 972 51 10;info@skischule-hasliberg.ch;https://skischule-hasliberg.ch;[{'@type': 'ImageObject', 'contentUrl': 'https://jrtagpimtsoch.sos-ch-dk-2.exoscale-cdn.com/catalog/7/5/2/b/752b0a06f8fe5ed6ee365390024cce2a95fc8ab2_2601_28_3037_by.davidbirri.jpg'}];2026-09-04T15:49:12+02:00
56670d51-3c64-4708-b2b1-7da0e34a1328;Hallenbad Grindelwald;Action auf der 70 m langen Rutschbahn;Im Hallenbad Grindelwald hast du die Qual der Wahl:
  
Schwimmbecken (17 m)
Nichtschwimmerbecken (10 m)
Kinderbassin (ca. 6 x 3 m)
Sprungbrett (1 m)
70 m Rutschbahn (Blackhole);8.035672903060915;46.623254934968365;Dorfstrasse 110 ;3818;Grindelwald ;+41 33 854 12 30;sport@grindelwald.swiss;https://www.sportzentrum-grindelwald.ch/angebot/hallenbad.html;[{'@type': 'ImageObject', 'contentUrl': 'https://jrtagpimtsoch.sos-ch-dk-2.exoscale-cdn.com/catalog/8/d/7/5/8d75f01949730579e9e772708f3478bf8848a8a8_hallenbad_grindelwald__5_.jpg'}];2026-09-04T15:49:14+02:00
569686fb-d446-4a98-b30d-7489c9095333;ASPEN alpin lifestyle Restaurant;Tradition und Moderne;<p>Mit viel Liebe zum Detail vereinen sich Tradition und Moderne in den neu renovierten Restaurants und an der Bar. Zeitgen&ouml;ssisches Design zwischen Chalet-Stil, Alph&uuml;tte und Kuhstall. Die Themen Bergsport und Wald begleiten dich durch das ganze Haus und werden in den Restaurants und an der Bar gekonnt und bis ins letzte Detail umgesetzt.</p><p>Kulinarisch werden hochwertige regionale Gerichte und Produkte aufgetischt. Unser K&uuml;chenchef, Sebastian Schuster, veredelt mit seinen Mitarbeitern m&ouml;glichst Erzeugnisse aus der Region. Das bedeutet, dass die Herkunft aller verwendeten Produkte bekannt ist.</p>;8.0056166;46.6190746;Aspen 1;3818;Grindelwald;+41 33 854 40 00;info@hotel-aspen.ch;https://hotel-aspen.ch;[{'@type': 'ImageObject', 'contentUrl': 'https://jrtagpimtsoch.sos-ch-dk-2.exoscale-cdn.com/catalog/9/0/1/6/9016920bd0975e4003ae428f6c41a04fefee662a_Hotel_Aspen_sommer_2400.jpg'}];2026-09-04T14:41:07+02:00
57bd5271-29aa-4aec-a335-ed4a4e36dd8c;Post Grindelwald ;Postfiliale im Zentrum von Grindelwald.;<p><strong><a href="https://www.google.com/maps/place/Post+Filiale+3818+Grindelwald/@46.6246542,8.0311395,782m/data=!3m2!1e3!4b1!4m6!3m5!1s0x478f9955cbafd891:0x1acffbb5159a674f!8m2!3d46.6246542!4d8.0337144!16s%2Fg%2F1pp2wytx4?entry=ttu&amp;g_ep=EgoyMDI1MDQyMC4wIKXMDSoASAFQAw%3D%3D" rel="noopener noreferrer" target="_blank">Zum Ziel navigieren (Google Maps) </a></strong></p><p></p><p></p><p>Die Postfiliale 3818 in Grindelwald bietet eine Vielzahl von Dienstleistungen an. Du kannst Briefe und Pakete versenden und empfangen, sowie den Kopierservice nutzen. Es gibt auch die Möglichkeit, Sendungen klimaneutral zu verschicken. Für den Zahlungsverkehr stehen Bargeldbezug und Einzahlungen in CHF und EUR zur Verfügung. Zudem kannst du Noten wechseln und verschiedene Karten nutzen. Die Filiale bietet auch Zusatzangebote wie Post Mobile Produkte, Autobahnvignetten und eine Auswahl an Büroartikeln. Partnerangebote umfassen AXA Versicherungen, Swisscaution Mietkaution und Western Union Geldtransfers. </p>;8.033682236805438;46.62456148374732;Dorfstrasse 79;3818;Grindelwald;0848 888 888;[{'@type': 'ImageObject', 'contentUrl': 'https://jrtagpimtsoch.sos-ch-dk-2.exoscale-cdn.com/catalog/8/0/1/a/801aa7d799f5b36f0cf95c0e078d8a57ad051ca9_DSC05276.JPG'}];2026-07-07T15:59:29+02:00
58e45aa0-121e-40ce-ae59-0527cdfae84f;Freibad Wengen;Eines der schönsten Schwimmbäder der Alpen mit Blick auf die Jungfrau.
Saisonende
Danke für den Besuch, bis zum nächsten Jahr!;<p>Seit 1931 sorgt dieses historische und denkmalgesch&uuml;tzte Freibad f&uuml;r Erfrischung - und f&uuml;r einen einmaligen Blick auf die Jungfrau. Eingebettet in die beeindruckende Bergwelt verbindet es nostalgischen Charme mit alpiner Leichtigkeit. Perfekt f&uuml;r eine sommerliche Abk&uuml;hlung.</p><p><strong>Preise:</strong></p><ul><li>Erwachsene ab 16 Jahre : CHF 6</li><li>Kinder bis ende 15 Jahre: gratis</li></ul><p><strong>Ausstattung:</strong></p><ul><li>Schwimmbecken</li><li>&nbsp;40 x 20 m Abgetrenntes Kinderbecken</li><li>Liegewiese</li><li>Tischtennis</li></ul>;7.925435425119761;46.606547310387185;Waldbort;3823;Wengen;+41 33 856 85 85;info@wengen.swiss;https://wengen.swiss;[{'@type': 'ImageObject', 'contentUrl': 'https://jrtagpimtsoch.sos-ch-dk-2.exoscale-cdn.com/catalog/d/6/2/e/d62e3b1985d3e8edadec47136162ea402f483b64_Schwimmbad_Wengen.jpg'}];2026-09-07T09:38:32+02:00
5ba81802-0c92-4650-b40a-0bc056fd1edd;Kletterhalle - Haslital;Indoor-Klettern;Die Halle steht Gästen wie einheimischen Climbers jederzeit als Alternative bei schlechtem Wetter oder in der Winterzeit zur Verfügung.

Kletterhalle:
Gesamtkletterfläche von 730 m²
Wandsysteme: Modulwände von T-Wall und Entreprise
Schwierigkeitsgrade von 4b bis 7c+, Hauptgewicht 5b bis 6c
Verstellbare Wände: 52 m² hydraulisch, 10 m² manuell
25 m² Kinderkletterwand
6 Ausbildungsplätze: 2 Abseilstellen, Zwischenstandplatz für Mehrseillängentechnik, 3 Standplätze
Slackline 4 m
Campusboard
Galerie für Besucher 

Boulderhalle:
Neue grosse Boulderhalle 320 m²
Ca. 60 bis 70 Routen in allen Schwierigkeitsgraden
2 Griffboard;8.188907504081728;46.72263434957436;Alpbachstrasse 22;3860;Meiringen;+41 33 971 39 00;info@kletterhalle-haslital.ch;https://www.kletterhalle-haslital.ch;[{'@type': 'ImageObject', 'contentUrl': 'https://jrtagpimtsoch.sos-ch-dk-2.exoscale-cdn.com/catalog/1/0/1/3/10137ee3824de7ce75e4d3df4532273af37073f1__1216719_by.davidbirri.jpg'}];2026-09-04T15:49:14+02:00
5cb5ac96-bede-4d29-a63d-43103c09d5a3;Schwimmbad Lauterbrunnen;Schwimmen mit einmaliger Aussicht! Nur bei gutem Wetter geöffnet. ;Das etwas oberhalb des Dorfes gelegene Schwimmbad lädt im Sommer zum Schwimmen und Plantschen oder einer erfrischenden Glacé vor der gigantischen Kulisse des Lauterbrunnentals ein. Das Schwimmbad ist geheizt und stets 23 Grad warm.

 Für die Kleinen gibt es einen Kinderpool, ein Trampolin und für die Grösseren eine Wasserslackline. 

Hunde sind im Schwimmbad nicht erlaubt.

Kein Parkplatz direkt beim Schwimmbad vorhanden. Beim Bahnhof oder bei der Kirche hat es Parkmöglichkeiten.;7.906484746286877;46.5970294;Greifenbach;3822;Lauterbrunnen;+41 33 856 85 68;info@lauterbrunnen.swiss;https://lauterbrunnen.swiss;[{'@type': 'ImageObject', 'contentUrl': 'https://jrtagpimtsoch.sos-ch-dk-2.exoscale-cdn.com/catalog/d/4/c/a/d4caaa571ddcf311c54aa3af552c745f71728a53_20160804_131225_171.jpg'}];2026-09-09T14:59:51+02:00
5d8fdc62-333d-42ac-bf68-cd8b0082b90f;BG's Grill Restaurant;Casual Alpine Soul Food mit lokalen Produkten;<p>Intensive Frische kosten und sich von den Düften und Farben auf dem Teller verführen lassen. Im BG’s Grill Restaurant serviert Ihnen Urs Gschwend und sein Team Casual Alpine Soul Food mit bekannten und überraschenden Gerichten. Er verwendet lokale Produkte und bereitet Fleisch, Fisch und mehr auf dem namensgebende Holz-Grill des Restaurants zu. Zusammen mit der perfekt abgestimmten Weinauswahl wird jeder Besuch im 16 Gault Millau Punkte Restaurant BG’s zum genussreichen Abenteuer.</p>;8.0394334;46.6239655;Bergwelt 4;3818;Grindelwald;+41 33 854 85 85;welcome@bergwelt-grindelwald.com;https://bergwelt-grindelwald.com;[{'@type': 'ImageObject', 'contentUrl': 'https://jrtagpimtsoch.sos-ch-dk-2.exoscale-cdn.com/catalog/c/9/c/f/c9cfa2b206ea14f2cc915b44a63e1bb16a28b097_csm_BG_s_Grill_Restaurant_15_12b776b62b.jpg'}];2026-09-04T15:49:14+02:00
5ede007b-26da-4a9f-93fa-afa917c90728;Hotel Alpenblick;Als echter Familienbetrieb legen wir großen Wert auf einen persönlichen Service. Ob für eine Übernachtung in einem heimeligen Zimmer oder ein köstliches Essen im Restaurant – bei uns erleben Sie herzliche Gastfreundschaft und unkomplizierten Service – Alpenblicke inklusive!;<p>Das Hotel Alpenblick Grindelwald, gelegen im wohl sch&ouml;nsten Tal der Welt, ist im Sommer wie auch im Winter einen Besuch wert.</p><p>Im Sommer ist das Hotel Alpenblick ein idealer Ausgangspunkt f&uuml;r Wanderungen und Bike-Touren in der wunderbaren Bergwelt der Jungfrau Region. Die Bushaltestelle befindet sich direkt vor der Haust&uuml;r, Sie k&ouml;nnen somit jede Bergbahn bequem erreichen. Auf der wundersch&ouml;nen Terrasse mit dem Blick auf die Grindelwalder <span style="font-size: 10.0pt; mso-bidi-font-size: 12.0pt; font-family: 'Arial',sans-serif; mso-fareast-font-family: Aptos; mso-fareast-theme-font: minor-latin; mso-bidi-theme-font: minor-bidi; mso-ansi-language: DE-CH; mso-fareast-language: EN-US; mso-bidi-language: AR-SA;">&laquo;</span>Alpenspitzen<span style="font-size: 10.0pt; mso-bidi-font-size: 12.0pt; font-family: 'Arial',sans-serif; mso-fareast-font-family: Aptos; mso-fareast-theme-font: minor-latin; mso-bidi-theme-font: minor-bidi; mso-ansi-language: DE-CH; mso-fareast-language: EN-US; mso-bidi-language: AR-SA;">&raquo;</span> k&ouml;nnen Sie sich bestens vom Erlebten in der Bergwelt erholen oder die Aussicht auf den Eiger und den Rest der imposanten Berge geniessen.</p><p>Im Winter endet die Skipiste vom Skigebiet Grindelwald-First direkt vor dem Hotel Alpenblick. Mit dem Skibus, der unmittelbar vor der Haust&uuml;r h&auml;lt, erreichen Sie bequem, ohne zu gehen, alle Talstationen der Skigebiete von Grindelwald.</p><p>Das Hotel Alpenblick befindet sich am Ende des Dorfes Grindelwald, ist doch nicht abseits gelegen und macht seinem Namen alle Ehre.</p><p>Das Hotel Alpenblick in Grindelwald bietet alles unter einem Dach und steht f&uuml;r preiswertes &Uuml;bernachten, spontanes Feiern im Pub und schmackhaftes, g&uuml;nstiges Essen im Restaurant. Vom Hotel Alpenblick aus genie&szlig;en Sie wunderbare Aussicht auf die imposante Bergkulisse. Wir liefern <span style="font-size: 10.0pt; mso-bidi-font-size: 12.0pt; font-family: 'Arial',sans-serif; mso-fareast-font-family: Aptos; mso-fareast-theme-font: minor-latin; mso-bidi-theme-font: minor-bidi; mso-ansi-language: DE-CH; mso-fareast-language: EN-US; mso-bidi-language: AR-SA;">&laquo;</span>Alpenblicke<span style="font-size: 10.0pt; mso-bidi-font-size: 12.0pt; font-family: 'Arial',sans-serif; mso-fareast-font-family: Aptos; mso-fareast-theme-font: minor-latin; mso-bidi-theme-font: minor-bidi; mso-ansi-language: DE-CH; mso-fareast-language: EN-US; mso-bidi-language: AR-SA;">&raquo;</span>.&nbsp;</p><p>Wir bieten zum &Uuml;bernachten verschiedene Zimmerkategorien an:</p><p>- Neuere, helle Komfort Zimmer f&uuml;r 2 bis 7 Personen. Die Komfort Zimmer sind alle mit Dusche, WC und TV ausgestattet.</p><p>- Einfachere Budget Zimmer f&uuml;r 2 bis 5 Personen mit Waschgelegenheit und Dusche und Toilette auf der Etage.</p><p>- F&uuml;r die Preisbewussten eignet sich unser Touristenlager, Mehrbettzimmer mit Kaj&uuml;ttenbetten f&uuml;r bis zu 16 Personen unterteilt in 2er und 4er Abteile.</p>;8.048377;46.626836;Obere Gletscherstrasse 16;3818;Grindelwald;+41 33 853 11 05;hotel@alpenblick.info;https://www.alpenblick.info;[{'@type': 'ImageObject', 'contentUrl': 'https://jrtagpimtsoch.sos-ch-dk-2.exoscale-cdn.com/catalog/3/0/a/d/30ad79dc4cad8280a75f48e0354e485b937a70dc_image.jpeg'}];2026-09-04T15:49:14+02:00
60dc0a95-847d-4e04-a40f-b183d26b5ebd;Martinaglia Optik;Dein Optiker in Grindelwald.;<p><a href="https://www.google.ch/maps/place/Dorfstrasse+123,+3818+Grindelwald/@46.6236408,8.0367313,21z/data=!4m6!3m5!1s0x478f9bfe3aa283cd:0xd99b23f7c04df625!8m2!3d46.6236649!4d8.037013!16s%2Fg%2F11rp3926tp?hl=de&amp;entry=ttu&amp;g_ep=EgoyMDI1MDMxOS4yIKXMDSoASAFQAw%3D%3D" target="_blank" style="font-weight: bold;">Zum Ziel navigieren (Google Maps)</a></p><p><br></p><p data-start="0" data-end="70" class="">Die Filiale von Martinaglia Optik in Grindelwald bietet dir ein vielfältiges Angebot an Produkten und Dienstleistungen rund ums Sehen. Das Team aus erfahrenen Augenoptikerinnen und Augenoptikern berät dich kompetent und hilft dir, die passende Lösung für deine Sehanforderungen zu finden.</p>;8.037034297976307;46.62371415;Dorfstrasse 123;3818;Grindelwald;+41 33 853 41 21;grindelwald@martinaglia-optik.ch;https://www.martinaglia-optik.ch/;[{'@type': 'ImageObject', 'contentUrl': 'https://jrtagpimtsoch.sos-ch-dk-2.exoscale-cdn.com/catalog/c/4/1/b/c41bf9372758ef4b0c1ce1c5f90185ed7baa7aaa_Martinaglia.png'}];2025-03-22T17:37:10+01:00
6336930b-96e7-4f06-81b0-7ef8d0251438;Chalet Rosa;Das Chalet Rosa ist ein 360 Jahre altes Gebäude in Lauterbrunnen, 11 km von Interlaken entfernt. Es bietet Zimmer mit eigenem Bad und jeden Morgen ein Frühstück. WLAN nutzen Sie in den öffentlichen Bereichen kostenfrei. Ursprünglich 1658 erbaut, wurde es 2006 für renoviert, und zwar nach typisch schweizerischem Standard.;Die meisten Zimmer bieten Aussicht auf die umliegenden Berge und die Badezimmer sind mit einer Dusche ausgestattet.

Eine begrenzte Anzahl an Parkplätzen steht an der Unterkunft je nach Verfügbarkeit zur Verfügung. Der Bahnhof Lauterbrunnen liegt 300 m vom Chalet Rosa entfernt.;7.9068062;46.5933822;Beim alten Schulhaus 428;3822;Lauterbrunnen;+41 33 855 10 73;[{'@type': 'ImageObject', 'contentUrl': 'https://jrtagpimtsoch.sos-ch-dk-2.exoscale-cdn.com/catalog/5/5/9/e/559e073bdfaccc07498d2c48447d642041a37c9b_rosa_ext_01.jpg'}];2026-07-07T15:59:30+02:00
640b89d7-1001-4645-9e71-51a6b00048af;Hotel Hirschen Saunalandschaft;Finnische Sauna, Infrarot-Kabine und Kräuter-Sauna;Im Hotel Hirschen kannst du eine Finnische Sauna, eine Infrarot-Kabine oder eine Kräuter-Sauna geniessen. Die Finnische Sauna regt den Kreislauf an und fördert den Aufbau von körpereigenen Abwehrkräften. Die Infrarot-Kabine entspannt und stärkt das Nervensystem. Die Kräuter-Sauna regt ebenfalls den Kreislauf an und steigert die Körperabwehr.;8.03838459899247;46.62343455;Dorfstrasse 135 ;3818;Grindelwald;+41 33 854 84 84;info@hirschen-grindelwald.ch;http://www.hirschen-grindelwald.ch;[{'@type': 'ImageObject', 'contentUrl': 'https://jrtagpimtsoch.sos-ch-dk-2.exoscale-cdn.com/catalog/e/b/1/8/eb18bf1f872228511fc4b8c092e49198145f8964_csm_WellnessKrutersaunaRotRGB150dpi_7cad7eed00.jpg'}];2026-09-04T15:49:14+02:00
661fb776-83cf-43e9-9cb0-0dd53b7477dd;Sauna Oase im Sportzentrum Grindelwald;Die Seele baumeln lassen;Saunieren entschlackt und entgiftet den Körper, regt die Stoffwechselvorgänge an, trainiert das Herz- und Kreislaufsystem und pflegt die Haut.

Körper, Geist und Seele werden erfrischt. Nach dem Saunagang fühlst du dich wie «neu geboren»!

Nutze unser vielseitiges Angebot:

Finnischer Sauna 90°C - trocken
Sanarium 50°C - 50% Luftfeuchtigkeit
Dampfbad 43°C - 100% Luftfeuchtigkeit
Kaltwasserbecken
Tretbrunnen
Erlebnisduschen
Frischluftbereich
Ruheraum mit Sonnenterrasse mit Sicht auf die atemberaubende Eigernordwand.
Im Saunaeintritt ist der Besuch des Hallenbades inbegriffen, es gibt keine Zeitbeschränkung!;8.035522339040838;46.62300125;Dorfstrasse 110;3818;Grindelwald;+41 33 854 12 30;sport@grindelwald.swiss;https://www.sportzentrum-grindelwald.ch;[{'@type': 'ImageObject', 'contentUrl': 'https://jrtagpimtsoch.sos-ch-dk-2.exoscale-cdn.com/catalog/b/d/8/f/bd8f9e7520435d7b6f1338b8e9c01f8e75fc47e4_sauna_oase_sportzentrum_grindelwald__1_.jpg'}];2026-09-04T15:49:14+02:00
66a66f13-50f5-43e1-bba3-08f58b9bbe4b;Bim Chilchli (West) 6 Bett Wohnung;Hier fühlst du dich Zuhause.;<p class="MsoNormal">Eine Ferienwohnung inmitten der Bergwelt. In unmittelbarer
Nähe zur Skipiste. Mitten im Wanderparadies. Wir freuen uns auf dich.</p><p class="MsoNormal">Über den Button gelangst du direkt zum Buchungsportal oder
kannst eine E-Mail für deine Reservationsanfrage an den Vermieter schicken.</p><p>





</p><p class="MsoNormal"><o:p>&nbsp;</o:p></p>;7.894830107688905;46.560420009964815;Untere Dorfstrasse;3825;Mürren;+41 33 855 28 60;fam_feuz@bluewin.ch;[{'@type': 'ImageObject', 'contentUrl': 'https://jrtagpimtsoch.sos-ch-dk-2.exoscale-cdn.com/catalog/7/7/9/f/779f5b3cdf8a23b5467419cbe8979b3910409158_M__rren_Bim_Chilchli_West_6_Bett_Sommer.jpg'}];2026-09-04T15:49:14+02:00
66aced78-9143-47d8-b711-e52b77704c7c;Apart Hotel Wetterhorn;Den Kopf frei bekommen und die reine, frische Bergluft einatmen - kein Wunder, dass das Hotel Wetterhorn der ideale Ort für Tagungen und Seminare ist.
Wir freuen uns darauf, Sie und Ihr Team bald bei uns begrüßen zu dürfen.;<p>Das Apart Hotel Wetterhorn in Hasliberg bietet eine einzigartige Mischung aus traditionellem alpinem Charme und modernem Komfort. Inmitten der atemberaubenden Schweizer Alpen gelegen, ist das Hotel der perfekte Ausgangspunkt f&uuml;r Outdoor-Enthusiasten und Naturliebhaber. Das historische Geb&auml;ude, das urspr&uuml;nglich 1907 erbaut wurde, wurde liebevoll restauriert und bietet gem&uuml;tliche Zimmer mit herrlicher Aussicht auf die umliegenden Berge.&nbsp;</p>;8.167211754174861;46.7537533;Hohfluh;6083;Hasliberg Hohfluh;+41 33 975 13 13;info@wetterhorn-hasliberg.ch;https://www.wetterhorn-hasliberg.ch/en/seminarraum;[{'@type': 'ImageObject', 'contentUrl': 'https://jrtagpimtsoch.sos-ch-dk-2.exoscale-cdn.com/catalog/6/9/4/4/69442402436d380d3c4988f8b3ce56bf509ab460_113_1518_hotel_wetterhorn_aussenansicht_2013_bydavidbirri.jpg'}];2026-09-04T15:49:14+02:00
67c2fae1-0831-4238-9a86-4cc5f08799ac;Klettergarten Riggli;Familienfreundliches Klettern bei Mürren;<p>Kletterfinken an &ndash; Seil raus Der Klettergarten Riggli ist mit seinen &uuml;ber 30 kurzen und gut gesicherten Routen in den Schwierigkeitsgraden 4c bis 6c ein guter Ort f&uuml;r Familien. Topos sind in den Kletterf&uuml;hrern Interlaken (Vertical Sport) oder Plaisir zu finden. Das Gel&auml;nde unterhalb der Wand ist gras&uuml;berwachsen und einfach begehbar. Auch oberhalb des Gebiets befindet sich eine Grasfl&auml;che, von welcher aus einige Routen von oben her eingeh&auml;ngt werden k&ouml;nnen. Somit kann hier direkt Toprope geklettert werden. Dank der s&uuml;dlichen Ausrichtung w&auml;rmt sich der Kalkfels im Sommer angenehm auf. Wer den ganzen Tag mit Klettern verbringt, kann sich gleich oberhalb der Routen, in der Schilthornh&uuml;tte st&auml;rken. Der Klettergarten befindet sich ein paar Gehminuten unterhalb der Schilthornh&uuml;tte. Der schnellste Zustieg f&uuml;hrt von M&uuml;rren mit der Gondelbahn bis zur Station Birg (Mittelstation der Schilthornbahn). Von Birg folgt man den weissen Wegweisern bergab durch das Engetal und steht nach ca. 40 Minuten am Fuss der Wand.</p><p>&nbsp;</p>;7.862712282950893;46.5700504;3825;Mürren;info@schilthornhuette.com;https://www.schilthornhuette.com;[{'@type': 'ImageObject', 'contentUrl': 'https://jrtagpimtsoch.sos-ch-dk-2.exoscale-cdn.com/catalog/a/b/1/4/ab14dd91f3d16f88e52575c98af57343059c0dc5_Klettergarten_Riggli_Wand.jpg'}];2026-09-04T15:49:14+02:00
68c25cf7-f238-442d-aad8-e0fa975dc8aa;Restaurant «1910 · Gourmet by Hausers»;Sterneküche: Fine Dining in Grindelwald;<p>1910 erweiterte Johann Hauser das Belvedere. Der damals neue Herd steht zentral in unserem kleinen, gemütlichem Stübli mit nur sechs Tischen. Jene Zeit, als die Zutaten der Küche noch selber angebaut wurden oder aus der Region stammten, dient als Inspiration für unser heutiges regionales und nachhaltiges Konzept.</p><p>Der moderne kulinarische Stil unseres Küchenchefs Dávid Imre Rózsa zeichnet sich durch technische Raffinesse sowie reduzierte und zugleich geschmacksvolle Kompositionen aus. Dávid wurde von der Guide MICHELIN 2025 Auswahl mit einem Stern und von Gault&Millau mit 16 Punkten ausgezeichnet.</p>;8.029357532361477;46.62523865;Dorfstrasse 53;3818;Grindelwald;+41 33 888 99 99;hotel@belvedere-grindelwald.ch;https://www.belvedere-grindelwald.ch;[{'@type': 'ImageObject', 'contentUrl': 'https://jrtagpimtsoch.sos-ch-dk-2.exoscale-cdn.com/catalog/6/6/2/2/6622cf5f739035af164b8a37fb59e3edd67fd8a2_Restaurant_1910_Gourmet_by_Hausers_Grindelwald_D__vid_Imre_R__zsa_web_01.jpg'}];2026-09-04T15:49:14+02:00
6abad29c-eab0-4c11-9a73-2f2009d74395;Zahnarzt Dr. med. dent. Torsten Herting;In unserer Zahnarztpraxis in Grindelwald bieten wir umfassende zahnmedizinische Behandlungen, die präventive, kosmetische und restaurative Zahnheilkunde umfassen.;<p><a href="https://www.google.com/maps/place/Zahnarztpraxis+Grindelwald+%7C+Implantate+%7C+Kronen+und+Br%C3%BCcken+%7C+Prothesen+%7C+Digitale+Prothesen/@46.6221628,8.0231884,279m/data=!3m1!1e3!4m15!1m8!3m7!1s0x478f994db925472f:0x8f7306d55ed3ac4b!2sGrundstrasse+19,+3818+Grindelwald!3b1!8m2!3d46.6250785!4d8.0228982!16s%2Fg%2F11c2fvjjg8!3m5!1s0x478f9955bd10c363:0xe5f743989062d0da!8m2!3d46.6250417!4d8.0228592!16s%2Fg%2F1tgpx33h?entry=ttu&amp;g_ep=EgoyMDI0MTEyNC4xIKXMDSoASAFQAw%3D%3D" target="_blank" style="font-weight: bold;">Zum Ziel navigieren (Google Maps)</a></p><p><br></p><p>Unsere Zahnarztpraxis in Grindelwald bietet eine breite Palette zahnmedizinischer Leistungen in einer modernen, angenehmen Umgebung. Wir konzentrieren uns auf präventive Massnahmen, restaurative und kosmetische Behandlungen. Dabei steht eine individuelle und einfühlsame Betreuung im Vordergrund, um unseren Patienten maximalen Komfort und Vertrauen zu bieten.</p>;8.022897541476894;46.625058249999995;3818;Grindelwald;+41 33 853 49 50can;zahnarzt-grindelwald@bluewin.ch;http://www.zahnarzt-grindelwald.ch/;[{'@type': 'ImageObject', 'contentUrl': 'https://jrtagpimtsoch.sos-ch-dk-2.exoscale-cdn.com/catalog/0/c/8/3/0c83fc3e2bdccc28177059ee19353eca4d6aeef6_zahn.png'}];2026-07-07T15:59:30+02:00
6bb67e06-4304-4359-8146-6164c33f1221;ASPEN alpin lifestyle Hotel;4 Sterne Superior Eleganz am Fusse der Eiger Nordwand;<p>Die raue Eleganz der Berge.</p><p>Die faszinierende Natur- und Tierwelt der Alpen und der Charme des Chalets. Das alles und noch viel mehr macht den Alpin-Chic-Style im Aspen aus.</p><p>Das Chalet-Hotel ist eine echte Entdeckung mit seiner einmaligen Sonnenterrasse direkt an der Talabfahrt, seinen Wanderwegen vor der Haust&uuml;re und den liebevollen, typisch schweizerischen Details beim Interieur.</p><p>Im Jahr 2012 wurde ein Suitentrakt sowie ein Wellnessbereich mit Aussenwhirlpool erstellt und das Hotel wurde komplett umgebaut. Mit viel Liebe zum Detail vereinen sich Tradition und Moderne. Das moderne Haus im rustikalen Chalet-Stil setzt auf unkomplizierten und innovativen Bergtourismus mit starkem Bezug zur Region.</p><p>Im Winter direkt an der Skipiste und im Sommer im weitl&auml;ufigen Wandergebiet von den Regionen Kl. Scheidegg/M&auml;nnlichen gelegen. Die Zufahrt mit dem PKW ist ganzj&auml;hrig gew&auml;hrleistet.</p><p>Das Restaurant serviert Ihnen moderne Schweizer und internationale Gerichte. Im Sommer sind auch Halal-Speisen verf&uuml;gbar. Das Restaurant verf&uuml;gt &uuml;ber eine Terrasse mit Aussicht auf die Eiger-Nordwand. Kulinarisch werden hochwertige regionale Gerichte und Produkte aufgetischt. Die junge Gastgeberfamilie setzt auf Swissness und herzliche Atmosph&auml;re.</p><p>Geniessen Sie ausserdem unseren wundersch&ouml;nen Wellnessbereich mit diversen Saunen, Eisbrunnen, Erlebnisduschen, Fusssprudelbecken, Massageangebot sowie exklusiver Aussenwhirlpool mit Inneneinstieg.</p><p>Am Ende sagt Sophia Loren: <span style="font-size: 10.0pt; mso-bidi-font-size: 12.0pt; font-family: 'Arial',sans-serif; mso-fareast-font-family: Aptos; mso-fareast-theme-font: minor-latin; mso-bidi-theme-font: minor-bidi; mso-ansi-language: DE-CH; mso-fareast-language: EN-US; mso-bidi-language: AR-SA;">&laquo;</span>Charme ist der unsichtbare Teil der Sch&ouml;nheit, ohne den niemand wirklich sch&ouml;n sein kann.<span style="font-size: 10.0pt; mso-bidi-font-size: 12.0pt; font-family: 'Arial',sans-serif; mso-fareast-font-family: Aptos; mso-fareast-theme-font: minor-latin; mso-bidi-theme-font: minor-bidi; mso-ansi-language: DE-CH; mso-fareast-language: EN-US; mso-bidi-language: AR-SA;">&raquo;</span> Der Charme des Aspen Hotels macht ihren Aufenthalt in Grindelwald noch sch&ouml;ner und unvergesslicher.</p>;8.0056956;46.6190463;Aspen 1;3818;Grindelwald;+41 33 854 40 00;info@hotel-aspen.ch;https://www.hotel-aspen.ch;[{'@type': 'ImageObject', 'contentUrl': 'https://jrtagpimtsoch.sos-ch-dk-2.exoscale-cdn.com/catalog/7/8/c/e/78ce3a9d56a163f6a6754fe35ad75029a5ac9022_image.jpeg'}];2026-09-04T15:49:14+02:00
7189638f-b0ff-47e7-a454-5e23cbf850b6;Steinacker 2-4 Bett Wohnung;Hier fühlst du dich Zuhause.;<p class="MsoNormal">Eine Ferienwohnung inmitten der Bergwelt. In unmittelbarer
Nähe zur Skipiste. Mitten im Wanderparadies. Wir freuen uns auf dich.<o:p></o:p></p><p class="MsoNormal">Über den Button gelangst du direkt zum Buchungsportal oder
kannst eine E-Mail für deine Reservationsanfrage an den Vermieter schicken.</p>;8.064294481825776;46.63046215;Obere Gletscherstrasse 132;3818;Grindelwald;+41 79 344 61 23;steinackergwald@gmx.ch;[{'@type': 'ImageObject', 'contentUrl': 'https://jrtagpimtsoch.sos-ch-dk-2.exoscale-cdn.com/catalog/3/8/2/5/382567c1d5d17e8fe5cd0989a0d2e25f174aa3fd_Steinacker_Sommer.jpeg'}];2026-09-04T15:49:16+02:00
72f2091f-c31e-4962-9bc9-c8e9edd8f141;AquaWell im Parkhotel Schoenegg;Tanke in der Wellness-Oase im Parkhotel Schoenegg neue Energie;Ein grosses Hallenbad, Whirlpool, eine finnische Sauna (90°C und trockene Luft) und ein Sanarium (60°C und tropisches Klima) laden zum Entspannen ein.
Geniesse die Ruhe der Berge bei einer schmackhaften Tasse Tee in einem der Ruheräume.

Profitiere vom Grindelwalder Day Spa Angebot und entspanne dich in der wohligen Wärme des Wellnessbereichs.;8.0406222;46.6243384;Dorfstrasse 161 ;3818 ;Grindelwald ;+41 33 854 18 18;info@parkhotelschoenegg.ch;https://www.parkhotelschoenegg.ch/fr/detente/;[{'@type': 'ImageObject', 'contentUrl': 'https://jrtagpimtsoch.sos-ch-dk-2.exoscale-cdn.com/catalog/2/d/d/d/2ddd46f63cfe32e4133e41d8b00e632792e1c23f_aquawell_parkhotel_schonegg__3_.jpg'}];2026-09-04T15:49:16+02:00
738ee4bd-e7aa-4355-8478-0beedd22d120;Nirggen 2 Bett Wohnung;Hier fühlst du dich Zuhause.;<p class="MsoNormal"><o:p>&nbsp;</o:p>Eine Ferienwohnung inmitten der Bergwelt. In unmittelbarer
Nähe zur Skipiste. Mitten im Wanderparadies. Wir freuen uns auf dich.</p><p>





</p><p class="MsoNormal">Über den Button gelangst du direkt zum Buchungsportal oder
kannst eine E-Mail für deine Reservationsanfrage an den Vermieter schicken.<o:p></o:p></p>;8.027409152815206;46.6219239;Nirggenstrasse 56;3818;Grindelwald;+41 33 853 57 04;chalet.nirggen@bluewin.ch;https://www.holidays-grindelwald.ch;[{'@type': 'ImageObject', 'contentUrl': 'https://jrtagpimtsoch.sos-ch-dk-2.exoscale-cdn.com/catalog/1/b/1/7/1b17afb5480561e348888936c6655b3b4275a086_Nirggen_Sommer.jpg'}];2026-09-04T15:49:16+02:00
74115238-f417-4124-bc9b-cd27749a1ddb;Boutique Bonita Bags & More;Verkauf von Lederartikel, Reisegepäck und noch mehr.;<p><a href="https://www.google.ch/maps/place/Dorfstrasse+132,+3818+Grindelwald/@46.6232759,8.0369628,19z/data=!3m1!4b1!4m6!3m5!1s0x478f9bfe4a1c5e15:0xdc329e271c915921!8m2!3d46.6232759!4d8.0376065!16s%2Fg%2F11c210c78t?hl=de&amp;entry=ttu&amp;g_ep=EgoyMDI1MDMxOC4wIKXMDSoASAFQAw%3D%3D" target="_blank" style="font-weight: bold;">Zum Ziel navigieren (Google Maps)</a><span style="font-weight: bold;"><a href="https://www.google.ch/maps/place/Dorfstrasse+132,+3818+Grindelwald/@46.6232759,8.0369628,19z/data=!3m1!4b1!4m6!3m5!1s0x478f9bfe4a1c5e15:0xdc329e271c915921!8m2!3d46.6232759!4d8.0376065!16s%2Fg%2F11c210c78t?hl=de&amp;entry=ttu&amp;g_ep=EgoyMDI1MDMxOC4wIKXMDSoASAFQAw%3D%3D" target="_blank"></a></span></p><div><br></div><div>Im Herzen von Grindelwald findest du Bonita Bags &amp; More, deinen perfekten Ort für stilvolle Accessoires. Hier gibt es eine grosse Auswahl an Damenhandtaschen, Schals, Lederhandschuhen und Strickjacken. Für deine Reisen findest du auch eine Auswahl an praktischen Koffern.</div>;8.037735338262802;46.6232696;Dorfstrasse 132;3818;Grindelwald;+41 33 853 50 60;[{'@type': 'ImageObject', 'contentUrl': 'https://jrtagpimtsoch.sos-ch-dk-2.exoscale-cdn.com/catalog/a/5/2/7/a527de66f0aa2d16e5dcda1440c00fadb9da9613_DSC05240.JPG'}];2025-03-25T15:19:59+01:00
74f1b902-8bc2-45b0-8d65-0eea05a19dfc;Übungsgelände Kleine Scheidegg;Pistenspass für Anfänger*innen;<p>Das &Uuml;bungsgel&auml;nde auf der Kleinen Scheidegg erreichst du vom Bahnhof zu Fuss in f&uuml;nf Minuten. Hier warten ein F&ouml;rderband und ein Seillift auf dich. Genug ge&uuml;bt? Dann kannst du vom Gel&auml;nde aus die blaue Piste in Richtung Brandegg in Angriff nehmen.<br><br></p>;7.9608968;46.5850987;3823;Kleine Scheidegg;+41 79 179 90 90;info@snowsportsscheidegg.ch;https://www.snowsportsscheidegg.ch;[{'@type': 'ImageObject', 'contentUrl': 'https://jrtagpimtsoch.sos-ch-dk-2.exoscale-cdn.com/catalog/5/f/3/d/5f3d7463490666d14db1e1e4cb39e4c1ff4167e9_Skifahren_Jungfrauregion.jpg'}];2026-09-04T15:49:16+02:00
78223671-e79a-4a06-b049-60d64add65ab;Eigergletscher Confiserie;Handgefertigte konditoreiwaren in Europas höchster Confiserie.;Die Confiserie Eigergletscher bietet einen Geschmack der Schweiz auf 2.320 Metern über dem Meeresspiegel, wo Konditoren und Konditorinnen Spezialitäten aus lokalen Zutaten wie Grindelwalder Butter, Alpenblumen und Schweizer Honig herstellen. In Zusammenarbeit mit der Lindt &amp; Sprüngli AG entstehen einzigartige Eigerspitzli, Schokoladentafeln und Pralinriegel mit ganzen Haselnüssen. Die handgefertigten Desserts der Confiserie stammen aus der höchsten Konditorei Europas und garantieren einen Geschmack von handwerklicher Qualität. Nachdem du die Eigernordwand bewundert hast, kannst du die Eigerspitzli-Praline probieren, die wie der Eiger selbst geformt ist.&nbsp;;7.9748643;46.574801;3823;Eigergletscher;https://www.jungfrau.ch/de-ch/essen-trinken/confiserie-eigergletscher/;[{'@type': 'ImageObject', 'contentUrl': 'https://jrtagpimtsoch.sos-ch-dk-2.exoscale-cdn.com/catalog/d/1/0/5/d1051b28cdb4ce4fa7695d1a38f862d97f34778c_Eigergletscher_Confiserie.jpg'}];2026-02-18T15:59:08+01:00
79c2e181-dc79-4522-a29c-2c6b4ca6e4dd;Skatepark Haslital;Profitiere von kostenlosem ﻿Skatevergnügen auf 400 Quadratmetern.;<p><span style="background-color: #ffffff; color: #000000;">Der Skatepark Haslital bietet als einer der wenigen Indoor-Skateparks der Schweiz die M&ouml;glichkeit, unabh&auml;ngig von Jahreszeit und Witterung zu skateboarden.</span></p><p><span style="background-color: #ffffff; color: #000000;">Auf einer Fl&auml;che von ca. 400 m&sup2; sind eine Miniramp sowie ein Street-Bereich untergebracht, so dass es auch den anspruchsvollen Skatern nicht langweilig wird.</span></p><p><span style="background-color: #ffffff; color: #000000;">Die Anlage wurde professionell geplant, mit einem superschnellen Buchenbelag versehen und gen&uuml;gt damit h&ouml;chsten Anspr&uuml;chen.</span></p><p><span style="background-color: #ffffff; color: #000000;">G&auml;stekarte Haslital: </span><span style="background-color: #ffffff; color: #000000;">Kostenloser Eintritt</span></p>;8.1908654;46.7241558;Alpbachsäge 2;3860;Meiringen;+41 33 971 39 00;[{'@type': 'ImageObject', 'contentUrl': 'https://jrtagpimtsoch.sos-ch-dk-2.exoscale-cdn.com/catalog/8/5/0/d/850d32451ce20387ca0ba0e41e1a17e805444883_113_8852_skatepark_haslital_bydavidbirri.jpg'}];2026-05-04T15:56:25+02:00
7e1d1c40-ccf4-4278-88c6-ac54df038a3e;Chalet Barbara, ruhige 1-2 Bett Wohnung, all inclusive;Hier fühlst du dich Zuhause.;Eine Ferienwohnung inmitten der Bergwelt. In unmittelbarer Nähe zur Skipiste. Mitten im Wanderparadies. Wir freuen uns auf dich.

Über den Button gelangst du direkt zum Buchungsportal oder kannst eine E-Mail für deine Reservationsanfrage an den Vermieter schicken.
;8.037620186805727;46.62669957108819;Bodmiweg 5;3818;Grindelwald;+41 33 853 08 22;chaletbarbara@bluewin.ch;[{'@type': 'ImageObject', 'contentUrl': 'https://jrtagpimtsoch.sos-ch-dk-2.exoscale-cdn.com/catalog/5/c/4/0/5c40e10b889e1bc071a27fa157bb1796e96f0d57_3216204_Chalet_Barbara_1_2_Bett_Wohnung.jpeg'}];2026-09-04T15:49:16+02:00
7ed4c572-4c2f-47be-9b78-981b803ee885;Hallenbad Meiringen;Schwimm- und Saunavergnügen in Meiringen;Im Hallenbad Meiringen können sich Gäste am Rückenschwimmen, Crawl und dem Brustschwimmen erfreuen. Eine klassische Finnische Sauna rundet den Badespass im Hallenbad in Meiringen ab.

Schwimmerbecken, grosses Nichtschwimmerbecken, geheizte Liege- und Sitzstufen bei einer Wassertemperatur von 28°C und angenehmer Lufttemperatur.;8.187101260000368;46.72902485;Pfrundmattenstrasse 2 ;3860;Meiringen ;hallenbad.meiringen@meiringen.ch;https://www.meiringen.ch/infrastruktur/5843;[{'@type': 'ImageObject', 'contentUrl': 'https://jrtagpimtsoch.sos-ch-dk-2.exoscale-cdn.com/catalog/1/3/c/5/13c530b6d0ac9c3b56785e73b42eb163d672473b_Hallenbad_Meiringen__4_.jpg'}];2026-09-04T15:49:16+02:00
805fb675-62e9-4da6-9438-02279f8e5941;Gelateria da Marco;Die Gelateria im Dorfzentrum. ;<p><a href="https://www.google.com/maps/place/Gelateria+di+Marco/@46.623515,8.0374668,21z/data=!4m15!1m8!3m7!1s0x478f995473cffaaf:0x6d0aa1e499b557c6!2sDorfstrasse+62,+3818+Grindelwald!3b1!8m2!3d46.6243993!4d8.0310106!16s%2Fg%2F11c1w_khtw!3m5!1s0x478f9bbbacdaff77:0xc50709db00e5c466!8m2!3d46.623547!4d8.037452!16s%2Fg%2F11j_xfr4qq?entry=ttu&amp;g_ep=EgoyMDI1MDMwNC4wIKXMDSoASAFQAw%3D%3D" target="_blank" style="font-weight: bold;">Zum Ziel navigieren (Google Maps)</a><a href="https://www.google.com/maps/place/Gelateria+di+Marco/@46.623515,8.0374668,21z/data=!4m15!1m8!3m7!1s0x478f995473cffaaf:0x6d0aa1e499b557c6!2sDorfstrasse+62,+3818+Grindelwald!3b1!8m2!3d46.6243993!4d8.0310106!16s%2Fg%2F11c1w_khtw!3m5!1s0x478f9bbbacdaff77:0xc50709db00e5c466!8m2!3d46.623547!4d8.037452!16s%2Fg%2F11j_xfr4qq?entry=ttu&amp;g_ep=EgoyMDI1MDMwNC4wIKXMDSoASAFQAw%3D%3D" target="_blank" style="font-weight: bold;"></a></p><p><br></p><p>Die Gelateria da Marco befindet sich im Zentrum von Grindelwald und bietet draussen zwei Tische mit Stühlen, wo du die Köstlichkeiten in Ruhe geniessen kannst. Hier findest du nicht nur leckere Eiscremes, sondern auch Waffeln, Frappés, Sorbets und Erfrischungsgetränke. Ein perfekter Ort, um sich eine süsse Auszeit zu gönnen!</p>;8.037427000109172;46.623554850000005;Dorfstrasse 127;3818;Grindelwald;+41 33 853 15 55;[{'@type': 'ImageObject', 'contentUrl': 'https://jrtagpimtsoch.sos-ch-dk-2.exoscale-cdn.com/catalog/4/0/6/d/406d7678e667822031b5ca762310681b400091a0_DSC05247.JPG'}];2025-03-11T09:00:40+01:00
817e68d6-3c8b-424f-a220-8f432b54c268;Skigebiet Grindelwald-First;Das Skigebiet punktet mit einer grossartigen Aussicht und viel, viel Sonne.;<p>Der Snowpark Grindelwald-First verf&uuml;gt &uuml;ber eine 130 m lange und rund 5.60 m hohe Halfpipe &ndash; einzigartig im Berner Oberland. Ebenfalls bietet der Park Kickers, Rails, Bonks und Boxen.</p><p>Big Pintenfritz ist mit einer L&auml;nge von 11 km eine der l&auml;ngsten Schlittelabfahrten Europas.</p><p>Adrenalin pur: Die Ski abschnallen und auf dem First Flieger oder First Glider mit bis zu 84 km/h durch die Luft fliegen (inbegriffen im Skipass Jungfrau (ab 1-Tages-Pass).</p><p>Spielerisch das Skifahren erlernen: Auf First befindet sich die Lily Fun Slope mit lustigen Hindernissen.</p><p>Das und vieles mehr bietet das Skigebiet Grindelwald-First. Insgesamt stehen dir hier 56 Pistenkilometer und 40 Kilometer Wander- und Schlittelwege zur Verf&uuml;gung.</p><p>Zu erreichen ist die First mit der Gondelbahn in rund 25 Minuten ab Grindelwald.</p><article class="text-token-text-primary w-full focus:outline-none [--shadow-height:45px] has-data-writing-block:pointer-events-none has-data-writing-block:-mt-(--shadow-height) has-data-writing-block:pt-(--shadow-height) [&amp;:has([data-writing-block])&gt;*]:pointer-events-auto scroll-mt-(--header-height)" dir="auto" tabindex="-1" data-turn-id="81441a65-5ac4-4c10-9611-360247f4b92a" data-testid="conversation-turn-181" data-scroll-anchor="false" data-turn="user"><div class="text-base my-auto mx-auto pt-12 [--thread-content-margin:--spacing(4)] thread-sm:[--thread-content-margin:--spacing(6)] thread-lg:[--thread-content-margin:--spacing(16)] px-(--thread-content-margin)"><div class="[--thread-content-max-width:40rem] thread-lg:[--thread-content-max-width:48rem] mx-auto max-w-(--thread-content-max-width) flex-1 group/turn-messages focus-visible:outline-hidden relative flex w-full min-w-0 flex-col" tabindex="-1"><div class="flex max-w-full flex-col grow"><div class="min-h-8 text-message relative flex w-full flex-col items-end gap-2 text-start break-words whitespace-normal [.text-message+&amp;]:mt-1" dir="auto" data-message-author-role="user" data-message-id="81441a65-5ac4-4c10-9611-360247f4b92a"><div class="flex w-full flex-col gap-1 empty:hidden items-end rtl:items-start"><div class="user-message-bubble-color relative rounded-[18px] px-4 py-1.5 data-[multiline]:py-3 max-w-[var(--user-chat-width,70%)]"><div class="whitespace-pre-wrap">Die aktuellen Betriebszeiten findest du <a href="https://grindelwald.swiss/de/service/betriebsstatus/wintersportbericht.html"><strong>hier</strong></a>.</div></div></div></div></div></div></div></article>;8.05400848388672;46.65981690500137;3818;Grindelwald;+41 33 828 72 33;info@jungfrau.ch;https://www.jungfrau.ch;[{'@type': 'ImageObject', 'contentUrl': 'https://jrtagpimtsoch.sos-ch-dk-2.exoscale-cdn.com/catalog/0/5/4/6/05463303cb91850888cb69bb8d1d58f02480b561_Skifahren_First.jpg'}];2026-09-04T15:49:16+02:00
8573128e-c40b-414e-9861-df17b075cf8e;Werrens Art – Sport & Events;Die Langlaufschule in Grindelwald;<p><strong><a href="https://www.google.com/maps/place/Werrens+Art+AG+Sport+%26+Events+%7C+deinelanglaufschule.ch+%7C+Lifestyle+%26+Geschenke/@46.6234689,8.0336511,17z/data=!3m1!4b1!4m6!3m5!1s0x478f9be8e9183d27:0x69965e8c266d5375!8m2!3d46.623469!4d8.038522!16s%2Fg%2F11n0c_wdt_?entry=ttu&amp;g_ep=EgoyMDI1MDIwMy4wIKXMDSoASAFQAw%3D%3D" rel="noopener noreferrer" target="_blank">Zum Ziel navigieren (Google Maps)</a></strong></p><p></p><p>Wosch lehrä Langlöifle? De lehr’s doch grad richtig! Ob Klassisch oder Skating. Ob für Einsteiger*innen, Fortgeschrittene oder Profis. Ob Privatunterricht, Coaching oder Wachskurs – hier finden alle das passende Angebot. Buche deinen Privatunterricht und erlebe den Langlaufsport von seiner schönsten Seite. Die Lehrer*innen sind aktive und ehemalige Rennläufer*innen und haben eine fundierte Ausbildung im Unterrichten von Langlaufen. Das Wissen ist gross, die Liebe und Freude zum Langlaufsport noch grösser. Werren Art freut sich, schon bald mit dir auf der Loipe zu stehen und dir diese Freude weiterzugeben. Unterricht ist an sieben Tagen die Woche möglich. Und die Langlaufschule ist im ganzen Berner Oberland unterwegs – überall dort, wo der Gast es wünscht. In der Filiale in Grindelwald findest du eine grosse Auswahl an Mietmaterial – Langlaufausrüstung und -bekleidung.</p>;8.038574786456188;46.62344695;Dorfstrasse 139;3818;Grindelwald;+41 33 733 00 30;sport@werrens-art.ch;https://werrensart.com;[{'@type': 'ImageObject', 'contentUrl': 'https://jrtagpimtsoch.sos-ch-dk-2.exoscale-cdn.com/catalog/0/a/e/7/0ae7a7f5959ee9081a06da44e3a6bf4a97429c61_IMG_1650_3.JPG'}];2026-09-04T15:49:16+02:00
85af3283-72fd-4d58-b779-18b0ff54c520;Ski- und Snowboardschule Wengen;Unterricht im Schnee;<p>Willst du deine Technik perfektionieren oder eine neue Sportart erlernen? Dann bist du bei den Schneesportlehrer*innen der Ski- und Snowboardschule Wengen bestens aufgehoben. Ebenfalls im Angebot stehen Schneeschuhwanderungen. <br><br>Wir empfehlen dir, Privatlektionen w&auml;hrend der Hochsaison (Weihnachten/Neujahr und Februar) so fr&uuml;h wie m&ouml;glich zu reservieren.<br><br></p>;7.922118902206422;46.60493358839149;Wengiboden 1350f;3823;Wengen;+41 33 855 20 22;info@skiwengen.ch;https://www.skiwengen.ch/de.html;[{'@type': 'ImageObject', 'contentUrl': 'https://jrtagpimtsoch.sos-ch-dk-2.exoscale-cdn.com/catalog/f/2/a/8/f2a8e17e7fded9c79a9fc9656ab8a731a2df672a_Skischule_Wengen_3.jpg'}];2026-09-04T15:49:16+02:00
869aba73-3648-4c5c-ba80-138e38263dfb;Bergwelt Grindelwald | Alpine Design Resort;Designhotel mit urbanem Charme und warmer Gastfreundschaft;<p>Wir rufen die Entdecker, Träumer, Wagemutigen</p><p>Hier ist das Tal, wo Legenden in den Himmel wachsen und Mythen die Natur umranken. Im Schutz der Berge spendet das neue Schweizer Premium Alpine Design Resort Bergwelt Grindelwald Kraft und Mut. Berühren 90 Zimmer alle Sinne. Belebt das Spa auf 800 m2 Körper und Geist. Hier knistert Gemeinschaft im Restaurant. Nährt Tradition die Inspiration. Folge dem Ruf des Unbekannten.</p><p>THE LOBBY</p><p>In der Lobby findet der Austausch nach einem anstrengenden Gipfelstürmer-Erlebnis statt. In einem gemütlichen Ambiente mit Kaffee- und Teespezialitäten teilen Pioniere und Abenteurer ihre Geschichten. Hier ist jeder Moment Anfang und Ewigkeit zugleich.</p><p>THE OTHER CLUB</p><p>Die Zigarren-Lounge erinnert wie der gleichnamige Club in London an die erfolgreiche Besteigung des Wetterhorns durch Sir Winston Churchill. Hier verströmen Interieur und Ausstattung Geselligkeit. Flackern Kraft und Ruhe im Kaminfeuer. Verdichten sich Freundschaften. Erzählen Buchseiten von Abenteuern. Hier lädt eine Auswahl an Zigarren im Humidor zum Verweilen ein.</p><p>THE SEVEN SPIRITS BAR</p><p>Die Bar der Bergwelt Grindelwald lädt ein zur Zerstreuung und Erfrischung von Geist und Seele. Hier fliessen die duftenden Essenzen unbekannter Welten und wogen die Klänge der Geselligkeit. Liegt die Sehnsucht nach genussvoller Entdeckung im Weinschrank. Stossen alte und neue Freunde auf das Leben an. Hier verheissen Melodien vom Abschluss eines schönen Tages.</p><p>BG'S GRILL</p><p>Casual Alpine Soul Food – Im BG’s Grill Restaurant servieren Küchenchef Marcus G. Lindner und sein Team intensive Frische mit bekannten und überraschenden Gerichten. Hier verführen lokale Produkte mit kraftvoller Präsenz. Knistert der namensgebende Holz-Grill des Restaurants wie die Verheissung der Abendsonne. Hier fliessen Weingenuss und Ambiente im Einklang mit Duft und Farben auf dem Teller. </p>;8.0394334;46.6239655;Bergwelt 4;3818;Grindelwald;+41 33 854 85 85;events@bergwelt-grindelwald.com;https://bergwelt-grindelwald.com/anlaesse/;[{'@type': 'ImageObject', 'contentUrl': 'https://jrtagpimtsoch.sos-ch-dk-2.exoscale-cdn.com/catalog/2/2/6/3/2263eb46a7c8df82d816c39eda737e98dc0f410b_Aussenansicht.jpg'}];2026-09-04T15:49:16+02:00
87050d28-ac0c-4274-82bd-26a7078182d2;Panorama Minigolf Hasliberg;18-Loch-Minigolfanlage mit fantastischem Panorama in Hasliberg Wasserwendi;<p>Die sch&ouml;ne Minigolfanlage ist nicht betreut und jeweils ge&ouml;ffnet von 10.00 - 20.00 Uhr. Es gilt das Prinzip der Eigenverantwortung.&nbsp;</p><p>Der Besuch ist f&uuml;r Individualg&auml;ste kostenlos.&nbsp;<br>Gruppen ab 10 Personen auf Voranmeldung. Der Gruppen-Pauschalpreis f&uuml;r Koordination und Organisation betr&auml;gt CHF 50.00.</p><p>Bei schlechter Witterung bleibt die Anlage geschlossen.</p>;8.20219256494483;46.745387699999995;Bidmistrasse 386;6084;Hasliberg Wasserwendi;+41 33 972 50 50;info@haslital.swiss;[{'@type': 'ImageObject', 'contentUrl': 'https://jrtagpimtsoch.sos-ch-dk-2.exoscale-cdn.com/catalog/3/f/d/d/3fddbf3828b235873b2b41833da2bba2395228d9_03_Minigolf_HT.jpeg'}];2026-09-04T15:49:16+02:00
87483d96-bf1a-4cb7-9633-c6900cbaf71a;Wellness im Hotel Belvedere;Entspannung für die ganze Familie;Im Wellness-Bereich «BelAqua» im Hotel Belvedere Grindelwald kannst du gemütlich im Sole-Whirlpool im Garten entspannen, in Sauna und Dampfbad Wärme tanken, im grosszügigen Schwimmbecken deine Bahnen ziehen und einfach den Alltagsstress hinter dir lassen.

Das Angebot umfasst:

    Schwimmbad (6 x 14 m - 29° C)
    Whirlpool (36° C)
    Sole-Whirlpool im Garten (36° C)
    Finnische Sauna
    Gletscher-Dampfbad
    Wärmestollen
    Erlebnisduschen

Sauna und Dampfbad sind Nacktzonen und daher nur für Erwachsene zugänglich. Der Wärmestollen wird in Badekleidung genutzt und steht daher auch Kindern zur Verfügung.;8.029357532361477;46.62523865;Dorfstrasse 53;3818;Grindelwald;+41 33 888 99 99;hotel@belvedere-grindelwald.ch;https://www.belvedere-grindelwald.ch;[{'@type': 'ImageObject', 'contentUrl': 'https://jrtagpimtsoch.sos-ch-dk-2.exoscale-cdn.com/catalog/c/2/b/3/c2b357a0915c070576556a052488e066a4da0d34_Wellness_Belvedere.jpg'}];2026-09-04T15:49:18+02:00
88a10d1d-9f1c-4a8d-9d6c-3f2c86308944;Landi / Prima;Die LANDI Grindelwald ist eine landwirtschaftliche Genossenschaft mit langer Tradition.;<p class="MsoNormal"><b><a href="https://www.google.com/maps/place/Landi+%2F+Prima+Grindelwald/@46.618694,8.026561,16z/data=!3m2!4b1!5s0x478f9eab810657f7:0xbcfefc901e3cef92!4m6!3m5!1s0x478f9eab81441b7b:0x1980fa8c3110aff!8m2!3d46.618694!4d8.0291413!16s%2Fg%2F11bycrsm30?entry=ttu&amp;g_ep=EgoyMDI1MDIyNS4wIKXMDSoASAFQAw%3D%3D" target="_blank">Zum Ziel navigieren (Google Maps)</a></b></p><p class="MsoNormal"><o:p>&nbsp;</o:p></p><p>









</p><p class="MsoNormal">LANDI / Prima Grindelwald - alles unter einem Dach. Einkaufen im LANDI Laden ist angenehm anders. Das Sortiment umfasst die Bereiche Haus und Garten, Landwirtschaft sowie Lebensmittel, hauptsächlich Getränke.&nbsp;LANDI unterstützt die Landwirtinnen und Landwirte in der
Region bei der wirtschaftlichen Entwicklung ihrer Betriebe.&nbsp;<o:p></o:p></p>;8.02940794548678;46.61894375;Wärgistalstrasse 4;3818;Grindelwald;+41 58 476 99 99;info@landigrindelwald.ch;https://landi.swiss/de-CH/cooperative/landi-grindelwald;[{'@type': 'ImageObject', 'contentUrl': 'https://jrtagpimtsoch.sos-ch-dk-2.exoscale-cdn.com/catalog/e/6/7/1/e67131b1327f9e1dc3cdafba4c684b1d99a2c44d_LANDI.png'}];2025-03-01T14:31:49+01:00
8ad5ac06-ea01-4160-b468-5bf0a10c0f28;Victoria - Alpine Boutique Hotel & Fine Dining;Wir laden Sie ein zu bewusstem Genuss aus dem Alpenraum, mit feinem Einfluss aus der ganzen Welt. Gerichte, die das Herz erwärmen. 
Im Victoria Bistro mit Bar und Cheminée-Feuer geniessen Sie ein gutes Glas Wein, Snacks und grossartige Kleinigkeiten zwischendurch.;Im Victoria à la carte Restaurant treffen sich zeitgemässes Design und alpine Tradition. Frisch, lebendig, ehrlich. Chefkoch und Gastgeber Simon Anderegg steht jeden Tag selber am Herd. Sein Geheimrezept: Leidenschaft für Qualität, die Liebe zu frischen, natürlichen Produkten und die souveräne Betonung der Aromen. Diese Zutaten machen jede seiner Kreationen zu einer Gaumenfreude.

Die klassische französische Küche ist Simon Andereggs Handwerk, die Basis. Inspiriert von vielen Auslandaufenthalten interpretiert er Traditionelles neu. Dabei widerspiegeln seine Gerichte eine feste Verbundenheit mit den Alpen und den Einfluss aus dem asiatischen Raum.;8.186587213306812;46.727284049999994;Bahnhofplatz 9;3860;Meiringen;+41 33 972 10 40;info@victoria-meiringen.ch;http://www.victoria-meiringen.ch/;[{'@type': 'ImageObject', 'contentUrl': 'https://jrtagpimtsoch.sos-ch-dk-2.exoscale-cdn.com/catalog/2/9/e/e/29ee28dc7b7d9066f24eae679a5e73c72747d4cb_2023_08_Victoria_Meiringen_Restaurant_People_944.jpg'}];2026-09-04T15:49:18+02:00
8d1adba6-42a1-4804-bcbc-656afad5e592;Kleines und Grosses Gelmerhorn;Klettern in bestem Granit;Die Traversierung des Kleinen-Grossen Gelmerhorns von Süden nach Norden ist eine klassische, sehr lohnende Kletterei in bestem Granit. Diese Klettertour startet bei der südlichen Gelmerlücke am Fusse des Süd-Grates des Kleinen Gelmerhorns. Von der Gelmerhütte zunächst Abstieg bis zum mittleren Diechter und dann hinauf gegen die tiefste Felsenkehle, welche von der südlichen Gelmerlücke herabzieht. Der Süd-Grat endet mit einem Gipfelblock und einer feingriffigen Gipfelplatte (östliches Umgehen möglich).;8.3291789;46.6285814;3864;Guttannen;[{'@type': 'ImageObject', 'contentUrl': 'https://jrtagpimtsoch.sos-ch-dk-2.exoscale-cdn.com/catalog/8/6/1/5/8615467a949ae67c44600d5a584e30ffc0b7cb02_Gelmerhu__tte_008.jpg'}];2026-09-04T15:49:19+02:00
8e22130d-b6ae-4de9-b428-efa8a63b37d2;Bäckerei-Konditorei Vincenz;Vincenz steht für Bäckerei, Konditorei und Confiserie! Täglich findest du hier eine schöne Auswahl an knusprigen Broten, immer wieder wechselnden Spezialbroten oder ein breites Sortiment an Kleinbackwaren. Unsere Konditorei erfüllt Ihre Wünsche nach süssen Backwaren, speziellen Torten und feines zum Kaffee. Und die Confiseure verzaubern mit Schokoladen-Spezialitäten und anderem mehr.;7.921292782769924;46.60538707954758;Dorfstrasse;3823;Wengen ;+41 33 855 19 24;info@vincenz-wengen.ch;https://vincenz-wengen.ch/de/;[{'@type': 'ImageObject', 'contentUrl': 'https://jrtagpimtsoch.sos-ch-dk-2.exoscale-cdn.com/catalog/e/2/a/b/e2ab7eadab1bf1e6b6b3c4b8fb2d76546c2b4848_Vincenz_Wengen.jpg'}];2026-09-04T15:49:19+02:00
8e295bf6-46ce-4dd0-b20c-7cfbee179771;Eiger Mountain & Soul Resort;echt. menschlich. inspirierend.;<p>Nimm dir Zeit – bei uns gehört sie dir. Geniesse den Moment – und lass dich von uns verwöhnen. Erlebe die Natur – sie weckt neue Kräfte in dir. Finde bei uns einen Ort, der nur dir gehört – ganz nach dem Motto: Me, You & Nature.</p><p></p><p>Gisela, Daniel und ihr Team heissen dich herzlich willkommen. </p><p></p><p>Inmitten der imposanten Bergwelt bietet dir das Eiger Mountain & Soul Resort einen Kraftort voll von herzlicher Geborgenheit und Wärme gepaart mit hohem Komfort und ehrlicher Naturverbundenheit.</p><p></p><p>Hier sind alle per Du. Weil wir überzeugt sind, dass ein entspanntes Miteinander den Erholungsfaktor spürbar steigert.</p><p></p><p>Komm und entdecke die bunte Vielfalt an Möglichkeiten für deine unvergessliche Ich-Zeit.</p><p></p>;8.0353009;46.6242417;Dorfstrasse 133;3818;Grindelwald;+41 33 854 31 31;resort@eiger-grindelwald.ch;https://www.eiger-grindelwald.ch/meetings/;[{'@type': 'ImageObject', 'contentUrl': 'https://jrtagpimtsoch.sos-ch-dk-2.exoscale-cdn.com/catalog/5/c/e/7/5ce7e261e67761394e4f2159fae02cb6f89f362c_Resort_front__1_.jpg'}];2026-09-04T15:49:19+02:00
8e985d16-fc49-4839-ac8a-c851734e03d9;Naturfreundehaus Grindelwald;Herzliche Unterkunft mit ruhigem Garten und atemberaubendem Bergpanorama;Oberhalb des Dorfzentrums von Grindelwald, am sonnigen Terrassenweg, erwartet Sie unser kleines Paradies. Das 70-jährige Chalet wurde 2018 sehr schön renoviert und bietet in 14 Zimmern und einer Gruppenunterkunft Platz für 50 Gäste. Geniessen Sie unsere gemütliche Lounge oder den ruhigen Garten mit seinem atemberaubenden Bergpanorama.

Das Hostel, umgeben von majestätischen Bergen wie Eiger, Jungfrau, Männlichen und Wetterhorn, ist ein idealer Ausgangspunkt zum Skifahren, Bergsteigen, Wandern oder Biken. Einzelpersonen, Familien, Wandergruppen sind herzlich willkommen, sei es für einen Tag oder für längere Aufenthalte. Auch für Kurse, Lager und Feste sind wir bestens eingerichtet.

Wir freuen uns auf Ihren Besuch!
Gastgeber Dominic Haerri &amp; Team;8.03329851063327;46.6281008;Terrassenweg 18;3818;Grindelwald;+41 33 853 13 33;grindelwald@nfh.ch;https://grindelwald.nfh.ch/seminarangebot/;[{'@type': 'ImageObject', 'contentUrl': 'https://jrtagpimtsoch.sos-ch-dk-2.exoscale-cdn.com/catalog/c/c/7/e/cc7e42ab0dc85afe237fdbd61a0daaf6390ede2e_DSC00814.jpg'}];2026-09-04T15:49:19+02:00
90dc7bf1-aa48-40ec-9fe2-b4b73b3ce651;Hotel Pinte Grindelwald;Tradition trifft Geselligkeit;<p>In der traditionsreichen Gaststube «Pinte» treffen seit jeher lokale Stammgäste auf reisende Abenteurer, erfreuen sich an der guten Schweizer Küche und stossen auf das Leben an.</p><p>Das Hotel Pinte ist das älteste Hotel in Grindelwald und gehört zur Bergwelt Grindelwald, dem neuen Alpine Design Resort.</p>;8.039539207572421;46.62361025;Dorfstrasse 157;3818;Grindelwald;+41 33 854 85 85;welcome@bergwelt-grindelwald.com;https://bellevue-pinte.ch/;[{'@type': 'ImageObject', 'contentUrl': 'https://jrtagpimtsoch.sos-ch-dk-2.exoscale-cdn.com/catalog/f/7/8/0/f7807d585ae7d182aa505eb52ecfa5e100ceb46b_dariasofie_6076.jpg'}];2026-09-04T15:49:19+02:00
91a26bb8-27cd-4cca-8063-d853d78858a4;Alpines Sportzentrum;;<h4>Get active, stay relaxed.</h4><p>Das Alpine Sportzentrum M&uuml;rren vereint Bewegung, Erholung und Begegnung unter einem Dach. Hallenbad, Spa mit Whirlpool, Fitnessbereich, Sporthalle sowie die Eisbahn und der Pumptrack bieten das ganze Jahr &uuml;ber vielf&auml;ltige M&ouml;glichkeiten f&uuml;r Sport und Freizeit.&nbsp;<br><br>Erg&auml;nzt wird das Angebot durch das Bistro und die Tourist Information. Ein Ort f&uuml;r Bewegung, Erholung und Genuss bei jedem Wetter.</p><p>&nbsp;</p><p>&nbsp;</p>;7.895324281060606;46.562483;Höhematte 1074B;3825;Mürren;+41 33 856 86 86;info@sportzentrum-muerren.ch;https://sportzentrum-muerren.ch;[{'@type': 'ImageObject', 'contentUrl': 'https://jrtagpimtsoch.sos-ch-dk-2.exoscale-cdn.com/catalog/6/5/6/d/656de067a16a7b33aea0cf0d17f8eb3ff732d4e1__JRT8928.jpg'}];2026-09-04T15:49:19+02:00
930a53dc-28d7-422c-9957-1c72193992fd;Schweizer Skischule Meiringen-Hasliberg;Wintererlebnisse im Haslital 
;<p>Seit &uuml;ber 70 Jahren leben wir Schneesport mit Leidenschaft.</p><p>Unser Team aus rund 160 Schneesportlehrpersonen begleitet Sie mit Erfahrung, Engagement und Freude im Schnee und sorgt f&uuml;r ein pers&ouml;nliches Lernerlebnis in der einzigartigen Bergwelt des Haslitals.</p><p>Das Angebot richtet sich an Kinder, Jugendliche und Erwachsene aller Niveaus und umfasst Ski, Snowboard, Telemark und Langlauf. Der Unterricht ist als Gruppe, in Kleingruppen oder im Privatunterricht m&ouml;glich.</p><p>Aufbauend auf der Swiss Snow League wird die Verbesserung der Technik individuell gef&ouml;rdert und gezielt weiterentwickelt. Unser &Uuml;bungsgel&auml;nde, das &laquo;Skih&auml;sliland&raquo;, bietet ideale Bedingungen f&uuml;r den Einstieg in den Wintersport und f&ouml;rdert Lernfortschritte. F&uuml;r Naturbegeisterte erg&auml;nzen die Dienstleistungen von Nat&uuml;rlich Haslital, wie zum Beispiel Schneeschuh- und Skitouren, das Angebot.</p><p>Erleben Sie Schneesport im Haslital mit unserer Skischule. Bei Fragen beraten wir Sie gerne telefonisch, per E-Mail oder pers&ouml;nlich in unseren B&uuml;ros in der Bidmi und in Meiringen.</p>;8.219248652458193;46.74460986588413;Engi 484Q;6086;Hasliberg Reuti;+41 33 972 51 10;info@skischule-hasliberg.ch;https://skischule-hasliberg.ch/;[{'@type': 'ImageObject', 'contentUrl': 'https://jrtagpimtsoch.sos-ch-dk-2.exoscale-cdn.com/catalog/e/4/d/1/e4d15b13e3f75a0d8056135c334eedf91c8f39e7_2601_31_1844_by.davidbirri.jpg'}];2026-09-04T15:49:19+02:00
9514b264-4676-40dc-bb2a-a80c414d60c7;Mercearia Portugal;Ein Hauch von Portugal im Herzen von Grindelwald;<p data-start="14" data-end="87"><a href="https://www.google.ch/maps/place/Dorfstrasse+195,+3818+Grindelwald/@46.6245407,8.0407048,17z/data=!3m1!4b1!4m6!3m5!1s0x478f9bf95b067bd9:0xcf1695320919d622!8m2!3d46.6245407!4d8.0432797!16s%2Fg%2F11c14wkwnj?hl=de&amp;entry=ttu&amp;g_ep=EgoyMDI1MDMwNC4wIKXMDSoASAFQAw%3D%3D" target="_blank" style="font-weight: 700;">Zum Ziel navigieren (Google Maps)</a></p><p data-start="14" data-end="87"><br></p><p data-start="14" data-end="87">Entdecke den authentischen Geschmack Portugals in diesem kleinen Laden, der an der Dorfstrasse von Grindelwald liegt. <span data-start="207" data-end="227">Mercearia Portugal</span> bietet eine Auswahl an hochwertigen portugiesischen Lebensmitteln. Besuche uns für eine kulinarische Reise, die dich direkt nach Portugal führt, während du die Schönheit von Grindelwald erkundest. Ein Stück Portugal mitten in den Alpen!</p>;8.04329037666321;46.62451857883788;Dorfstrasse 195;3818;Grindelwald;[{'@type': 'ImageObject', 'contentUrl': 'https://jrtagpimtsoch.sos-ch-dk-2.exoscale-cdn.com/catalog/b/9/5/0/b950b6b4794c67baf9f923eff8e93df0c8c1c61f_DSC05221.JPG'}];2025-03-11T16:18:09+01:00
9762cf35-b608-4421-8fa9-5e3e0b7e05b6;Aus Stein;Entdecke das einzigartige Steinhandwerk in Grindelwald.;Aus Stein in Grindelwald präsentiert die Kunst des Steins mit einer Sammlung von Objekten, die die natürlich Schönheit und Vielfalt der lokalen Materialien wie Grindelwalder Marmor, Lütschiner Gneis und Kander Kalkstein hervorheben. Jedes Stück, ob eine Steinschale, ein Brunnen, ein Kerzenhalter oder ein einfaches Accessoire, ist eine einzigartige Darstellung der Natur. Die Kombination von Beat Hofers Berufen als Förster und Bergführer ermöglicht auch spezielle Arbeiten in den Höhenlagen. Ausserdem bietet ihre neue Ferienwohnung einen komfortablen Aufenthalt für entspannte Tage und aktive Bergerlebnisse.&nbsp;;8.029775126361411;46.62322545;Endweg 36;3818;Grindelwald;https://www.ausstein.ch/;[{'@type': 'ImageObject', 'contentUrl': 'https://jrtagpimtsoch.sos-ch-dk-2.exoscale-cdn.com/catalog/1/3/1/2/13127aae5d132a25856e5cc7e5524862fd157045_Aus_Stein.jpg'}];2026-09-04T15:49:19+02:00
97d55334-d682-4662-bc26-2738b0583116;Bäckerei Wüthrich AG;Bäckerei Gletscherbeck in Grindelwald.;<p><a href="https://www.google.com/maps/place/B%C3%A4ckerei+W%C3%BCthrich+AG/@46.6253508,8.0441294,880m/data=!3m3!1e3!4b1!5s0x478f9bfa232d4081:0xf7dcff2ee827c1c1!4m6!3m5!1s0x478f9bfa3cb64ea7:0x5ae84457e7bbf589!8m2!3d46.6253508!4d8.0467043!16s%2Fg%2F1v2yxsmt?entry=ttu&amp;g_ep=EgoyMDI1MDMwMy4wIKXMDSoASAFQAw%3D%3D" style="font-weight: bold;">Zum Ziel navigieren ( Google Maps) </a><br></p><p><br></p><p>Die Bäckerei Gletscherbeck in Grindelwald bietet eine breite Palette an Backwaren, von Grossbroten bis zu feinen Patisserien. Hier findest du alles, was für ein leckeres Frühstück oder einen Snack zwischendurch benötigst. Neben frischen Broten und süssen Leckereien gibt es auch eine Auswahl an Getränken in der Kaffeecke. Die Bäckerei ist bekannt für ihre Torten und Spezialitäten, die sich auch hervorragend als Geschenk eignen. Besuche die Bäckerei und entdecke die Vielfalt der angebotenen Produkte.&nbsp;</p>;8.046777864980623;46.62526655123873;3818;Grindelwald;+41 33 854 88 54;https://www.gletscherbeck.ch/;[{'@type': 'ImageObject', 'contentUrl': 'https://jrtagpimtsoch.sos-ch-dk-2.exoscale-cdn.com/catalog/8/b/9/7/8b9772532f8bdf6a2c00112146de78846fe37396_image.jpg'}];2025-03-06T08:52:34+01:00
98af52a7-ea28-414b-a224-817b0605608e;Orchidee 2 Bett Wohnung;Hier fühlst du dich Zuhause.;<p class="MsoNormal">Eine Ferienwohnung inmitten der Bergwelt. In unmittelbarer
Nähe zur Skipiste. Mitten im Wanderparadies. Wir freuen uns auf dich.<o:p></o:p></p><p class="MsoNormal">Über den Button gelangst du direkt zum Buchungsportal oder
kannst eine E-Mail für deine Reservationsanfrage an den Vermieter schicken.</p>;8.020253844286806;46.6275172;Wychelstrasse 2;3818;Grindelwald;+41 33 853 31 07;chalet.orchidee@bluewin.ch;[{'@type': 'ImageObject', 'contentUrl': 'https://jrtagpimtsoch.sos-ch-dk-2.exoscale-cdn.com/catalog/3/d/b/d/3dbdf488f15a5dad2299ebf419350fc775e4cc1a_Orchidee_2_Bett_Wohnung_Sommer.jpg'}];2026-09-04T15:49:19+02:00
9bbfb80d-f224-451e-ba23-117a77316945;Vitaparcours;Der Vitaparcours Grindelwald bietet eine Trainingsmöglichkeit in alpiner Umgebung. Die Strecke ist nur 1,6 Kilometer lang. Hier kannst du auch bei schlechtem Wetter kleine Laufeinheiten einlegen. 

Ideal für kleinere Trainingseinheiten, die trotzdem reinhauen sollen. Das alpine Gelände hat es in sich, macht aber tierisch Spass, denn die Wegführung wurde bei der Renovation vor drei Jahren optimal in die Landschaft eingefügt. So läuft das Training wie von selbst.

Der Vitaparcour besteht aus einer Reihe von Übungsstationen, die entlang eines Rundwegs angeordnet sind. Jede Station bietet verschiedene Übungen zur Verbesserung von Kraft, Ausdauer, Koordination und Flexibilität. Die Übungen können individuell angepasst werden, um den Bedürfnissen und Fähigkeiten jedes Einzelnen gerecht zu werden.

Der Parcours ist kostenlos zugänglich und kann das ganze Jahr über genutzt werden. Er ist sowohl für Einheimische als auch für Touristen eine beliebte Aktivität. Der Vitaparcour Grindelwald bietet nicht nur eine Möglichkeit zur körperlichen Betätigung, sondern auch eine wunderschöne Umgebung mit atemberaubender Aussicht auf die umliegenden Berge.

Es wird empfohlen, bequeme Sportkleidung und geeignetes Schuhwerk zu tragen. Es ist ratsam, vor Beginn des Trainings eine kurze Aufwärmphase einzulegen und nach dem Training zu dehnen, um Verletzungen zu vermeiden.;8.0760133266449;46.63183129702423;Oberer Gletscher;3818;Grindelwald;033 854 12 12;info@grindelwald.swiss;[{'@type': 'ImageObject', 'contentUrl': 'https://jrtagpimtsoch.sos-ch-dk-2.exoscale-cdn.com/catalog/c/b/9/6/cb9691955b429b1f8cb44981057bc8b8ccbd000a_2207_5012_by.davidbirri.jpg'}];2026-09-04T15:49:19+02:00
a07c405b-2cdb-4f7c-9472-8d116c80397c;Golfplatz Grindelwald;9-Loch-Anlage am Fusse von Eiger und Wetterhorn;<p><strong><a href="https://www.google.ch/maps/place/Golf+Grindelwald+Switzerland/@46.6169635,8.0387076,16z/data=!3m1!4b1!4m6!3m5!1s0x478f9c06c66cc82b:0x9ab23ea412a223f6!8m2!3d46.6169635!4d8.0412825!16s%2Fg%2F1tgmv545?hl=de&amp;entry=ttu&amp;g_ep=EgoyMDI0MTIxMS4wIKXMDSoASAFQAw%3D%3D" rel="noopener noreferrer" target="_blank">Zum Ziel navigieren (Google Maps)</a></strong></p><p></p><p>Die einzige Golfanlage im Berner Oberland, auf welcher du ohne offizielles Handicap golfen kannst. Benutze die Driving Range oder spiele auf der unvergleichlichen 9-Loch Anlage. Auf Wunsch kannst du die Ausrüstung zu ausserordentlich günstigen Konditionen mieten. Der Clubmanager kann dir nach kurzer Einführung nach eigenem Ermessen die Platzerlaubnis erteilen. Danach kannst du die neun speziellen, reizvollen Fairways geniessen.</p>;8.041294302405268;46.6167475;Aspistrasse 7;3818;Grindelwald;+41 79 658 88 66;mail@golf-grindelwald.ch;https://golf-grindelwald.ch/;[{'@type': 'ImageObject', 'contentUrl': 'https://jrtagpimtsoch.sos-ch-dk-2.exoscale-cdn.com/catalog/e/8/6/1/e861cea3d020ba4551221fc0a49e3d5c324b2e20_2207_3080_by.davidbirri.jpg'}];2026-09-04T15:49:21+02:00
a37ee015-6db9-4b8d-9a7d-3467854731a3;Bill tower;Bill tower;Test Test;8.2052569;46.7379056;[{'@type': 'ImageObject', 'contentUrl': 'https://jrtagpimtsoch.sos-ch-dk-2.exoscale-cdn.com/catalog/d/c/d/2/dcd204e7b9fbf314a49f698819b57b75fe2c7249__JRT5915.jpg'}];2026-09-04T15:49:21+02:00
a3e7dbac-683c-4926-85dd-f6625bd89a09;WollReich Haslital;Entdecke die Kunst der Wollverarbeitung im WollReich Haslital.;WollReich bietet Führungen durch seine Wollverarbeitungsanlagen an, darunter das Kardieren, Waschen und das Atelier. Nach der Führung können die Besucher auch an einem Filzworkshop teilnehmen. Die Familie Brog betreiben diesen landwirtschaftlichen Betrieb in Geissholz, Schattenhalb, mit rund 500 Schafen verschiedener Rassen und anderen Nutztieren.&nbsp;;8.18416827397514;46.728690400000005;Hauptstrasse 10;3860;Meiringen;+41 33 971 84 88;info@wollreich.ch;https://www.wollreich.ch/;[{'@type': 'ImageObject', 'contentUrl': 'https://jrtagpimtsoch.sos-ch-dk-2.exoscale-cdn.com/catalog/3/0/e/d/30edc753934cdf920ceaf23a9a596badf9fd5d9b_WollReich_Haslital.jpg'}];2026-09-04T15:49:21+02:00
a473d1e9-8ca2-4d95-92a1-5674a469d6da;Eigerness - Der Laden;Qualitativ hochwertige „Original Grindelwald“ Produkte von ausgesuchten Anbietern.;<p><span style="font-weight: 700;"><a href="https://www.google.com/maps/place/Eigerness+Der+Laden/@46.6243903,8.0350484,19.64z/data=!4m6!3m5!1s0x478f99558d0fffff:0xf5b59d4b79b4735b!8m2!3d46.6242413!4d8.0352746!16s%2Fg%2F11fmvkz02m?entry=ttu&amp;g_ep=EgoyMDI1MDIyNS4wIKXMDSoASAFQAw%3D%3D" target="_blank">Zum Ziel navigieren (Google Maps)</a></span><span style="text-align: center;"></span></p><p><span style="text-align: center;"><br></span></p><p><span style="text-align: center;">Eigerness Der Laden ist die im Zentrum von Grindelwald&nbsp;gelegene Einkaufsmöglichkeit für “alpine Kostbarkeiten”!&nbsp;Hier gibt es Original Grindelwald in schmackhafter&nbsp;Kulinarik &amp; traditionellem Handwerk sowie vielen&nbsp;herrlichen Kostbarkeiten aus den Bereichen Design und&nbsp;Lebensart.&nbsp;Vorbeikommen, entdecken, staunen, kennenlernen,&nbsp;kosten….</span></p>;8.035452022368423;46.6240557;Dorfstrasse 101;3818;Grindelwald;+41 33 853 81 69;info@eigernessderladen.ch;https://eigernessderladen.ch/;[{'@type': 'ImageObject', 'contentUrl': 'https://jrtagpimtsoch.sos-ch-dk-2.exoscale-cdn.com/catalog/3/6/8/0/3680f3f32c0e89301082a6201cda1163e32dc335_6321.JPG'}];2025-05-22T15:32:41+02:00
a4c32eda-0e46-4273-a5f0-426ae9e27334;Skischule Kleine Scheidegg;Die höchstgelegene offizielle Skischule der Schweiz – zwischen Grindelwald und Wengen.;<p data-start="128" data-end="341">Die Schweizer Schneesportschule Kleine Scheidegg ist die h&ouml;chstgelegene offizielle Skischule der Schweiz und liegt auf 2&rsquo;061 m &uuml;. M. zwischen Grindelwald und Wengen &ndash; direkt am Fusse von Eiger, M&ouml;nch und Jungfrau.<br><br>Seit 1935 unterrichten hier erfahrene Schneesportlehrerinnen und Schneesportlehrer G&auml;ste aus aller Welt. Ob Ski, Snowboard oder Privatunterricht &ndash; Anf&auml;nger, Fortgeschrittene und Familien profitieren von professionellem Unterricht in einer einzigartigen alpinen Umgebung.<br><br>Mit viel Geduld, Freude und pers&ouml;nlichem Engagement sorgen die Instruktorinnen und Instruktoren f&uuml;r unvergessliche Wintersporterlebnisse inmitten der beeindruckenden Bergwelt der Jungfrau Region.<br><br></p>;7.9608968;46.5850987;Kleine Scheidegg 354 D;3818;Grindelwald;+41 79 179 90 90;info@snowsportsscheidegg.ch;https://snowsportsscheidegg.ch/de/;[{'@type': 'ImageObject', 'contentUrl': 'https://jrtagpimtsoch.sos-ch-dk-2.exoscale-cdn.com/catalog/9/c/8/6/9c866501e36d48baf649ee938b623917bc020a9d_A7304392.jpg'}];2026-09-04T15:49:21+02:00
a500e603-a6ea-414a-a686-e0d95f66f186;Private ski and snowboard school Wengen;In kurzer Zeit die Faszination des Wintersports kennenlernen;<p>skiprivat.ch ist eine private Ski- und Snowboardschule in Wengen. Angeboten werden Privatlektionen f&uuml;r Skifahren - Carving, Telemark, Tiefschnee -, Snowboard, Schneeschuhwanderungen und Schlitten. Der Unterricht richtet sich an Anf&auml;nger:innen und Fortgeschrittene und wird individuell auf das K&ouml;nnen und die Ziele der Lernenden abgestimmt.</p>;7.921357154846192;46.60535758408305;Dorfstrasse;3823;Wengen;+41794471908;info@skiprivat.ch;http://skiprivat.ch/;[{'@type': 'ImageObject', 'contentUrl': 'https://jrtagpimtsoch.sos-ch-dk-2.exoscale-cdn.com/catalog/d/4/6/0/d46084f0cb1a8d889064c48f1dcc44f840cb554f_Skiprivat_Wengen_2.jpg'}];2026-09-04T15:49:21+02:00
a534b0e6-3682-46ef-8ea1-5fd18db274de;BeoVet;Ihr Partner für die Gesundheit und das Wohlbefinden Ihrer Tiere;<p><span class="">Wir legen grossen Wert auf eine pers&ouml;nliche und einf&uuml;hlsame Betreuung, denn die Gesundheit und das Wohl Ihres Tieres liegen uns am Herzen. In unserer Praxis in Matten bei Interlaken bieten wir Ihnen ein breites Leistungsspektrum, das individuell auf die Bed&uuml;rfnisse Ihres Tieres abgestimmt ist.&nbsp;</span>Besuchen Sie uns und &uuml;berzeugen Sie sich selbst von unserer Expertise und unserem Engagement! Wir freuen uns darauf, Sie und Ihr Tier kennenzulernen.</p><p>Trotz dem Standort in Interlaken ist t&auml;glich ein Tierarzt in Grindelwald unterwegs.</p>;7.864349484443665;46.681154944000795;Hauptstrasse 37;3800;Matten bei Interlaken;+41 33 822 11 63;info@beovet.ch;[{'@type': 'ImageObject', 'contentUrl': 'https://jrtagpimtsoch.sos-ch-dk-2.exoscale-cdn.com/catalog/3/9/9/c/399c0c827f327abe78e0f4570caab01dbe45356a_Herbst_by_davidbirri__2_.jpg'}];2025-10-13T11:37:33+02:00
a6220fe5-23f4-4fb0-9160-4cacb85c99e7;Weizenmehl aus dem Haslital ;Entdecke den traditionellen Weizenanbau und -mahlprozess Haslital. ;Haslimehl mit Sitz im Haslital hat sich auf den Anbau von Weizen spezialisiert, wobei der Schwerpunkt auf der Auswahl geeigneter Böden, der Fruchtfolge und der Bodenvorbereitung mit lokalem Kompost und Dünger liegt. Sie betonen, wie wichtig das Wetter während der Wachstumsphase ist, da es die Qualität des Weizens beeinflusst. Der geerntete Weizen wird bis zum Mahlen gelagert und belüftet, und das Stroh wird als Einstreu für die Tiere verwendet. Ihr Endprodukt, das Haslibrot, ist ein Sauerteigbrot, das sie aus ihrem eigenen gemahlenen Mehl herstellen. ;8.1870934;46.7285518;[{'@type': 'ImageObject', 'contentUrl': 'https://jrtagpimtsoch.sos-ch-dk-2.exoscale-cdn.com/catalog/5/f/4/6/5f4661cadb39188959d0645d0f78020b92f960af_Weizmehl_aus_dem_Hasli.jpg'}];2026-09-04T15:49:21+02:00
a86a842a-86a7-4bee-a4dd-3dbccc242004;4.5 Zimmerwohnung mit Bergsicht;Hier fühlst du dich Zuhause.;<p class="MsoNormal">Eine Ferienwohnung inmitten der Bergwelt. In unmittelbarer
Nähe zur Skipiste. Mitten im Wanderparadies. Wir freuen uns auf dich.<o:p></o:p></p><p class="MsoNormal">Über den Button gelangst du direkt zum Buchungsportal oder
kannst eine E-Mail für deine Reservationsanfrage an den Vermieter schicken.</p>;7.999688386917115;46.62201332201024;Blattenweidweg 1;3818;Grindelwald;+41 79 597 27 57;chalet-spinne@bluewin.ch;[{'@type': 'ImageObject', 'contentUrl': 'https://jrtagpimtsoch.sos-ch-dk-2.exoscale-cdn.com/catalog/9/7/7/3/9773c62f7f532b2b1764a0127bbd9c3baf4fc2ab_4.5_Zimmerwohnung_mit_Bergsicht_Sommer.jpg'}];2026-09-04T15:49:21+02:00
a8b0b008-e1e6-4363-901b-22fc18748d1c;Hotel Bodmi – Wellness auf Schweizer Art;Die Sauna im Ziegenstall;Geniesse tiefenwirksame Massagen oder entspannte Ruhe mit einzigartiger Aussicht. Getrennt durch eine Spiegelglasscheibe sorgen ein paar Ziegen für unterhaltsame Stunden in deinem Wellnessurlaub in der Schweiz.

Unser Wellnessbereich verfügt über:

Finnische Sauna, ausgestattet mit romantischem Sternenhimmel
Aroma-Dampfbad mit Lichteffekt und beruhigender Beschallung
Erlebnisdusche mit Schwallbrause, Kneippschlauch und Tauchbeckeneffekt
Großer Ruheraum mit einzigartigem Panoramablick auf die Berge von Grindelwald
Die Benutzung unserer Sauna im Stall ist für Hotelgäste kostenfrei!

Bitte beachte, dass Sauna und Dampfbad textilfreie Zonen sind; Badebekleidung ist nicht erlaubt.

Zutritt ab 16 Jahren.;8.0420002;46.6286465;Terrassenweg 104;3818; Grindelwald;+41 33 853 12;hotel@bodmi.ch;https://das-bodmi.ch/;[{'@type': 'ImageObject', 'contentUrl': 'https://jrtagpimtsoch.sos-ch-dk-2.exoscale-cdn.com/catalog/e/5/2/3/e523fa2eba270d1db31d9db8663642d8270ba156_csm_das_bodmi_hotel_beauty_wellness_0b5b6d0798.jpg'}];2026-09-04T15:49:21+02:00
a984fab0-d672-4e4a-abe5-51cd526eb733;Grill·Bar;Chillen in der Eiger Lodge;Chillige Lounge-Atmosphäre direkt neben der Lodge und an der Lütschine – mit Grill und kühlen Drinks. Im Sommer steht dir zudem der lauschige Innenhof zur Verfügung.;8.02219637458543;46.62353065;Grundstrasse 58;3818;Grindelwald;+41 33 854 38 38;info@eigerlodge.ch;https://www.eigerlodge.ch/;[{'@type': 'ImageObject', 'contentUrl': 'https://jrtagpimtsoch.sos-ch-dk-2.exoscale-cdn.com/catalog/a/b/3/1/ab3184056c76ee00fa30317ab51322b8dfbc084e_30.jpg'}];2026-09-04T15:49:21+02:00
a9e55ff5-6e64-47fd-8282-b03d7d5604c4;Fondue Gondel;Die gemütliche Gondel für ein romantisches Fondue Tête-à-tête;<p>Einfach zum Dahinschmelzen: Klassisches Schweizer K&auml;sefondue, serviert draussen in der gem&uuml;tlichen Gondel im Hotel Belvedere Grindelwald.</p><p>Nostalgie und Romantik pur: die alten M&auml;nnlichen-Gondeln haben noch lange nicht ausgedient! Heute bieten die gem&uuml;tlich eingerichteten Kabinen Platz f&uuml;r zwei Personen und somit den perfekten Rahmen f&uuml;r ein romantisches T&ecirc;te-&agrave;-T&ecirc;te.</p>;8.029357532361477;46.62523865;Dorfstrasse 53;3818;Grindelwald;+41 33 888 99 99;hotel@belvedere-grindelwald.ch;https://www.belvedere-grindelwald.ch;[{'@type': 'ImageObject', 'contentUrl': 'https://jrtagpimtsoch.sos-ch-dk-2.exoscale-cdn.com/catalog/7/6/5/0/76503f78c342b8f819e91b9e859fc06c6bec7dac_Fondue_Gondel_Belvedere_Swiss_Quality_Hotel_Grindelwald__10_.jpg'}];2026-09-04T15:49:21+02:00
ade10f1d-f521-47d3-9941-3967f95f6e4d;Metzgerei Christian Nussbaum ;Traditionelle Metzgerei im Haslital, bekannt für das Schweizer Kulturgut Gumpesel.;Die Metzgerei Christian Nussbaum in Meiringen ist auf traditionelle Fleischspezialitäten aus dem Haslital spezialisiert. Zu ihrem Angebot gehört der beliebte Original-Gumpesel und eine Vielzahl anderer Spezialitäten. Das Fleisch, wie z.B. das Entrecôte mit Knochen, stammt vom Suisse-Garantie-Rind mit der Mindestmaststufe T3 und gleichmässiger Marmorierung.;8.18838918188154;46.728214699999995;Kirchgasse 20 ;3860;Meiringen ;+41 33 971 10 71;original-gumpesel@bluewin.ch;https://www.original-gumpesel.ch;[{'@type': 'ImageObject', 'contentUrl': 'https://jrtagpimtsoch.sos-ch-dk-2.exoscale-cdn.com/catalog/5/d/4/d/5d4d8579a9592e59812ea8cbffd3dcc7e8c3e368_Metzgerei_Christian_Nussbaum.jpg'}];2026-09-04T15:49:21+02:00
adfd3ca3-d4bd-4386-beda-8d8c8e04c684;Molki Meiringen;Traditionelle Molkerei im Herzen von Meiringen mit einer über 100-jährigen Geschichte.;Molki Meiringen bietet eine Reihe von hochwertigen Milchprodukten an, die aus Milch aus dem Berner Oberland hergestellt werden. Das Sortiment umfasst den einzigartigen Brie de Meiringen, verschiedene Käsesorten, Joghurts mit bis zu 23 saisonalen Sorten, cremigen Quark und erfrischendes Eis, das das ganze Jahr über erhältlich ist. Sie sind stolz auf ihre enge Zusammenarbeit mit den örtlichen Landwirten, die für regionale und nachhaltige Praktiken sorgen. Ausserdem bieten sie das Haslitaler Päckli an, ein spezielles Paket mit Köstlichkeiten aus der lokalen Bäckerei und Metzgerei.;8.1900392;46.7260712;Lenggasse 1;3860;Meiringen;033 971 14 32;https://molki.ch/;[{'@type': 'ImageObject', 'contentUrl': 'https://jrtagpimtsoch.sos-ch-dk-2.exoscale-cdn.com/catalog/4/0/a/c/40ac9904957f63511b5c5520711b18af492d3945_Molki_Meiringen.jpg'}];2026-09-04T15:49:21+02:00
ae5bfb87-c0c4-4e75-8157-777bcc925002;Kunsteisbahn Grindelwald;Ab aufs Eis im Eigerdorf.;Die Kunsteisbahn im Sportzentrum lädt zum Schlittschuhlaufen oder Eishockeyspielen – und dies von Ende Juli bis Ende April.

Die nötige Ausrüstung wird im Sportzentrum vermietet. Die Eishalle lässt sich auch für Trainingslager oder andere Veranstaltungen reservieren.;8.035522339040838;46.62300125;Dorfstrasse 110;3818;Grindelwald;+41 33 854 12 30;sport@grindelwald.swiss;http://www.sportzentrum-grindelwald.ch;[{'@type': 'ImageObject', 'contentUrl': 'https://jrtagpimtsoch.sos-ch-dk-2.exoscale-cdn.com/catalog/b/5/5/9/b559c6fdc17f5d73c88c4eea8dcc14db1be187b9__B197474_by.davidbirri.jpg'}];2026-07-07T15:59:31+02:00
ae7ebd03-a33c-4a73-ace4-610a6d40b4ae;Buri Sport (Bahnhof);Entdecke die drei Geschäfte im Herzen von Grindelwlad;<p><span style="font-weight: 700;"><a href="https://www.google.ch/maps/place/Buri+Sport/@46.6245517,8.0231361,15z/data=!4m10!1m2!2m1!1sburi+sport!3m6!1s0x478f9bfeef9ae70b:0x8b54692369862029!8m2!3d46.6245519!4d8.034466!15sCgpidXJpIHNwb3J0WgwiCmJ1cmkgc3BvcnSSAQlza2lfc3RvcmXgAQA!16s%2Fg%2F1tfjzsby?hl=de&amp;entry=ttu&amp;g_ep=EgoyMDI1MDIyNS4wIKXMDSoASAFQAw%3D%3D" target="_blank">Zum Ziel navigieren (Google Maps)</a></span></p><p><br></p><p>Bei Buri Sport findest du eine grosse Auswahl an Sport- und anderer Kleidung sowie originelle Souvenirs und T-Shirts mit exklusiven Designs. Sowohl im Winter als auch im Sommer kannst du den Ausrüstungsverleih für Skier, Snowboards, Schlitten und E-Bikes in Anspruch nehmen. Darüber steht die Möglichkeit zur Verfügung, Skikurse zu buchen.</p>;8.034402325970966;46.6252745;Dorfstrasse 89;3818;Grindelwald;+41 33 853 33 53;info@burisport.ch;https://www.burisport.ch/;[{'@type': 'ImageObject', 'contentUrl': 'https://jrtagpimtsoch.sos-ch-dk-2.exoscale-cdn.com/catalog/5/7/6/e/576e93e68d3bffb94a569a421cc1b2b5786db028_Buri_Sport_HB.png'}];2025-04-07T14:12:09+02:00
aea28e96-6a83-420d-b6b9-b7c6ceb65328;Minigolf Lauterbrunnen;In der Sportanlage River Lounge Eyelti ;<p>Geniesse den atemberaubenden Ausblick ins Lauterbrunnental &ndash; mit seinen majest&auml;tischen Wasserf&auml;llen sowie dem imposanten Breithorn und Tschingelhorn.</p><p>&nbsp;</p><p>Erlebe Spiel, Sport und Spass f&uuml;r die ganze Familie: Ob beim Minigolf, im Fitnessraum oder f&uuml;r die Kleinen auf dem Trampolin, mit ferngesteuerten Autos oder den beliebten Bobby Cars &ndash; hier ist f&uuml;r alle etwas dabei.</p><p>&nbsp;</p><p>F&uuml;r dein leibliches Wohl ist im Restaurant bestens gesorgt.</p><p><a href="https://share.google/ie9urXMdqGTCTLTYk"><strong>&Ouml;ffnungszeiten</strong></a></p><p>Bei starkem Niederschlag ist die River Lounge geschlossen. Aktuelle &Ouml;ffnungszeiten finden Sie unter dem folgenden Link: <span style="font-family: 'Aptos',sans-serif; color: black;"><a href="https://che01.safelinks.protection.outlook.com/?url=https%3A%2F%2Fshare.google%2Fie9urXMdqGTCTLTYk&amp;data=05%7C02%7Cthomas.durrer%40lauterbrunnen.swiss%7Cb040778ea79a440b7fa008de5e6b9c3e%7C7d747bf72a6d4a4caa2b9c19a6e69e92%7C1%7C0%7C639052013472704439%7CUnknown%7CTWFpbGZsb3d8eyJFbXB0eU1hcGkiOnRydWUsIlYiOiIwLjAuMDAwMCIsIlAiOiJXaW4zMiIsIkFOIjoiTWFpbCIsIldUIjoyfQ%3D%3D%7C0%7C%7C%7C&amp;sdata=khyG006ddKMdwNoGO5x2djcBWX9jujbEPkX3v80O9vw%3D&amp;reserved=0">https://share.google/ie9urXMdqGTCTLTYk</a></span></p>;7.9099544924876835;46.591149200000004;Eyelti 201F;3822;Lauterbrunnen;coffeebike.lauterbrunnen@gmail.com;[{'@type': 'ImageObject', 'contentUrl': 'https://jrtagpimtsoch.sos-ch-dk-2.exoscale-cdn.com/catalog/f/c/6/2/fc62bbe46f994c31c9e8fcb9151132466dd9d60f_IMG_6400.jpg'}];2026-09-04T15:49:21+02:00
b0471d98-d9ee-4bbc-a57d-20d87c6e5a34;Moosgaden 2 Bett Wohnung;Hier fühlst du dich Zuhause.;<p class="MsoNormal">Eine Ferienwohnung inmitten der Bergwelt. In unmittelbarer
Nähe zur Skipiste. Mitten im Wanderparadies. Wir freuen uns auf dich.</p><p>



</p><p class="MsoNormal">Über den Button gelangst du direkt zum Buchungsportal oder
kannst eine E-Mail für deine Reservationsanfrage an den Vermieter schicken.<o:p></o:p></p>;8.038655834674838;46.6295888;Terrassenweg 59;3818;Grindelwald;+41 79 544 70 17;w.zwald@bluewin.ch;[{'@type': 'ImageObject', 'contentUrl': 'https://jrtagpimtsoch.sos-ch-dk-2.exoscale-cdn.com/catalog/c/e/c/7/cec745097612032618cf838a6d2472f5340fd177_Moosgaden_2_Bett_Wohnung_Sommer.jpg'}];2026-09-04T15:49:23+02:00
b1d497d4-e4b1-4acf-8201-6217f72b9b07;Schweizer Skischule Mürren-Schilthorn;Deine Begleitung im Schnee;Die ausgebildeten SkilehrerInnen nehmen sich gerne Zeit, um dir ihre Begeisterung für den Sport im Schnee näherzubringen.

Die Schule bietet Unterricht und Begleitung in allen Schneesport-Disziplinen an: Skifahren, Snowboarden, Freeriding, Telemark, Langlauf und Schneeschuhlaufen. Gruppenunterricht wird für Ski- und Snowboardfahrer angeboten. Beim "Try to Ski" Angebot erhält man auch die nötige Ausrüstung für die ersten Fahrversuche.

Nebst dem Unterricht organisiert die Skischule diverse Events wie Fackelabfahrten, Rennen und Feiern.

Es wird empfohlen, Lektionen für die Hochsaison (Weihnachten, Neujahr und Februar) so früh wie möglich zu reservieren.

Try to Ski - it's fun!
Skifahr-Luft schnuppern? Mit dem Try to Ski Angebot erhältst du folgendes:

- Ausrüstung
- 2h Unterricht (für 1+4 Personen)
- Nutzung der Liftanlagen

Das Büro der Schweizer Skischule Mürren-Schilthorn befindet sich in der Dorfmitte, direkt hinter dem Hotel Jungfrau. Mürren kann in rund 50 Minuten von Interlaken aus erreicht werden.;7.894329430656699;46.5614603;Haus Finel;3825;Mürren;+41 33 855 12 47;info@skischule-muerren.ch;https://skischule-muerren.ch/;[{'@type': 'ImageObject', 'contentUrl': 'https://jrtagpimtsoch.sos-ch-dk-2.exoscale-cdn.com/catalog/3/d/4/d/3d4d33f56eb96b9ed8d1caa9abc8ed747c28c8b1_Skischule_Muerren_Panorama_Lehrer_mit_Gast.jpg'}];2026-09-04T15:49:23+02:00
b2afbf4d-ce0c-408a-9120-213652903a21;Frutal Bäckerei;Traditionelle Schweizer Bäckerei in Meiringen.;Die Frutal Versandbäckerei in Meiringen ist eine traditionelle Schweizer Bäckerei, die für ihre Konditoreispezialitäten bekannt ist. Sie bietet eine Vielzahl von Backwaren an, darunter Meringues, Macarons, Haslikuchen, Tazelwurm und Glacebiscuits.;8.1864057;46.7276933;Bahnhofstrasse 18;3860;Meiringen;+41 33 971 10 62;https://frutal.ch/;[{'@type': 'ImageObject', 'contentUrl': 'https://jrtagpimtsoch.sos-ch-dk-2.exoscale-cdn.com/catalog/2/d/a/d/2dadfc84323f2937c0bccd9dda402cc214ed747f_Frutal_B__ckerei.jpg'}];2026-09-04T15:49:23+02:00
b3f9ee45-3475-45c0-b7af-4dd64bbcf1e5;Beim See "Schynige Platte";Hier fühlst du dich Zuhause.;<p class="MsoNormal">Eine Ferienwohnung inmitten der Bergwelt. In unmittelbarer
Nähe zur Skipiste. Mitten im Wanderparadies. Wir freuen uns auf dich.</p><p>



</p><p class="MsoNormal">Über den Button gelangst du direkt zum Buchungsportal oder
kannst eine E-Mail für deine Reservationsanfrage an den Vermieter schicken.<o:p></o:p></p>;7.978402376174928;46.63740798208511;Beim See 7;3816;Burglauenen;+41 79 293 21 66;bruno.rubi@vtxmail.ch;https://www.beimsee-grindelwald.ch;[{'@type': 'ImageObject', 'contentUrl': 'https://jrtagpimtsoch.sos-ch-dk-2.exoscale-cdn.com/catalog/e/a/a/8/eaa80070b2dca555fe851e8a2d83f3f0c246e8a6_Beim_See_Schynige_Platte_Sommer.jpg'}];2026-09-04T15:49:23+02:00
b55a1533-1d54-4cc1-b655-333da7f0f9d1;Coiffeur Eiger ;Coiffeur im Herzen von Grindelwald.;<p><strong><a href="https://www.google.com/maps/place/Coiffeur+Eiger/@46.6234801,8.035543,880m/data=!3m2!1e3!4b1!4m6!3m5!1s0x478f9bfe4f0d3675:0xfc9275b13dc4d79a!8m2!3d46.6234801!4d8.0381179!16s%2Fg%2F1ptx_vl0c?entry=ttu&amp;g_ep=EgoyMDI1MDUxMS4wIKXMDSoASAFQAw%3D%3D" rel="noopener noreferrer" target="_blank">Zum Ziel navigieren (Google Maps) </a></strong></p><p></p><p></p><p>Eiger Coiffeur in Grindelwald biete professionelle Haarpflege und Styling-Dienstleistungen an. Du kannst einen Termin für Haarschnitt, eine neue oder Haarpflegeprodukte reservieren. Eiger Coiffeur ist bekannt für seine freundliche Atmosphäre und den persönlichen Service, der auf die individuellen Bedürfnisse der Kund*innen eingeht. </p>;8.038590967167584;46.623431691279215;Dorfstrasse 133;3818;Grindelwald;+41 33 854 31 34;resort@eiger-grindelwald.ch;[{'@type': 'ImageObject', 'contentUrl': 'https://jrtagpimtsoch.sos-ch-dk-2.exoscale-cdn.com/catalog/4/0/d/a/40dae96cd744d110e5a0eba8f86686e77035eaa0_KV_EigerResort_Aussenansicht.png', 'caption': {'de': 'Hotel Eiger', 'en': 'Hotel Eiger '}}];2026-07-07T15:59:31+02:00
b5e3e96f-c9e2-4d1c-90a6-8b3aab4b1530;Ski- und Snowboardschule Männlichen;Unterricht mitten im Skiparadies;Die Ski -und Snowboardschule Männlichen bietet individuellen Unterricht für Erwachsene, Teens und Kids. Das Übungsgelände befindet sich direkt bei der Bergstation der Männlichenbahn. Die grandiose Aussicht auf Eiger, Mönch und Jungfrau gibt es gratis dazu.

Die qualifizierten Skilehrer*innen verfügen über Fremdsprachenkenntnisse in Deutsch, Englisch, Französisch, Italienisch, Spanisch, Holländisch und Russisch. Zudem bietet die Skischule betreutes Mittagessen für die Skischulkinder ab ca. 4 Jahren im Bergrestaurant Männlichen an. Viele bekannte, grösstenteils einheimische, Skilehrer*innen freuen sich, ihr Können weiterzugeben.

Das Skiparadies ist mit der Gondelbahn von Grindelwald oder der Luftseilbahn ab Wengen erreichbar. Im schneesicheren Skigebiet – der Männlichen liegt auf 2232 m ü. M. – ist jede und jeder, vom Beginner bis zum Profi, bestens aufgehoben.;8.036337242998759;46.623898049999994;Dorfstrasse 115;3818;Grindelwald;+41 33 853 12 88;https://www.skischule-maennlichen.ch/de;[{'@type': 'ImageObject', 'contentUrl': 'https://jrtagpimtsoch.sos-ch-dk-2.exoscale-cdn.com/catalog/3/7/0/0/37005686b3ee5af95e5052f243864a2d46de1e6a_Skischule_M__nnlichen_1.jpg'}];2026-09-04T15:49:23+02:00
b65a9736-af84-454c-8e28-3d2da849c2d0;Altitude;Ski- und Snowboardschule in Wengen;Seit 2008 bietet das international qualifizierte Team Ski- und Snowboardunterricht in verschiedenen Sprachen an, unter anderem in Englisch, Schweizerdeutsch, Deutsch und Französisch. 

Darüber hinaus sind einige der Lehrer*innen speziell ausgebildet für Kinder, nervöse Gäste, Menschen mit Behinderungen, VIPs, Firmengruppen und Teambildung.;7.921072840690614;46.60602430773201;Dorfstrasse;3828;Wengen;+41 33 853 00 40;wengen@altitudeskischool.com;https://www.altitudeskischool.com/wengen/;[{'@type': 'ImageObject', 'contentUrl': 'https://jrtagpimtsoch.sos-ch-dk-2.exoscale-cdn.com/catalog/a/1/0/4/a104f81aba23f4cba737d38f0a0cc8709f76209e_csm_Altitude_Skischule__4__5114e2c747.jpg'}];2026-09-04T15:49:23+02:00
b6837003-b374-4d4c-aefd-e902f04992d1;Curling Wengen;Wage dich aufs Glatteis – beim Curling in Wengen, ob in der Halle oder unter freiem Himmel.;<p data-start="267" data-end="639">Curling ist mehr als nur ein Wintersport in der Jungfrau Region. Neben Technik, Pr&auml;zision und Geschicklichkeit z&auml;hlen vor allem Teamgeist, Fairness und gegenseitiger Respekt. Die besondere Kombination aus Konzentration, Strategie und sportlicher Herausforderung macht Curling zu einem unvergesslichen Erlebnis f&uuml;r Gruppen, Firmenanl&auml;sse oder aktive Winterferien in Wengen.</p><p data-start="641" data-end="757" data-is-last-node="" data-is-only-node="">Ob Anf&auml;nger oder erfahrene Spieler &ndash; Curling begeistert mit Spannung, Taktik und geselligem Miteinander auf dem Eis.</p>;7.922183275222779;46.606120523838705;Wengiboden 1349B;3823;Wengen;+41 33 856 85 85;info@wengen.swiss;https://wengen.swiss;[{'@type': 'ImageObject', 'contentUrl': 'https://jrtagpimtsoch.sos-ch-dk-2.exoscale-cdn.com/catalog/1/1/2/9/1129d7370da47eb86252f06e930e46ff6e3a0aed_Stirlingsteine.jpg', 'caption': {'de': 'Curling'}}];2026-09-04T15:49:23+02:00
b6ad8508-2f2c-49e8-98f9-d65bbb315abb;Alpkäserei Winteregg Staubbach ;Käse von den Alpen Winteregg und Wengeneralp aus dem Lauterbrunnerntal.;<p>Produkte: <br>Alpk&auml;se, Mutschli, Ziegenk&auml;se, Ziger, Joghurt, Butter</p>;7.907344;46.5954852;Gässli ;3822;Lauterbrunnen ;+41 79 732 00 91;mosimann.martin@bluewin.ch;https://www.guidle.com/de/gewerbe/lauterbrunnen/hersteller-gewerbe-und-industrie/alpkaese-aus-dem-lauterbrunnerntal_AkfU7vd;[{'@type': 'ImageObject', 'contentUrl': 'https://jrtagpimtsoch.sos-ch-dk-2.exoscale-cdn.com/catalog/a/1/b/f/a1bfff43617866eec92940b7259acf3880d190ea_Allgemein_Lauterbrunnen.jpg'}];2026-09-04T15:49:23+02:00
b6cccc9b-33cc-4e9e-8cc1-d604bada7bb7;Bergrestaurant Brandegg;Im Restaurant oder auf unserer pächtigen Sonnenterrasse verwöhnen wir Sie gerne mit lokalen Spezialitäten, wie Schweizer Rösti, Käse- und verschiedenen Fleischgerichten, Fitnessteller und frischen Salaten.;Versuchen Sie unsere beliebten, weltbekannten Apfelküchlein mit Vanillesauce, die wir täglich frisch backen. Im Herbst servieren wir Wildspezialitäten aus einheimischer Jagd.;8.010873394892997;46.60933625;Brandeggstrasse 41;3818;Grindelwald;+41 33 853 10 57;info@brandegg.ch;https://www.brandegg.ch/;[{'@type': 'ImageObject', 'contentUrl': 'https://jrtagpimtsoch.sos-ch-dk-2.exoscale-cdn.com/catalog/2/f/5/2/2f52ea66c13a71a7de5e915a2a4e9444453a1b6b_Brandegg.png'}];2026-07-07T15:59:31+02:00
baba99d5-40ec-4071-9120-45abd5c48635;MischMasch ;Der kleinste Laden mit der grössten Aussicht;Souvenirs und Geschenke: Stricksachen, selbst gepflückten Wildkräutertee, Sirup, Kräutersalz, Schönheitsprodukte, kleine Backwaren.;7.891820734979197;46.54952848867581;Gehren 862E;3826;Gimmelwald ;https://www.instagram.com/mischmasch.gimmelwald/?hl=de;[{'@type': 'ImageObject', 'contentUrl': 'https://jrtagpimtsoch.sos-ch-dk-2.exoscale-cdn.com/catalog/0/3/3/0/033003e08a8a8df42aef25ca9d14bb0d9cee5311_MischMasch_2_768x432.jpg'}];2026-09-04T15:49:23+02:00
bb061d54-e7db-426e-8efb-1cdbec49c075;Kleiner und Grosser Diamantstock;Zwei sehr lohnende Klettertouren im Bächlital;Kleiner Diamantstock 
Schönes, südexponiertes Klettergelände. Von der Bächlitalhütte in Richtung Bächligletscher zum Fuss des Kleinen Diamantstocks. Von hier in ca. 10 Seillängen zum Gipfel (zwei Routen). Der Abstieg führt dann etwas nordseitig des Grates in Richtung Osten über bizarre Trümmer zur Lücke und über Geröll hinunter (Achtung Abseilstelle). 

Schwierigkeit: 5a und 5a+
Dauer: ca. 6h

Grosser Diamantstock, Ost-Grat
Alpine Kletterei in schönstem Granit. Der Zugang erfolgt von der Bächlitalhütte über den Bächligletscher in die «Underi Bächlilicken», wo die Kletterei beginnt. Die gut abgesicherte Route in schönem Granit führt über den Ostgrat auf den Gipfel. Der Abstieg erfolgt über den SW-Grat oder in Auf und Abs über die Westflanke. 

Schwierigkeitsgrad: 4a
Dauer: ca. 9h;8.24337;46.5923337;[{'@type': 'ImageObject', 'contentUrl': 'https://jrtagpimtsoch.sos-ch-dk-2.exoscale-cdn.com/catalog/c/8/4/6/c846954a572c44effe898bb00e7f41f0f0dc3be2_Diamantstock.jpg'}];2024-10-31T16:20:59+01:00
bcdb151a-6509-4d46-a83d-5edc31011642;Intersport Kaufmann;Sportgeschäft im Dorfzentrum;<p><strong><a href="https://www.google.com/maps/place/Intersport+Kaufmann/@46.6235399,8.0342547,17z/data=!3m1!5s0x478f9bfe2e34b40f:0xf75d97804af32477!4m7!3m6!1s0x478f9953ea38e8c7:0x5eca3e2c09252645!8m2!3d46.6235399!4d8.036835!11m1!2e1?entry=ttu&amp;g_ep=EgoyMDI1MDIwOS4wIKXMDSoASAFQAw%3D%3D" rel="noopener noreferrer" target="_blank">Zum Ziel navigieren (Google Maps)</a></strong></p><p></p><p>Als Intersport Fachgeschäft ist Kaufmann Sport dem INTERSPORT Rent-Network Jungfrau Region angeschlossen. Bei Kaufmann Sport kann man sowohl Winter- wie auch Sommerausrüstung erhalten. Im Sportgeschäft sind einige Top Marken vertreten.</p>;8.036751577640212;46.62353399323985;Dorfstrasse 124;3818;Grindelwald;+41 33 853 13 77;info@kaufmann-sport.ch;http://www.kaufmann-sport.ch;[{'@type': 'ImageObject', 'contentUrl': 'https://jrtagpimtsoch.sos-ch-dk-2.exoscale-cdn.com/catalog/0/a/f/f/0affeb9eab32f69396db277405f47d302656c8fd_Rentnetwork_KaufannSport_HP608.jpg'}];2026-09-04T15:49:23+02:00
bcfc9294-cd94-4eab-95a0-3e266ef8e4ac;Kirchhofer V-TIME;Das Beste der Uhrenindustrie.;<p><a href="https://www.google.ch/maps/place/Kirchhofer+%E2%80%93+V-TIME/@46.6247131,8.0163236,17z/data=!3m1!4b1!4m6!3m5!1s0x478f997f775e168b:0xcb97a49201595e4b!8m2!3d46.6247131!4d8.0188985!16s%2Fg%2F11qp46_9zt?hl=de&amp;entry=ttu&amp;g_ep=EgoyMDI1MDMxOC4wIKXMDSoASAFQAw%3D%3D" target="_blank" style="font-weight: 700;">Zum Ziel navigieren (Google Maps)</a><span style="text-align: center;"></span></p><p><span style="text-align: center;"><br></span></p><p><span style="text-align: center;">Das Geschäft befindet sich im neuen Terminal des V-Bahn Projekts in Grindelwald Grund, wo die Gäste in die Gondel zum Jungfraujoch – Top of Europe einsteigen. Das V-Bahn Projekt ist das innovativste und spannendste Bauprojekt der Alpen. Ideal gelegen in mitten der Alpen, bietet Ihnen Kirchhofer V-TIME ein Luxus-Einkauferlebnis. Das exklusive Shop-Konzept, lichtdurchflutete Räume und ein einzigartiger Blick auf die umliegenden Berge, lässt Sie in ein echtes und authentisches Uhrenerlebnis eintauchen. Auf 270m2 wird Ihnen pure Uhrenbegeisterung und das Beste gezeigt, was die Uhrenindustrie zu bieten hat.</span></p>;8.018410205841066;46.62475433379211;Grundstrasse 54;3818;Grindelwald;+41 33 854 16 80;v-time@kirchhofer.com;https://www.kirchhofer.com/;[{'@type': 'ImageObject', 'contentUrl': 'https://jrtagpimtsoch.sos-ch-dk-2.exoscale-cdn.com/catalog/e/8/8/5/e8851cf2bdef8cfd13f8fb41a4b0c99ad6181214_v_time.jpg'}];2025-03-21T17:34:11+01:00
bd1524f4-98f1-44b2-a84c-7b60d0f11935;Restaurant Altitude;Restaurant, Bar, Sonnenterrase - frisch, kreativ und regional. Kulinarische Momente geniessen.;Unter Verwendung der klassischen französischen Küche zaubern wir eine verspielte Fusion aus Schweizer Spezialitäten und mediterranem Flair. Wir legen einen Wert auf die Handwerkskunst und kreieren 85% aus Eigenproduktion im Haus.

Unser Restaurant Team unter Restaurantleiterin Lea Blaser sowie Küchenchef Jan Iseli begrüssen und verwöhnen auch gerne externe Gäste.

Öffnungszeit:
Täglich von 12:00 – 23:00 Uhr, letzte Bestellung um 21:30 Uhr;7.9247768;46.6086851;Am Wengi 1412c;3823;Wengen;+41 33 856 51 61;hotel@beausiteparkhotel.ch;https://www.beausiteparkhotel.ch/;[{'@type': 'ImageObject', 'contentUrl': 'https://jrtagpimtsoch.sos-ch-dk-2.exoscale-cdn.com/catalog/1/4/0/a/140a7c04deab8ee131fa086335918ccc4a590117_Restaurant_Altitude_Dining_Room_Mountain_Winter_View_Beausite_Park_Hotel.jpg'}];2026-09-04T15:49:23+02:00
be57413b-869a-40a8-87c0-1d4750e2f2e4;bodmiARENA;Pistenspass für Anfänger;Zentral in Grindelwald gelegen ist die bodmiARENA das perfekte Gelände für Anfänger*innen.

Im von der Schweizer Skischule Grindelwald betriebenen Gebiet stehen dir ein Förderband und ein Tellerlift zur Verfügung. Egal ob beim Skifahren, Schlitteln, Snowtuben oder Spielen – hier koimmt jede und jeder auf seine Kosten.

Material kann direkt bei der Skischule gemietet werden
Parkplätze sind beschränkt verfügbar
Busse halten direkt vor dem Übungsgelände (Haltestelle Grindelwald, Bodmi);8.040082342812884;46.62863057372548;Terrassenweg;3818;Grindelwald;+41 33 224 07 01;info@outdoor.ch;https://www.outdoor.ch;[{'@type': 'ImageObject', 'contentUrl': 'https://jrtagpimtsoch.sos-ch-dk-2.exoscale-cdn.com/catalog/7/3/f/a/73fafe18577efa1b681fe775fc9a0e64c00f6274_bodmiARENA__1_.jpg'}];2026-09-04T15:49:23+02:00
be5f01c8-75f0-4763-bde6-59bcda6c4f6d;Wellness im Hotel Kirchbühl;Indoor-Wellness vs. Kraftorte;Unsere Saunalandschaft besteht aus einer Finnischen Sauna aus Spaltholz (90°C), Sanarium aus Altholz (65°C) sowie Dampfbad mit 100% Luftfeuchtigkeit bei 50°C.

Nacktbereich – Kinder unter 16 Jahren haben keinen Zutritt.

Erholung bieten der stilvolle Ruheraum und eine Lounge, Erfrischungsbrunnen mit Wasser aus der Klecki-Quelle am Fuss des Wetterhorns. 

Zusätzlich direkter Zugang zum Aussenbereich mit herrlicher Alpenluft.;8.045606304837918;46.62708365;Kirchbühlstrasse 23;3818;Grindelwald;+41 33 854 40 80;hotel@kirchbuehl.ch;https://www.kirchbuehl.ch;[{'@type': 'ImageObject', 'contentUrl': 'https://jrtagpimtsoch.sos-ch-dk-2.exoscale-cdn.com/catalog/6/2/6/5/6265691bfc9bc28baac28a2ea70065b192b0a408_wellness_hotel_kirchb__hl__4_.jpg'}];2026-09-04T15:49:23+02:00
c025e22f-261c-4714-b734-9770b4d71914;Stotzhalten - 2 Bett Wohnung;Hier fühlst du dich Zuhause.;<p class="MsoNormal">Eine Ferienwohnung inmitten der Bergwelt. In unmittelbarer
Nähe zur Skipiste. Mitten im Wanderparadies. Wir freuen uns auf dich.</p><p>



</p><p class="MsoNormal">Über den Button gelangst du direkt zum Buchungsportal oder
kannst eine E-Mail für deine Reservationsanfrage an den Vermieter schicken.<o:p></o:p></p>;8.035568140116332;46.6210365;Locherbodenstrasse 7;3818;Grindelwald;+41 33 853 13 34;elsaessers@bluewin.ch;[{'@type': 'ImageObject', 'contentUrl': 'https://jrtagpimtsoch.sos-ch-dk-2.exoscale-cdn.com/catalog/0/c/b/a/0cba21b8aad72c5d519af753e5c0941ae13ca3bb_Stotzhalten_Sommetr.jpg'}];2026-09-04T15:49:24+02:00
c3268848-e134-4396-a122-e957e8e105d5;Figeler Wengen;Übungsgelände für Schneesporteinsteiger*innen;Keine Warteschlangen und in wenigen Minuten von jedem Hotel und Chalet erreichbar: Das Übungsgelände für Schneesporteinsteiger*innen befindet sich im Herzen von Wengen, einem Dorf mit Weltcup-Tradition. Die Nähe zu den traditionellen Lauberhornrennen beflügelt dich sichtlich in deinem Lernfortschritt.

Das Gelände wird von der Skischule aufgestellt, betrieben und überwacht, um so auch die beste Lernplattform für ein erstes Abenteuer im Schnee zu gewährleisten. 

Im Snowgarden, der Heimat des Maskottchens «Snowli», wird den Kindern auf sichere und lustige Art und Weise das Skifahren beigebracht. Etliche Teppichförderbänder und viele lustige Hilfsmittel bereiten den Kindern Freude und vereinfachen während den ersten Tagen das Bewegen auf dem Schnee. Eine Betreuungsperson führt und überwacht den Bereich während des Gruppenunterrichts. Im Skischulhaus können sich die Kinder erholen und aufwärmen.

Das gesamte Übungsgelände wird täglich frisch gepistet und kann bei wenig Schnee sogar künstlich beschneit werden.

Mit der Gästekarte Wengen sind sämtliche Skianlagen im Dorf kostenlos benutzbar.

Schneesporteinsteiger;7.923138141632081;46.606253010537195;Zentrum Silberhorn;3823;Wengen;+41 33 855 20 22;info@skiwengen.ch;https://www.skiwengen.ch;[{'@type': 'ImageObject', 'contentUrl': 'https://jrtagpimtsoch.sos-ch-dk-2.exoscale-cdn.com/catalog/b/9/8/9/b989bf781660265e6018a4e2fd4a077d8667560e_Wengen_Figeler_kids_winter.jpg'}];2026-09-04T15:49:25+02:00
c32e256f-73fd-41f5-aad5-3d7009a2c6d2;Yv.In Lagis;Souvenirladen direkt an der Dorfstrasse.;<p class="ql-align-justify"><strong><a href="https://www.google.ch/maps/place/Yv.In.+Lagis+GmbH/@46.6236477,8.0375422,18.5z/data=!4m6!3m5!1s0x478f9bfe69d4bc4b:0x310aa60354ee47ff!8m2!3d46.6234934!4d8.0376784!16s%2Fg%2F1vc6c974?hl=de&amp;entry=ttu&amp;g_ep=EgoyMDI1MDQxMy4wIKXMDSoASAFQAw%3D%3D" rel="noopener noreferrer" target="_blank">Zum Ziel navigieren (Google Maps)</a></strong></p><p></p><p>Hier findest du alle Souvenirs, die dein Herz begehrt. Von Sackmessern zu T-Shirts findest du hier alles.</p>;8.037668466567995;46.62349436035081;Dorfstrasse 129;3818;Grindelwald;+41 33 853 16 08;[{'@type': 'ImageObject', 'contentUrl': 'https://jrtagpimtsoch.sos-ch-dk-2.exoscale-cdn.com/catalog/9/e/0/2/9e029585207e8c07873663c104cd467cff21009c_DSC05243.JPG'}];2025-05-27T08:24:23+02:00
c3b22d54-1cfd-44d9-b744-d268a45df34a;Chalet Bossrain Sicht auf Eiger an zentraler Lage;Hier fühlst du dich Zuhause.;<p class="MsoNormal">Eine Ferienwohnung inmitten der Bergwelt. In unmittelbarer
Nähe zur Skipiste. Mitten im Wanderparadies. Wir freuen uns auf dich.<o:p></o:p></p><p class="MsoNormal">Über den Button gelangst du direkt zum Buchungsportal oder
kannst eine E-Mail für deine Reservationsanfrage an den Vermieter schicken.</p>;8.041315709259141;46.6255149;Bodmeliweg 1;3818;Grindelwald;+41 79 253 19 37;th.werren@bluewin.ch;[{'@type': 'ImageObject', 'contentUrl': 'https://jrtagpimtsoch.sos-ch-dk-2.exoscale-cdn.com/catalog/9/d/c/a/9dca6500bbe4484aec9e0c14ddd64c8b06cead7c_Chalet_Bossrain_Sicht_auf_Eiger.jpg'}];2026-09-04T15:49:25+02:00
c48e036f-345f-4a83-b0fd-d22495dbc8d3;Hotel Spinne – Alpine Wellness;Der perfekte Ort, um die Seele baumeln zu lassen;Der einladendende Wellnessbereich ist der perfekte Ort, um die Seele baumeln zu lassen und nach einem sonnigen Ski- oder Wandertag die Muskeln zu entspannen. Tauche ab und sammle neue Kraft für deinen Alltag. Die Wellness-Anlage steht exklusiv den Hotelgästen zur Verfügung.;8.038423704656125;46.623165549999996;Dorfstrasse 136 ;3818;Grindelwald;+41 33 854 88 88;hotel@spinne.ch;https://www.spinne.ch;[{'@type': 'ImageObject', 'contentUrl': 'https://jrtagpimtsoch.sos-ch-dk-2.exoscale-cdn.com/catalog/6/e/2/3/6e23d5ad847a957c4908f08e604a2c7462888bb0_Infinitypool_am_Nachmittag_Wellness_Hotel_Spinne_Grindelwald.jpg'}];2026-09-04T15:49:25+02:00
c4f0caba-751e-4056-bfc4-987a7f29ae41;Bergsteigerschule Rosenlaui GmbH;Die Bergsteigerschule im Haslital.;Das Haslital ist ein Bergsport- und Skitourenzentrum von seltener Vielfalt und grosser Tradition. 

Du möchtest das Susten- oder Wetterhorn besteigen? Die bestens ausgebildeten Bergführer*innen der Bergsteigerschule Rosenlaui begleiten dich gerne auf die Gipfel der fantastischen Bergwelt im Haslital.;8.190500736236574;46.726111091442434;Lenggasse 4;3860;Meiringen;+41 76 572 54 72;info@bergsteigerschule-rosenlaui.ch;https://bergsteigerschule-rosenlaui.ch;[{'@type': 'ImageObject', 'contentUrl': 'https://jrtagpimtsoch.sos-ch-dk-2.exoscale-cdn.com/catalog/c/4/0/9/c409fa536d16285b39857d60410ea5f7a27af349_DSC_0848.JPG'}];2026-09-04T15:49:25+02:00
c6bd3264-039d-4cdf-b3de-1c61f558d68d;3970 Nordwand Bräu;Mikrobrauerei am Fusse der Eigernordwand.;Nordwand Bräu, eine Kleinbrauerei in Grindelwald am Fusse der legendären Eigernordwand, stellt mit erlesenen Zutaten und traditionellen Braumethoden obergärige Biere her. Mit dem reinsten Grindelwalder Bergwasser entwickeln ihre Biere während des Brauprozesses einen einzigartigen Charakter. Die Brauerei zelebriert die Grindelwalder Braukunst und produziert ein authentisches Bier, das seinem Namen alle Ehre macht. Die Bierspezialitäten der Brauerei sind in Hotels, Bars und Restaurants in der ganze Region erhältlich.;8.029841780662538;46.61691750810862;Sandweg 4;3818;Grindelwald;+41 76 766 62 23;3970@nordwandbraeu.ch;https://nordwandbraeu.ch/#;[{'@type': 'ImageObject', 'contentUrl': 'https://jrtagpimtsoch.sos-ch-dk-2.exoscale-cdn.com/catalog/d/2/0/e/d20e59d100979be81928b45b44284aca857011f8_Nordwand_Braeu_0082_scaled.jpg'}];2026-09-04T15:49:26+02:00
c7eb1516-3eec-49f9-be31-6f346e2b417b;Skigebiet Meiringen-Hasliberg;Das Skigebiet im Haslital;Familienfreundlichkeit, vielfältige Freizeit- und Sportmöglichkeiten, aber auch das Bewusstsein für Tradition und kulturelle Eigenheiten zeichnen das Haslital aus. Zwischen 600 und 2500 m ü. M. liegt das wunderbare Ausflugs- und Schneesportgebiet der Bergbahnen Meiringen-Hasliberg. Über eine halbe Million Schneesportbegeisterte lassen sich hier jährlich aus dem Nebel an die Sonne transportieren. 

Für genügend abwechslungsreiche Tage auf dem Hasliberg sorgen: 60 Pistenkilometer, 25 km Winterwanderwege, das riesige Übungsgelände «Skihäsiland» sowie das Skizentrum. Und weil der gesellschaftliche Teil ebenso wichtig ist wie der sportliche Teil, stehen den Gästen genügend Restaurants und Pistenbeizli zur Auswahl.;8.195393085479738;46.745242420947285;Twing 365L;6084;Hasliberg Wasserwendi;+41 33 550 50 50;info@meiringen-hasliberg.ch;https://meiringen-hasliberg.ch/;[{'@type': 'ImageObject', 'contentUrl': 'https://jrtagpimtsoch.sos-ch-dk-2.exoscale-cdn.com/catalog/8/c/a/a/8caa0430c73228756bae58f700677fcd2defff11_Skifahren_auf_dem_Hasliberg.jpg'}];2026-09-04T15:49:26+02:00
c9ef951d-de13-4e3f-9b12-45cea6f90907;Eiger Spa Wellness - Fitness und Soul;Im Eiger Spa darfst du innehalten, durchatmen und dir Zeit für das Wichtigste nehmen – für dich selbst!;<p>Dabei inspirieren wir dich ganz facettenreich. Was spricht deine Sinne an? Wie m&ouml;chtest du K&ouml;rper, Geist und Seele in Einklang bringen? Ob beim Fitnesstraining, einem Besuch in der Sauna oder im Privat Spa, einer Massage oder einem pers&ouml;nlichen Coaching: Wir unterst&uuml;tzen dich gern, genau das richtige Element f&uuml;r deine pers&ouml;nliche Entwicklung und dein Wohlbefinden zu entdecken. Unser Spa und Fitness Bereich ist auch f&uuml;r Nicht-Hotelg&auml;ste ge&ouml;ffnet.</p>;8.0381633;46.6236709;Dorfstrasse 133;3818;Grindelwald;+41 33 854 31 31;spa@eiger-grindelwald.ch;https://www.eiger-grindelwald.ch;[{'@type': 'ImageObject', 'contentUrl': 'https://jrtagpimtsoch.sos-ch-dk-2.exoscale-cdn.com/catalog/4/3/1/c/431c1c3e72558c52f30f5173160e386ae3340a6c_DaySpa.jpg'}];2026-09-04T15:49:26+02:00
ca596c39-1665-44b8-b46f-553f8c5f3735;Mescalero Disco;Party bis in die frühen Morgenstunden;Das In-Lokal in Grindelwald. Hier wird während der Saison bis in die frühen Morgenstunden getanzt und gefeiert. Egal ob bei Livekonzerten oder Themenpartys – hier sind von Jung bis Junggeblieben alle Nachtschwärmer herzlich willkommen.;Dorfstrasse 136;3818;Grindelwald;+41 33 854 88 88 ;hotel@spinne.ch;https://www.spinne.ch/nightlife/mescalero-disco;[{'@type': 'ImageObject', 'contentUrl': 'https://jrtagpimtsoch.sos-ch-dk-2.exoscale-cdn.com/catalog/6/f/e/2/6fe2f622f1afc04b6fb5ebd81a8fd049f78348f9_Mescalero_Disco.jpg'}];2026-09-04T15:49:26+02:00
ca980c33-79a6-4ac9-9887-c9a3be67cdf1;Boulderraum;Bouldern – Klettern in Absprunghöhe und ohne Seilsicherung;Bouldern ist Klettern in Absprunghöhe und ohne Seilsicherung. Was zu Beginn eine Trainingsform war, hat sich zu einer eigenständigen Kletterdisziplin entwickelt – heute ist es die Trendsportart schlechthin.

An den Boulderwänden mit einer Fläche von 170 Quadratmetern kann auf Absprunghöhe so geklettert werden, wie man es sich in der Höhe nie zutrauen würde. Knifflige Kletterbewegungen können ausprobiert, die Fingerkraft trainiert und die Koordination und Körperbeherrschung mit viel Spass geschult werden.;8.035522339040838;46.62300125;Dorfstrasse 110;3818;Grindelwald;+41 33 854 12 30;sport@grindelwald.swiss;https://www.sportzentrum-grindelwald.ch;[{'@type': 'ImageObject', 'contentUrl': 'https://jrtagpimtsoch.sos-ch-dk-2.exoscale-cdn.com/catalog/3/1/d/1/31d12eab33707e76651a206575e02508c7d47be2_csm_Boulder_Grindelwald_by__1__936ba050d7.jpg'}];2026-09-04T15:49:26+02:00
caa7bc8f-90cd-46b0-8b54-749ba1a1f89c;Chalet Böbs Studio;Hier fühlst du dich Zuhause.;<p class="MsoNormal">Eine Ferienwohnung inmitten der Bergwelt. In unmittelbarer
Nähe zur Skipiste. Mitten im Wanderparadies. Wir freuen uns auf dich.&nbsp;</p><p>



</p><p class="MsoNormal">Über den Button gelangst du direkt zum Buchungsportal oder
kannst eine E-Mail für deine Reservationsanfrage an den Vermieter schicken.<o:p></o:p></p>;7.891946854009939;46.5572631;Beim Stadel 960F;3825;Mürren;info@chaletbobs.com;[{'@type': 'ImageObject', 'contentUrl': 'https://jrtagpimtsoch.sos-ch-dk-2.exoscale-cdn.com/catalog/8/c/9/0/8c9023c3927e78ee1466b4c28f1bd7e295affd14_M__rren_Chalet_B__bs_Sommer.jpg'}];2026-07-07T15:59:32+02:00
cac0f54d-6730-4893-a539-d7629745da9b;Grand Bazar Brunner;Souvenir-Shop im Herzen von Grindelwald.;<p><a href="http://https://www.google.com/maps/place/Grand+Bazar+Brunner/@46.6238227,8.0337933,1070m/data=!3m2!1e3!4b1!4m6!3m5!1s0x478f9b78b80e60db:0x2adc11e2ea8eed7a!8m2!3d46.6238227!4d8.0363682!16s%2Fg%2F11g1lsy77q?entry=ttu&amp;g_ep=EgoyMDI1MDIxNy4wIKXMDSoASAFQAw%3D%3D" style="font-weight: bold;">Zum Ziel navigieren ( Google Maps ) </a><br></p><p><br></p><p>Grand Bazar Brunner in Grindelwald bietet auf 130m2 eine breite Auswahl an Souvenirs, Bekleidung und Spielwaren. Entdecke handgefertigte Kunstwerke, traditionelle Textilien und originale Geschenkideen. Der Shop lädt dazu ein, in entspannter Atmosphäre durch das vielfältige Sortiment zu stören und die Besonderheit der Region zu entdecken. Ein Besuch im Grand Bazar Brunner verspricht ein einzigartiges Einkaufserlebnis inmitten der malerischen Kulisse von Grindelwald.&nbsp;</p>;8.036145012880352;46.62389226966938;3818;Grindelwald;+41 33 853 12 88;brunner@grandbazar.ch;https://www.grandbazar.ch;[{'@type': 'ImageObject', 'contentUrl': 'https://jrtagpimtsoch.sos-ch-dk-2.exoscale-cdn.com/catalog/6/8/6/0/686009b5ab8bf582aa4e1a9fc20abba560d7f3dc_Grand_bazar_brunner.jpg'}];2025-02-20T14:50:59+01:00
cc3b2c01-b41b-4508-bc09-58a9dda6eb44;Eldorado - Klettergebiete am Grimselpass;Klettern an einer 500 Meter hohen Granitplatte;Eines der wohl berühmtesten Klettergebiete am Grimselpass ist das Eldorado. Eine rund 500 Meter hohe Granitplatte mit Verschneidungen. Wer Reibungskletterei und Rissverschneidungen mag, ist hier genau richtig. Die bekannteste Route im Gebiet ist Motörhead.

Routen:

Motörhead 6b: Meist Riss- oder Verschneidungskletterei
Septumania 6a+: Vorwiegend Plattenkletterei
Schweiz Plaisir 6a+: Die ersten Längen Reibungskletterei, danach strukturierter Fels;8.3342965;46.572313;Grimselpass;+41 76 572 54 72;info@bergsteigerschule-rosenlaui.ch;https://www.bergsteigerschule-rosenlaui.ch;[{'@type': 'ImageObject', 'contentUrl': 'https://jrtagpimtsoch.sos-ch-dk-2.exoscale-cdn.com/catalog/3/0/b/6/30b64e6b959717acdbf18b50f8f4344f0b7b5bea_csm_Grimselsee_2_Haslital_Tourismus_8300294fb9.jpg'}];2026-09-04T15:49:26+02:00
cd7141e8-4165-4875-8fcd-122517627206;Hallenschwimmbad Mürren;;<p>Kraulen, Planschen oder sich treiben lassen im Bergdorf – das Hallenschwimmbad im Alpinen Sportzentrum Mürren eignet sich sowohl für genussvolles Freizeitschwimmen als auch für ambitioniertes Sportschwimmen. Die Anlage ist ideal für Schwimmklubs, die ein Wochenende oder eine ganze Woche lang trainieren möchten. Vormittags kann das Becken von Sportgruppen gemietet werden. Für die Zeit vor und nach dem Training stehen zudem zahlreiche weitere Trainingsmöglichkeiten zur Verfügung. INFRASTRUKTUR Becken 25x11 m, 28° Sprudelbecken 33° Kinderbecken 34° Outdoor Whirlpool 37° Garderoben für Damen, Herren und Familien Duschen, Toiletten Das Schwimmbad enthält nur wenig Chlor. STANDORT Das Hallenbad befindet sich im Alpinen Sportzentrum Mürren</p>;7.895324281060606;46.562483;Höhematte;3825;Mürren;info@sportzentrum-muerren.ch;[{'@type': 'ImageObject', 'contentUrl': 'https://jrtagpimtsoch.sos-ch-dk-2.exoscale-cdn.com/catalog/3/1/9/b/319b0058897371436b710df65c55c6b285b94d2d__JRT8791.jpg'}];2026-08-17T11:12:21+02:00
ce1702b0-4061-47f4-879f-78947cd3be76;Rooftop Wellness Hotel Kreuz & Post;Loslassen, träumen und auftanken in Grindelwald;Das Rooftop Wellness bietet – neben einer einzigartigen Sicht – folgende Angebote:

    Finnische Sauna
    Salz-Sauna
    Dampfbad
    Infrarotkabine
    Ruhebereich mit Cocoon Relax-Liegen
    Erlebnis Fussbeckenanlage

...und nach dem Saunabesuch einfach raus auf die Dachterrasse und tief durchatmen und entspannen!;8.034180243484641;46.62458205;Dorfstrasse 85 ;3818;Grindelwald ;+41 33 854 70 70;info@kreuz-post.ch;https://www.kreuz-post.ch/de;[{'@type': 'ImageObject', 'contentUrl': 'https://jrtagpimtsoch.sos-ch-dk-2.exoscale-cdn.com/catalog/a/f/3/f/af3ff72fa85dabfe32c737c23b47faec3975bb6b_rooftop_wellness_hotel_kreuz_und_post__4_.jpg'}];2026-09-04T15:49:26+02:00
cf676f4b-5c4e-44e1-8739-6916e9d23780;OUTDOOR – Bergsportschule Grindelwald;Erlebe die Natur aus nächster Nähe.;Die Bergsportschule Grindelwald hat das ganze Jahr unvergessliche Naturerlebnisse in ihrem Angebot – für Einsteiger*innen, aber auch für Bergprofis. Hier kannst du deine Bergkarriere starten, Neues kennenlernen, Bekanntes weiterentwickeln und sorglos die Natur geniessen. Egal ob ein Grundkurs im Bergsteigen, eine Skitour auf die Jungfrau oder eine Gipfelbesteigung via Mittellegigrat auf den Eiger.;8.0353585;46.6243265;Dorfstrasse 103;3818;Grindelwald;+41 33 224 07 01;info@outdoor.ch;https://outdoor.ch/de/bergsportschule/;[{'@type': 'ImageObject', 'contentUrl': 'https://jrtagpimtsoch.sos-ch-dk-2.exoscale-cdn.com/catalog/2/4/d/8/24d87fde8673ee4df17b8dc1c81f962c1484f35e_grindelwaldSPORTS_Bergsportschule__3_.jpg'}];2026-09-04T15:49:26+02:00
cfdb8a60-4b7b-4787-9aca-c1c40c200f4c;Bier-Bottich-Bad;Baden einmal anders;Ein Bad in den naturbelassenen Inhaltsstoffen des Gerstensafts, das Eintauchen in das würzig duftende und schäumende Biertrub wird zu einem unvergesslichen Erlebnis. Im Bier-Bottich-Bad vereint sich das Bedürfnis nach Entspannung, Körper- und Gesundheitspflege in wohl einzigartiger Form mit Unterhaltung und Geselligkeit.;8.2294363;46.7062022;3862;Innertkirchen;+41 33 971 19 51 ;reception-hof@bluewin.ch;https://hotel-hof-post.ch;[{'@type': 'ImageObject', 'contentUrl': 'https://jrtagpimtsoch.sos-ch-dk-2.exoscale-cdn.com/catalog/0/f/0/3/0f03f7cebbca1a5c2d7f7f5a3937e1f096f674af_bier_bottich_bad.jpg'}];2026-09-04T15:49:26+02:00
d10f2a09-3c7d-4dbf-b8d1-0f783b5c4c41;Ital-Max;Italienischer Genuss in Grindelwald.;<p><a href="https://www.google.ch/maps/place/Dorfstrasse+165,+3818+Grindelwald/@46.6240258,8.040616,19.75z/data=!4m10!1m2!2m1!1sdorfstrasse+165!3m6!1s0x478f9bfeb94e03e1:0x589088583b1e6c16!8m2!3d46.6242147!4d8.0411507!15sCg9kb3Jmc3RyYXNzZSAxNjWSARFjb21wb3VuZF9idWlsZGluZ-ABAA!16s%2Fg%2F11bw4prxx4?hl=de&amp;entry=ttu&amp;g_ep=EgoyMDI1MDMwNC4wIKXMDSoASAFQAw%3D%3D" target="_blank" style="font-weight: 700;">Zum Ziel navigieren (Google Maps)</a></p><p><br></p><p>Der kleine Lebensmittelladen in Grindelwald bietet dir eine Auswahl an italienischen Produkten. Hier findest du hochwertige Weine, Alkohol, Getränke, regionale Käsesorten, leckere Pasta und süsses Gebäck – alles, was du für einen besonderen Genuss brauchst!</p>;8.04130017757416;46.62425699359382;Dorfstrasse 165;3818;Grindelwald;+41 78 735 80 20;[{'@type': 'ImageObject', 'contentUrl': 'https://jrtagpimtsoch.sos-ch-dk-2.exoscale-cdn.com/catalog/6/9/b/c/69bc8d79b847668e7be13bea9b1e11f78b40f4ee_DSC05204.JPG'}];2025-03-11T08:32:06+01:00
d27b8af9-b4de-4f78-9194-445303af8bf2;Freibad Hellbach Grindelwald;Schwimmen, Chillen und Plantschen am Fusse der Eiger-Nordwand.;<p><strong><a href="https://www.google.ch/maps/place/Freibad+Hellbach/@46.6234642,8.0231344,17z/data=!3m1!4b1!4m6!3m5!1s0x478f997d5c78e66f:0x14ba3972fe271c39!8m2!3d46.6234642!4d8.0257093!16s%2Fg%2F11v_4s78yp?hl=de&amp;entry=ttu&amp;g_ep=EgoyMDI0MTIxMS4wIKXMDSoASAFQAw%3D%3D" rel="noopener noreferrer" target="_blank">Zum Ziel navigieren (Google Maps)</a></strong></p><p></p><p>Das Freibad Hellbach ist der ideale Ort, um sich zu entspannen und zu erholen. Schwimmbecken (25 m) Becken für Nichtschwimmer (20 m) mit 45 m Rutschbahn Kinderbassin (ca. 8 m Rundbecken) mit Sonnensegel Wasserfall mit Nackendusche Sprudelanlage Liegewiese Spielwiese Tischtennis Fitnesskurse</p>;8.025845289230348;46.62357913769067;Hellbachweg 1a;3818;Grindelwald;+41 33 853 33 90;hellbach@gemeinde-grindelwald.ch;https://www.gemeinde-grindelwald.ch/wohnen-arbeit/freibad-hellbach/;[{'@type': 'ImageObject', 'contentUrl': 'https://jrtagpimtsoch.sos-ch-dk-2.exoscale-cdn.com/catalog/c/e/4/a/ce4acb7c554f2a95955c42dc957334a08b7afb23_Freibad_Grindelwald_Wasser.jpg'}];2026-09-04T15:49:28+02:00
d3841d55-623f-4c61-911e-909c762d6fae;OUTDOOR – Schweizer Skischule Grindelwald;Die Expertin für alle Schneesportbereiche;Egal ob Ski, Snowboard, Langlauf, Telemark, Freestyle oder Freeride. Bei der Schweizer Skischule Grindelwald sind von klein bis gross alle herzlich willkommen – und das seit 1937.

In kleinen Gruppen und nach den Richtlinien von Swiss Snowsports werden alle Levels unterrichtet. Und wenn du einen auf deine persönlichen Bedürfnisse abgestimmten Unterricht wünschst, ist Privatunterricht genau das Richtige für dich.

Das eigene Anfängergelände, die bodmiARENA mitten in Grindelwald, bietet mit Tellerlift, Zauberteppich und Schlitteln nicht nur die perfekte Infrastruktur für Anfänger*innenunterricht, sondern auch Spass für die ganze Familie. Und natürlich kann auch in allen anderen Regionen der Jungfrau Region Unterricht gebucht werden – von der First, über den Männlichen und die Kleine Scheidegg bis zum Skigebiet Mürren-Schilthorn.;8.0353585;46.6243265;Dorfstrasse 103;3818;Grindelwald;+41 33 224 07 02;info@outdoor.ch;https://outdoor.ch/de/schweizer-skischule-grindelwald/;[{'@type': 'ImageObject', 'contentUrl': 'https://jrtagpimtsoch.sos-ch-dk-2.exoscale-cdn.com/catalog/3/e/7/2/3e7290bb436fe9827d7908c300d2bc125b1e26d0_grindelwaldSports__1_.jpg'}];2026-09-04T15:49:28+02:00
d3cbc210-61d0-4831-a502-d6037a5f70a4;Restaurant Pinte;Gute Schweizer Küche in traditioneller Gaststube geniessen;<p>In der traditionsreichen Gaststube «Pinte» treffen seit jeher lokale Stammgäste auf reisende Abenteurer, erfreuen sich an der guten Schweizer Küche und stossen auf das Leben an. Das Hotel Bellevue-Pinte ist das älteste Hotel in Grindelwald und gehört zur Bergwelt Grindelwald, dem neuen Alpine Design Resort.</p>;8.03953528404236;46.6236158630776;Dorfstrasse 157;3818;Grindelwald;+41 33 854 85 85;pinte@bergwelt-grindelwald.com;https://bellevue-pinte.ch/;[{'@type': 'ImageObject', 'contentUrl': 'https://jrtagpimtsoch.sos-ch-dk-2.exoscale-cdn.com/catalog/c/d/4/5/cd459801cdae2840dc5dd63af1c188fcfa9f90e5_dariasofie_8818.jpg'}];2026-09-04T15:49:28+02:00
d4d53365-09e0-4a78-9ee4-54427921543c;Pizzeria Gasthof Bären;Pasta und Pizza mit viel Herzblut;Mit purer Italianità, grosser Lebensfreude und maximalem Können erobert die aufgestellte Belegschaft des Hotel Bären dein Herz und deinen Magen.

Pasta und Pizza werden nach alten Rezepten und mit viel Herzblut stets hausgemacht und frisch zubereitet – und sie warten nur darauf, von glücklichen Gästen gekostet zu werden.

Nach einem wilden, kräftezehrenden Konzert im Hotel Wetterhorn, kannst du dich mit knuspriger, herzhafter Pizza wieder aufpäppeln lassen. Diese wird nämlich gleich ins Haus geliefert. Echt? Ja, denn das Hotel Bären gehört neu zur Sinnvoll Gastro und wird vom Wetterhorn aus geleitet.

Neugierig geworden? Schwing dich den Berg hoch und lass dich verwöhnen. Das Tessin reicht viel weiter nördlich als man glaubt. Es beginnt schon auf dem Brünigpass.;8.169911669172103;46.7522656;Sattel 35c;6083;Hasliberg Hohfluh;+41 33 522 13 22;info@diepizzeria.ch;https://sinnvollgastro.ch/unsere-betriebe/gasthof-baeren;[{'@type': 'ImageObject', 'contentUrl': 'https://jrtagpimtsoch.sos-ch-dk-2.exoscale-cdn.com/catalog/0/8/9/e/089e755a40b3572442ec20ef4b0c9ee30a4f339b_Pizzeria_Gasthof_B__ren.jpg'}];2026-08-06T12:02:11+02:00
d7b7bce9-cc36-4145-b36d-a723b094f812;Airtime Café;Airtime Café in Lauterbrunnen. ;Das Airtime Café in Lauterbrunnen bietet eine einzigartige Mischung aus einem Café und einer NFT-Galerie. Das Café befindet sich in der Strasse Auf der Fuhren 452d und ist bekannt für sein exklusives Staubbach-Bier, das nur vor Ort erhältlich ist. Das Café bietet ausserdem eine Vielzahl von Speisen und Getränken an, darunter auch eine spezielle Eisschokolade mit Alkohol.;7.907276726109892;46.5951042;auf der Fuhren 452d;3822;Lauterbrunnen ;+41 33 855 15 15;https://airtime.ch/;[{'@type': 'ImageObject', 'contentUrl': 'https://jrtagpimtsoch.sos-ch-dk-2.exoscale-cdn.com/catalog/b/7/7/e/b77ea08367e71ee1c8a403abd5aa4bc76810d0b5_PIM_Eintrag_Caf___Lauterbrunnen.jpg'}];2026-09-04T15:49:28+02:00
d9223f97-0cf7-4a02-aad0-30b3eb752fab;Eiger Spa Massagen - Fitness und Soul;Gib Körper, Geist und Seele eine harmonische Zusammenkunft.;<p>Unsere Massagen werden ganz auf deine Wünsche und Bedürfnisse abgestimmt. Du wählst nach Gefühl und Bedarf die benötigte Form und Dauer der Berührung aus und unsere Therapeuten wenden ihr breites Wissen und Können für eine passende Behandlungsart an. Der Fokus bist ganz klar du! Gerne verwöhnen wir dich mit unseren natürlichen und wohltuenden Alpinen Produkten (Kraft der Alpen).</p><p><ul></ul></p><ul><li>Soul Massage</li><li>Klassische Massage</li><li>Paarmassage</li><li>Shiatsu</li><li>Fuss Reflexzonen Massage</li></ul><p></p>;8.038178086280825;46.62369935918401;Dorfstrasse 133;3818;Grindelwald;+41 33 854 31 31;spa@eiger-grindelwald.ch;https://www.eiger-grindelwald.ch;[{'@type': 'ImageObject', 'contentUrl': 'https://jrtagpimtsoch.sos-ch-dk-2.exoscale-cdn.com/catalog/0/0/1/3/00139bf323014987db527cda2d4a04e0bf716482_Massage.jpg'}];2025-05-12T14:29:08+02:00
d95f545f-1d2c-4626-9990-76e5c7eb3b50;Übungsgelände Schneesport Mürren;Mitten im Dorf das Skifahren erlernen;Achtung, fertig, Stemmbogen! Auf dem leicht schrägen Gelände lernen hier Anfänger*innen die ersten Kurven auf dem Schnee zu machen. Die Skischule freut sich über neue Gesichter und hilft mit Freude, das Ski- und Snowboardfahren zu erlernen.

Die Lifte werden von der Schweizer Skischule betrieben, das Skischulbüro befindet sich gleich nebenan.
Die Beaufsichtigung der Lifte wird durch die Schneesportlehrer*innen gewährleistet. Der Skischulunterricht hat Vorrang.&nbsp;;7.893826961517335;46.56162040486761;Haus Finel;3825;Mürren;+41 33 855 12 47;info@skischule-muerren.ch;https://www.skischule-muerren.ch;[{'@type': 'ImageObject', 'contentUrl': 'https://jrtagpimtsoch.sos-ch-dk-2.exoscale-cdn.com/catalog/2/0/1/a/201a0f35b80b1db2b1462b41e7999df2c6518973_Uebungsgelaende_Muerren.jpg'}];2026-09-04T15:49:28+02:00
da5a01be-2853-41c1-90e4-689484002e42;Bank BEKB Grindelwald;BEKB-Filiale in Grindelwald.;<p><strong><a href="https://www.google.com/maps/place/Berner+Kantonalbank+AG+BEKB+%7C+BCBE/@46.6242421,8.0326673,880m/data=!3m2!1e3!4b1!4m6!3m5!1s0x478f99559380f155:0x6bfd6f867cb62f2e!8m2!3d46.6242421!4d8.0352422!16s%2Fg%2F1tk66ls8?entry=ttu&amp;g_ep=EgoyMDI1MDQxMy4wIKXMDSoASAFQAw%3D%3D" rel="noopener noreferrer" target="_blank">Zum Ziel navigieren (Google Maps) </a></strong></p><p></p><p></p><p>Die Berner Kantonalbank (BEKB) bietet in ihrer Filiale in Grindelwald umfassende Bankdienstleistungen an. Du findest sie an der Dorfstrasse 101.</p>;8.035245610533753;46.624232424379166;Dorfstrasse 101;3818;Grindelwald;+41 33 854 13 31;[{'@type': 'ImageObject', 'contentUrl': 'https://jrtagpimtsoch.sos-ch-dk-2.exoscale-cdn.com/catalog/6/7/b/7/67b7aff853355371d7fb70e3f543af6cdb7578fe_DSC05275.JPG'}];2026-07-07T15:59:32+02:00
db9d3a94-bf49-488c-85cc-b9c1d52e2f8e;Nirggen 2 Bett Wohnung Studio;Hier fühlst du dich Zuhause.;<p class="MsoNormal">Eine Ferienwohnung inmitten der Bergwelt. In unmittelbarer
Nähe zur Skipiste. Mitten im Wanderparadies. Wir freuen uns auf dich.</p><p>



</p><p class="MsoNormal">Über den Button gelangst du direkt zum Buchungsportal oder
kannst eine E-Mail für deine Reservationsanfrage an den Vermieter schicken.<o:p></o:p></p>;8.027409152815206;46.6219239;Nirggenstrasse 56;3818;Grindelwald;+41 33 853 57 04;chalet.nirggen@bluewin.ch;https://www.holidays-grindelwald.ch;[{'@type': 'ImageObject', 'contentUrl': 'https://jrtagpimtsoch.sos-ch-dk-2.exoscale-cdn.com/catalog/6/5/b/d/65bde62a2bbad00645df8ec354085579e95d1371_Nirggen_Sommer.jpg'}];2026-09-04T15:49:28+02:00
dbe8523d-df3a-46df-97ec-094869dfa005;Photo Fritz Wengen;Souvenirs, Unterhaltungselektronik/Optik, Fotografie und Spielwaren;Das «Photo-House» wurde 1926 von Walter Gabi gebaut. Fritz Lauener übernahm das Geschäft von seinem Lehrmeister Julius Burch 1961 und änderte den Namen in «FotoFritz». Mit der Zeit wandelte sich das Geschäft vom reinen Fotogeschäft zu einem Souvenirgeschäft mit Fotoartikeln, Ausrüstung, Zubehör und Spielwaren. Fritz und Therese Lauener-Juillerat‘s Sohn Christian Lauener führt das Geschäft seit 2014, um unsere nationalen und internationalen Gäste hier in Wengen zu bedienen.;7.9209979;46.6059345;Dorfstrasse;3823;Wengen;https://www.photofritz.ch;[{'@type': 'ImageObject', 'contentUrl': 'https://jrtagpimtsoch.sos-ch-dk-2.exoscale-cdn.com/catalog/a/9/a/e/a9aed190e24e6551ae177c466b3427515dfffa9c_WengenWinter.jpg'}];2026-09-04T15:49:28+02:00
dccf4252-e15e-4f34-b8f9-143f25f8e417;Curling Mürren;Beim Alpinen Sportzentrum stehen dir sechs Aussenplätze und drei Indoor-Rinks zur Verfügung.;<p>Vor dem Panorama von Eiger, M&ouml;nch und Jungfrau auf dem Freiluft-Feld zu spielen, ist f&uuml;r viele G&auml;ste ein Highlight.<br><br>Neben individuellem Curling werden in M&uuml;rren auch verschiedene Turniere ausgetragen. Lust teilzunehmen oder in einer privaten Curling-Lektion den Sport kennenzulernen? Das Team vom Alpinen Sportzentrum beantwortet gerne deine Fragen und nimmt Anmeldungen entgegen. <br><br>Curling hat in M&uuml;rren eine lange Tradition. Der erste Curling Club wurde 1911 gegr&uuml;ndet und hiess &laquo;M&uuml;rren CC&raquo;. 1934 wurde dann der noch heute existierende &laquo;CC M&uuml;rren-T&auml;chi&raquo; gegr&uuml;ndet. <br><br>Auf dem grossen Eisfeld vor dem Sportzentrum befinden sich sechs Rinks.&nbsp;Das Indoorfeld bietet weitere drei Rinks.<br><br>Alles n&ouml;tige Material f&uuml;r Curling und Eisstockschiessen wie Steine, Besen und Slider stehen zur Verf&uuml;gung. <br><br>Zudem haben wir Curlingplausch f&uuml;r Gruppen im Angebot &ndash; Ap&eacute;ro inklusive. Dabei wirst du in die Geheimnisse des Curlings (falls gew&uuml;nscht auch Eisstockschiessens) eingeweiht und erh&auml;ltst Tipps, wie sich das Spiel einfach erlernen l&auml;sst. Im Curling treten jeweils zwei Viererteams gegeneinander an. Im Caf&eacute; Hugs &amp; Cups kannst du den Abend dann mit einem w&auml;rmenden Ap&eacute;ro ausklingen lassen.<br><br></p>;7.895324281060606;46.562483;Höhematte;3825;Mürren;+41 33 856 86 86;info@sportzentrum-muerren.ch;https://www.sportzentrum-muerren.ch/;[{'@type': 'ImageObject', 'contentUrl': 'https://jrtagpimtsoch.sos-ch-dk-2.exoscale-cdn.com/catalog/1/f/3/3/1f33e4ea9f567f1f9c5d14098edcdec722c8e4db_curling_muerren.jpg'}];2026-09-04T15:49:28+02:00
de1e3a39-28f9-4658-a9c8-eed23540ad29;Hotel Jungfrau;Unser Hotel liegt direkt gegenüber einem der spektakulärsten Wasserfälle der Region – dem Staubbachfall. Dieses Wahrzeichen von Lauterbrunnen, der höchste frei fallende Wasserfall der Schweiz mit einer Höhe von 297 Metern, ist von den Fenstern unseres Hotels aus in seiner ganzen Pracht zu sehen. Das Hotel Jungfrau bietet nicht nur eine einzigartige Lage, sondern auch eine warme, freundliche Atmosphäre und hochwertige Dienstleistungen, die Ihren Aufenthalt bei uns unvergesslich machen werden. Wir bieten Ihnen komfortabel eingerichtete Zimmer mit Blick auf die umliegenden Berge und Wasserfälle, die Ihnen die gewünschte Entspannung und Ruhe garantieren. ;7.907101;46.5939409;Fuhren 434;3822;Lauterbrunnen;+41 77 977 11 06;info@jungfrau-lauterbrunnen.ch;https://jungfrau-lauterbrunnen.ch/;[{'@type': 'ImageObject', 'contentUrl': 'https://jrtagpimtsoch.sos-ch-dk-2.exoscale-cdn.com/catalog/1/6/3/5/1635c68d255553540b22885c3b2d444c59d6d753_Hotel_Jungfrau.jpg'}];2026-09-04T15:49:28+02:00
ded27ba9-070d-4adb-a41f-bfae67d5fa93;Engstlenalp;Klettern mit Panorama;Der Fels rund um die Engstlenalp ist griffig, die Absicherung gut und  das Panorama wunderbar. Im Gebiet gibt es über 70 Routen von 4c bis 7a. Die meisten sind Seillängen, wenige zwei oder mehr Längen. An einem heissen Sommertag lädt der Engstlensee zu einem erfrischenden Bad ein. Zum Übernachten empfiehlt sich das Hotel Engstlenalp. 

Schwierigkeitsgrad: 4c - 7a;8.340554237365724;46.77981888218351;3862;Engstlenalp-Innertkirchen;+41 76 572 54 72;info@bergsteigerschule-rosenlaui.ch;https://www.bergsteigerschule-rosenlaui.ch;[{'@type': 'ImageObject', 'contentUrl': 'https://jrtagpimtsoch.sos-ch-dk-2.exoscale-cdn.com/catalog/6/a/e/3/6ae33c52c1baa45e7d4a606cc3669ad1013e92ea_Engstlenalp_Haslital_Sommer_byDavidBirri.jpg'}];2026-09-04T15:49:28+02:00
dedaa39d-153c-4283-93b8-e6989b77135c;OstheoAspi;Im Aspi finden Sie ein breites Angebot, das Ihnen hilft, ihr Wohlbefinden zu steigern. Unser Team berät Sie gerne, damit Sie die passende Behandlung erhalten.;<p><a href="https://www.google.com/maps/place/OsteoAspi,+Francis+Geldof/@46.6169582,8.0415845,2319m/data=!3m2!1e3!4b1!4m6!3m5!1s0x478f9c0645c5e991:0xe1678f781ab23a0!8m2!3d46.6169545!4d8.0441594!16s%2Fg%2F11bbrn0cbq?entry=ttu&amp;g_ep=EgoyMDI0MTEyNC4xIKXMDSoASAFQAw%3D%3D" target="_blank" style="font-weight: bold;">Zum Ziel navigieren (Google Maps)</a></p><p><br></p><p>Im Aspi bieten wir ein vielfältiges Angebot, das darauf ausgerichtet ist, Ihr Wohlbefinden zu fördern und zu steigern. Unser erfahrenes Team steht Ihnen mit einer umfassenden Beratung zur Seite, um gemeinsam mit Ihnen die für Sie passende Behandlung zu finden. Wir nehmen uns die Zeit, Ihre individuellen Bedürfnisse zu verstehen und bieten massgeschneiderte Lösungen, die auf Ihre Gesundheit und Ihr Wohlgefühl abzielen. Zögern Sie nicht, uns anzusprechen, damit wir Ihnen bei der Wahl der richtigen Therapie helfen können.</p>;8.044165647147912;46.6169812;3818;Grindelwald;+41 79 666 26 50;info@osteoaspi.ch;https://www.osteoaspi.ch/;[{'@type': 'ImageObject', 'contentUrl': 'https://jrtagpimtsoch.sos-ch-dk-2.exoscale-cdn.com/catalog/8/f/7/b/8f7be3e064fa98be9f611551bd037a20054b850e_Screenshot_2024_11_29_094011.png'}];2026-07-07T15:59:33+02:00
e0d02dc5-6e29-4ca5-98ad-fb2e90aa0f28;Fanky's;Produkten für Wohlbefinden, Spiel und liebevolle Geschenke.;<p style="margin: 0in;"><span style="background-image: initial; background-position: initial; background-size: initial; background-repeat: initial; background-attachment: initial; background-origin: initial; background-clip: initial; font-weight: bold;"><a href="https://www.google.ch/maps/place/Fanky's+Irene+Fankhauser/@46.6243883,8.0430088,21z/data=!4m6!3m5!1s0x478f9b00410d6d49:0xf8803d544c1c6701!8m2!3d46.6245457!4d8.0429225!16s%2Fg%2F11y45d8r5x?entry=ttu&amp;g_ep=EgoyMDI1MDMxOS4yIKXMDSoASAFQAw%3D%3D" target="_blank">Zum Ziel navigieren (Google Maps)</a></span></p><p style="margin: 0in;"><span style="background-image: initial; background-position: initial; background-size: initial; background-repeat: initial; background-attachment: initial; background-origin: initial; background-clip: initial; font-weight: bold;"><br></span></p><p style="margin: 0in;"><br></p><p style="margin: 0in;">Ein vielfältiges Sortiment an Unterwäsche, Nachtwäsche, Modeschmuck, Wolle mit Zubehör sowie Holzspielzeug, Kinderbüchern und liebevollen Accessoires für Babys.</p>;8.042829036712648;46.62440436164195;Dorfstrasse 193;3818;Grindelwald;+41 33 853 28 82;[{'@type': 'ImageObject', 'contentUrl': 'https://jrtagpimtsoch.sos-ch-dk-2.exoscale-cdn.com/catalog/6/d/f/1/6df1b362174d3d58268f06e172650937f4eafe91_DSC05219.JPG'}];2025-03-25T15:11:33+01:00
e11b743e-6c17-4fb1-b68c-1a0116106bc6;Intersport Rent-Network Terminal;Die Hauptfiliale im Grindelwald V-Bahn Terminal;<p class="MsoNormal"><a href="https://www.google.com/maps/place/INTERSPORT+Rent-Network+Grindelwald+Terminal+Switzerland/@46.6249201,8.0181635,19.25z/data=!4m6!3m5!1s0x478f994d52393e1b:0x61c182c5113b5501!8m2!3d46.6245955!4d8.0189507!16s%2Fg%2F1tj3jzvj?entry=ttu&amp;g_ep=EgoyMDI1MDIwMy4wIKXMDSoASAFQAw%3D%3D" target="_blank" style="font-weight: bold;">Zum Ziel navigieren (Google Maps)</a></p><p class="MsoNormal"><br></p><p class="MsoNormal">Intersport Rent-Network in Grindelwald bietet eine breite Palette an Ausrüstungsverleih für Sommer- und Wintersportarten. Mit fünf Standorten in der Region, darunter das Grindelwald Terminal, die Bergstation First, die Bergstation Männlichen, das Hotel Sunstar und eine Filiale in Lauterbrunnen, ist es einfach, Ausrüstung für Aktivitäten wie Skifahren, Snowboarden oder Mountainbiken zu mieten, je nach Saison.</p><p class="MsoNormal">Neben dem Verleih bietet Intersport Rent-Network auch den Verkauf von Sportgeräten an. Eine Online-Reservierung der Ausrüstung ist ebenfalls möglich, was die Planung der Aktivitäten erleichtert.</p><p class="MsoNormal">Die Geschäfte sind während der Wintersaison täglich geöffnet, wobei die Öffnungszeiten je nach Standort variieren. Weitere Details zu den Preisen und dem Verleihangebot sind auf der Website von Intersport Rent-Network verfügbar.</p>;8.018683447716352;46.62468088927518;Grundstrasse 54;3818;Grindelwald;+41 33 853 04 00;info@rentnetwork.ch;http://www.rentnetwork.ch;[{'@type': 'ImageObject', 'contentUrl': 'https://jrtagpimtsoch.sos-ch-dk-2.exoscale-cdn.com/catalog/e/3/a/0/e3a05d942b4df9ed82107b86c6d9fad4bfe0dc43_Rent_Network_Terminal.jpg'}];2025-04-07T14:15:24+02:00
e1ef2b7d-4188-4ded-90da-87e140e879a6;Wellness im Grand Hotel Belvedere;<p>Das oberhalb des Lauterbrunnentals gelegene Grand Hotel Belvedere besticht durch seinen atemberaubenden Blick auf die Jungfrau und vermittelt sofort ein Gef&uuml;hl von Ruhe und Geborgenheit. Inmitten der Berglandschaft und im Einklang mit der Natur beginnt hier Ihre ganz pers&ouml;nliche Wellness-Reise. Den Auftakt bildet unser Spa, das sich nahtlos in die Landschaft einf&uuml;gt und eine wunderbare Aussicht auf die umliegenden G&auml;rten und W&auml;lder bietet. Einfach &uuml;berw&auml;ltigend! Spa-Behandlungen:</p><ul><li>Susanne Kaufmann K&ouml;rpermassage 60 Min., CHF 190</li><li>Glow Facial 60 Min., CHF 210</li><li>Taste of Stillness (Day Spa mit Mittagessen auf unserer belebten Terrasse im Sonnenbad)</li><li>Morning Ritual (Day Spa mit Fr&uuml;hst&uuml;ck inkl. Produkten aus der Region)</li></ul><p>&nbsp;</p>;7.9192583;46.6088082;Im Gruebi 1440;3823;Wengen;+41 33 856 67 00;grandhotelbelvedere@beaumier.com;https://www.beaumier.com/de/properties/grand-hotel-belvedere/;[{'@type': 'ImageObject', 'contentUrl': 'https://jrtagpimtsoch.sos-ch-dk-2.exoscale-cdn.com/catalog/c/c/f/6/ccf6c6eedd6c071bffa3ecbf181e4c5040987656_Beaumier_GrandHotelBelvedere_Exterior_JonathanDucrest_DSCF2234.jpg'}];2026-02-05T15:02:31+01:00
e2254e3f-9f69-41f4-b079-baf0c1429eb6;Bank Raiffeisen Grindelwald;Raiffeisenbank in der Jungfrau Region seit über 95 Jahren.;<p><strong><a href="https://www.google.com/maps/place/Raiffeisenbank+Jungfrau+%E2%80%93+Gesch%C3%A4ftsstelle+Grindelwald/@46.6244946,8.0323875,880m/data=!3m2!1e3!4b1!4m6!3m5!1s0x478f9955ea6feadf:0xd02835858a1aa289!8m2!3d46.6244946!4d8.0349624!16s%2Fg%2F11h09m9p4?entry=ttu&amp;g_ep=EgoyMDI1MDQxMy4wIKXMDSoASAFQAw%3D%3D" rel="noopener noreferrer" target="_blank">Zum Ziel navigieren (Google Maps) </a></strong></p><p></p><p>Die Raiffeisenbank Jungfrau ist seit über 95 Jahren in der Jungfrau Region verwurzelt. Mit 10 Standorten bieten sie umfassende Beratung in allen Finanz fragen.</p>;8.036730532309255;46.623717825776005;3818;Grindelwald;+41 33 828 82 88;jungfrau@raiffeisen.ch;[{'@type': 'ImageObject', 'contentUrl': 'https://jrtagpimtsoch.sos-ch-dk-2.exoscale-cdn.com/catalog/8/d/f/d/8dfd7c90341e24e60f4758a1fe93147a7537cddb_image__2_.jpg'}];2026-07-07T15:59:33+02:00
e36f4f12-0c74-4634-acd5-5e99b794a2bb;Eigermilch Grindelwald;Traditionelle Molkereiprodukte der Eigermillch AG in Grindelwald.;Die Eigermilch AG in Grindelwald bietet eine Reihe von Molkereiprodukten an, darunter Joghurts mit niedrigem Zuckergehalt, Vollmilckquark in natürlichen und aromatisierten Varianten, Eigerbutter in zwei Grössen und pasteurisierte Eiger-Milch mit mindestens 3.5% Fett. Das Käsesortiment umfasst Natur Mutschli, Pfeffer Mutschli, Alpenkräuter Mutschli, Bergsteiger Käse, BBergkäse, Ziegenmutschli, Weisse Spinne, Eiger Fondue-Mischung und Raclette-Käse in verschiedenen Geschmacksrichtungen, alle hergestellt mit Milch aus dem Berner Oberland.&nbsp;;8.0288104;46.6184509;Wärgistalstrasse 4;3818;Grindelwald;+41 33 853 19 20;info@eigermilch.ch;https://www.eigermilch.ch/;[{'@type': 'ImageObject', 'contentUrl': 'https://jrtagpimtsoch.sos-ch-dk-2.exoscale-cdn.com/catalog/d/4/6/6/d466df099adeb0062149316e8627f5daa4bb34a5_Eigermilch_Grindelwald.jpg'}];2026-09-04T15:49:28+02:00
e49d22b8-0ad8-45d9-9e53-a265bb38fe4c;Wellness und SPA im Romantik Hotel Schweizerhof;Lass den Alltag hinter dir;<p>In der Erlebniswelt erwartet dich ein beheiztes Hallenbad, eine Sonnenterrasse, Dampfad, Biosauana, Finische Sauna, Gletschergrotte, Erlebnisdusche und Kneipp-Becken. Ausserdem findest du ein grosses Angebot an Massagen und Anwendungen.</p><p>Profitiere bei einer Buchung von 50% Erm&auml;ssigung auf den Tageseintritt. Du kannst aber auch deine ganz pers&ouml;nliche Wellness-Oase erleben. Der Private Spa kann f&uuml;r folgende Anwendungen reserviert werden:&nbsp;</p><p>&bull; Candle Light Schaumbad <br>&bull; Romantisches Rosenbl&uuml;ten Bad <br>&bull; Lagunenbad <br>&bull; diverse Aromab&auml;der deiner Wahl Alle Private SPA-Anwendungen beinhalten 30 Minuten Bad mit je einem Glas Prosecco, sowie 20 Minuten Nachruhen mit einer Tasse Tee bei romantischen Kl&auml;ngen und D&uuml;ften.</p>;8.031845342135924;46.62555165;Swiss Alp Resort 1 ;3818;Grindelwald ;+41 33 854 58 58;info@hotel-schweizerhof.com;https://www.hotel-schweizerhof.com;[{'@type': 'ImageObject', 'contentUrl': 'https://jrtagpimtsoch.sos-ch-dk-2.exoscale-cdn.com/catalog/0/a/7/7/0a77226b62e2dfbab1d1a736d157a35c23e2c9db_Private_Spa_Whirlen_Luminanz_16zu9_300dpi_CMYK.jpg'}];2026-09-09T12:21:55+02:00
e57d2e46-dcc1-46c3-9d85-cbf1874b43b8;UMAMI Japanese Restaurant;Ramen & Sushi Köstlichkeiten;Gleichzeitig mit der Eröffnung der Grindellodge freuen wir uns, das erste japanische Restaurant in Grindelwald, das Umami, im Erdgeschoss des Hotels vorzustellen.

Unter der Leitung des aus Tokio stammenden Küchenchefs Shota Hasegawa bietet das Umami ein köstliches japanisches Ramen- und Sushi-Menü. Die Gäste können sich mit authentischen Ramen-Nudelsuppen, frischem Sushi, knusprigem Tempura und schmackhaften Donburi-Reisschalen verwöhnen lassen.;8.049588829181747;46.6294861;Obere Gletscherstrasse 41;3818;Grindelwald;+41 33 853 37 90;info@umamiworks.ch;https://www.umamiworks.ch/de/;[{'@type': 'ImageObject', 'contentUrl': 'https://jrtagpimtsoch.sos-ch-dk-2.exoscale-cdn.com/catalog/0/e/0/d/0e0d466747a9d8c61bfdb5b9075ff7cfcd222478_Restaurant_Umami.png'}];2026-06-24T10:39:59+02:00
e59af5e8-c771-4a38-af43-8245fef97eeb;Tourist Center Lauterbrunnen;Lass dich von unseren erfahrenen Mitarbeitenden persönlich beraten und hol dir wertvolle Tipps für unvergessliche Ferien im Lauterbrunnental.;<p class="isSelectedEnd">Das Tourist Center Lauterbrunnen unterst&uuml;tzt dich bei der Planung deines Aufenthalts und bietet dir wertvolle Informationen zu Ausfl&uuml;gen, Sehensw&uuml;rdigkeiten, Wanderungen, Bergbahnen und weiteren Erlebnissen in der Region.</p><p>Kaufe deine Tickets schnell und unkompliziert direkt bei uns vor Ort. Ausserdem erh&auml;ltst du die neuesten Informationen zum Betriebsstatus der Bergbahnen, Wanderwege und weiteren Angeboten in der Region.</p>;7.907447;46.596996;Stutzli 460;3822 ;Lauterbrunnen;info@lauterbrunnen.swiss;[{'@type': 'ImageObject', 'contentUrl': 'https://jrtagpimtsoch.sos-ch-dk-2.exoscale-cdn.com/catalog/1/0/9/8/1098ecd5d3f314940634f3e26dbe999bcd76e073_crop4x3__Lauterbrunnen_Dorf.jpg'}];2026-08-18T13:13:25+02:00
e699f6f5-e96d-478d-9212-97d39ddd7f44;Haslitaler Päckli;Geschenkpakete mit regionalen Schweizer Spezialitäten für einen Geschmack der Schweiz.;Haslitaler Päckli bietet eine kulinarische Reise durch die Schweiz mit Geschenkpaketen gefüllt mit regionalen Spezialitäten aus verschiedenen Schweizer Regionen. Das Unternehmen, das 2013 mit dem Walliser Päckli gegründet wurde, hat seither mit dem Haslitaler Päckli und anderen Geschenkkörben expandiert und plant weitere regionale Spezialitäten.&nbsp;;8.1870934;46.7285518;[{'@type': 'ImageObject', 'contentUrl': 'https://jrtagpimtsoch.sos-ch-dk-2.exoscale-cdn.com/catalog/3/6/c/7/36c777fc9b7b4c0c5c3a439dd545ed079b57bb53_Haslitaler_P__ckli.jpg'}];2026-09-04T15:49:30+02:00
e6e0fd68-d83a-4064-b824-0058aad21def;Lindt Chocolate Shop;Im malerischen Bergdorf Grindelwald erwartet dich die Lindt Boutique mit einer Auswahl an exquisiten Schokoladenprodukten.;<p data-start="49" data-end="275"><a href="https://www.google.com/maps/place/Lindt+Chocolate+Shop+Grindelwald+Terminal/@46.62468,8.0183417,19z/data=!3m1!4b1!4m6!3m5!1s0x478f9903f87d0b5b:0x5f01cade791d8b56!8m2!3d46.62468!4d8.0189868!16s%2Fg%2F11lkhmktb1?entry=ttu&amp;g_ep=EgoyMDI1MDIyNi4xIKXMDSoASAFQAw%3D%3D" target="_blank" style="font-weight: 700;">Zum Ziel navigieren (Google Maps)</a></p><p data-start="49" data-end="275"><br></p><p data-start="49" data-end="275">Im Grindelwald Terminal, erwartet dich die Lindt Boutique mit einer Auswahl an zartschmelzenden Schokoladenkreationen. Ob als Skifahrer im Winter, begeisterter Wanderer im Sommer oder genussvoller Schokoladenliebhaber – die Lindt Boutique ist der perfekte Ort für eine genussvolle Auszeit. Nutze die Gelegenheit, besondere Schokoladenkreationen mit nach Hause zu nehmen und deine Freunde und Familie zu überraschen. Lass dich vom unvergleichlichen Geschmack verwöhnen und von der Schönheit der Schweizer Alpen verzaubern.</p>;8.0190851;46.6248881;Grundstrasse 54;3818;Grindelwald;+41  33 439 41 00;https://www.lindt.ch/;[{'@type': 'ImageObject', 'contentUrl': 'https://jrtagpimtsoch.sos-ch-dk-2.exoscale-cdn.com/catalog/7/2/4/3/72437222ef16c23d53106dcf69b1e8157e64ce11_Lindt_Chocolate_Shop.png'}];2025-03-04T10:10:44+01:00
e7b0283f-fbf9-4569-8be1-5e0c5e479982;Restaurant Kreuz;;<p>Das traditionelle Restaurant mit seinen &laquo;St&uuml;bli&raquo; und Boulevardterrasse am Dorfplatz im Zentrum von Grindelwald ladet zum Verweilen und Geniessen ein.</p><p>In unserem Restaurant erwartet Sie eine Brasserie-K&uuml;che, die mit traditionellen, unkomplizierten Schweizer Klassikern und internationalen Spezialit&auml;ten begeistert.&nbsp;<br>Wir setzen auf klare, ehrliche Aromen &ndash; stets frisch zubereitet und voller Geschmack. Wir freuen uns darauf, Sie kulinarisch zu verw&ouml;hnen.</p>;8.034180243484641;46.62458205;Dorfstrasse 85;3818;Grindelwald;+41 33 854 70 70;info@kreuz-post.ch;https://www.kreuz-post.ch/en/restaurants-and-bar;[{'@type': 'ImageObject', 'contentUrl': 'https://jrtagpimtsoch.sos-ch-dk-2.exoscale-cdn.com/catalog/7/e/b/e/7ebe23f5e254952d66c0ce7073bf1b9a3ff52acd_W10_Hotel_ext.jpg'}];2026-09-04T15:49:30+02:00
e7fa6f2e-fcd8-4813-9454-69514854d701;Schwimmbad Meiringen;Die Erfrischung nach einem erlebnisreichen und heissen Sommertag.;Das Schwimmbad Meiringen, mit Ausblick auf die Alpen, garantiert dir Spass und Erholung in vollen Zügen.

Neben einem Schwimmer- und Nichtschwimmerbecken stehen dir zudem zwei Kinderbecken, eine 68 m lange Wasserrutschbahn, Tischtennistische, ein Tischfussballspiel, ein Beachvolleyballfeld, ein Fussballfeld und zwei Sprungtürme zur Verfügung.;8.191399977502254;46.7227111;Alpbachstrasse 21;3860 ;Meiringen;+41 33 972 60 08;info@alpenenergie.ch;https://www.alpenenergie.ch;[{'@type': 'ImageObject', 'contentUrl': 'https://jrtagpimtsoch.sos-ch-dk-2.exoscale-cdn.com/catalog/6/5/d/4/65d44c45d56f7c0d88c934a855a596bfc96d9427_schwimmbad_meiringen__2_.jpg'}];2026-09-04T15:49:30+02:00
e90ead35-ed5b-4778-a2b1-f12897bf9005;Steingletscher;Klettern am Sustenpass;Um den Steingletscher am Sustenpass gibt es zahlreiche Klettersektoren. Der griffige, rauhe Gneis sowie kurze Zustiege zeichnen das Gebiet aus. Schier unendliche Möglichkeiten zwischen dem dritten und dem siebten Grad umgeben von einer wunderschönen Bergkulisse. 

Zum Übernachten empfiehlt sich hier das Hotel Steingletscher. 

Bekannte Sektoren:

Himmel
Hell
Pfriendler;8.427890653761272;46.73099235;Steingletscher;Gadmen;+41 33 972 50 50;info@haslital.swiss;https://haslital.swiss;[{'@type': 'ImageObject', 'contentUrl': 'https://jrtagpimtsoch.sos-ch-dk-2.exoscale-cdn.com/catalog/f/1/1/3/f113e5c28d94e13bcc00c665329078c783c0042c_514_9330_Yannick.Glatthard_Sustenpass_by.davidbirri.jpg'}];2026-09-04T15:49:30+02:00
e9a3f719-be57-4193-827c-96c444941e6c;Intersport Rent-Network Grindelwald;Vier verschiedene Standorte;<p class="MsoNormal">Intersport Rent-Network in Grindelwald bietet eine breite
Palette an Ausrüstungsverleih für Sommer- und Wintersportarten. Mit fünf
Standorten in der Region, darunter das Grindelwald Terminal, die Bergstation
First, die Bergstation Männlichen, das Hotel Sunstar und eine Filiale in
Lauterbrunnen, ist es einfach, Ausrüstung für Aktivitäten wie Skifahren,
Snowboarden oder Mountainbiken zu mieten, je nach Saison.</p>

<p class="MsoNormal">Neben dem Verleih bietet Intersport Rent-Network auch den
Verkauf von Sportgeräten an. Eine Online-Reservierung der Ausrüstung ist
ebenfalls möglich, was die Planung der Aktivitäten erleichtert.</p>

<p class="MsoNormal">Die Geschäfte sind während der Wintersaison täglich
geöffnet, wobei die Öffnungszeiten je nach Standort variieren. Weitere Details
zu den Preisen und dem Verleihangebot sind auf der Website von Intersport
Rent-Network verfügbar.<o:p></o:p></p>;8.018683447716352;46.62468088927518;Grundstrasse 54;3818;Grindelwald;+41 33 853 04 00;info@rentnetwork.ch;http://www.rentnetwork.ch/de;[{'@type': 'ImageObject', 'contentUrl': 'https://jrtagpimtsoch.sos-ch-dk-2.exoscale-cdn.com/catalog/d/9/d/8/d9d80e3205715cb8460e271e8869e532d7568492_Intersport_Jungfrau_Region_Website_16x9_Fotos_Gescha__fte_05_2023_4.jpg'}];2026-09-04T15:49:30+02:00
e9e5ede9-c52c-484b-b770-3596fad3fd7e;Top of Europe Shop ;Top of Europe Shop Terminal;<p>Der Top of Europe Shop bietet eine Auswahl an Schweizer Klassikern, die als Souvernirs oder Geschenke erworben werden können. Zu den angebotenen Produkten gehören Tissot-Uhren, Victorinos-Messer und Souvenirs von Tauffer. Diese Artikel ermöglichen es Besuchenden, ein Stück Schweiz mit nach Hause zu nehmen und die Erinnerungen an die beeindruckenden Berglandschaft zu bewahren. </p>;8.018887639045717;46.62475422716478;3818;Grindelwald;+41 33 828 72 33;info@jungfrau.ch;https://www.jungfrau.ch/de-ch/souvenirs-und-geschenkartikel/;[{'@type': 'ImageObject', 'contentUrl': 'https://jrtagpimtsoch.sos-ch-dk-2.exoscale-cdn.com/catalog/c/5/9/6/c596d1795f1ae22d6eae9d597f7176b0512df53f_Grindelwald_First_Top_of_Europe_Shop.jpg'}];2026-07-07T15:59:33+02:00
eafb59fc-63f2-4e6f-80c6-9108fe8042f5;Gemütliches SINGLE-Studio;Hier fühlst du dich Zuhause.;Eine Ferienwohnung inmitten der Bergwelt. In unmittelbarer Nähe zur Skipiste. Mitten im Wanderparadies. Wir freuen uns auf dich.

Über den Button gelangst du direkt zum Buchungsportal oder zum Anfrageformular für eine Reservierung.;8.04344773035892;46.627738449999995;Guggengasse 33;3818;Grindelwald;+41 33 853 36 79;abegglenbeatrice@gmail.com;[{'@type': 'ImageObject', 'contentUrl': 'https://jrtagpimtsoch.sos-ch-dk-2.exoscale-cdn.com/catalog/3/e/5/6/3e56602e76d098e5eb1bc033e34d75428c3ea232_Gem__tliches_SINGLE_Studio_Winter.jpg'}];2026-09-04T15:49:30+02:00
ecc6051d-5374-4655-b485-ac04e296e55c;Grindelwald Tourismus ;Grindelwald Tourismus: Dein Begleiter in den Alpen.;<p><strong><a href="https://www.google.com/maps/place/Grindelwald+Tourismus/@46.623459,8.032816,17z/data=!3m1!4b1!4m6!3m5!1s0x478f995583721c37:0xb24f25fc0461aaa2!8m2!3d46.623459!4d8.0353909!16s%2Fg%2F1ths880f?entry=ttu&amp;g_ep=EgoyMDI1MDQyNy4xIKXMDSoASAFQAw%3D%3D" rel="noopener noreferrer" target="_blank">Zum Ziel navig</a><span class="ql-cursor">﻿</span><a href="https://www.google.com/maps/place/Grindelwald+Tourismus/@46.623459,8.032816,17z/data=!3m1!4b1!4m6!3m5!1s0x478f995583721c37:0xb24f25fc0461aaa2!8m2!3d46.623459!4d8.0353909!16s%2Fg%2F1ths880f?entry=ttu&amp;g_ep=EgoyMDI1MDQyNy4xIKXMDSoASAFQAw%3D%3D" rel="noopener noreferrer" target="_blank">ieren (Google Maps) </a></strong></p><p></p><p></p><p>Grindelwald Tourismus bietet umfassende Informationen und Unterstützung für deinen Aufenthalt in der malerischen Jungfrau Region. Entdecke die Vielfalt an Sommer- und Winteraktivitäten, die von Wanderungen bis zu Skitouren reichen. Nutze die Möglichkeit, Unterkünfte, Bergbahntickets und spezielle Angebote direkt zu buchen. Das Team von Grindelwald Tourismus steht dir für Fragen zur Verfügung und freut sich auf deinen Besuch. Erlebe die atemberaubende Natur und die herzliche Gastfreundschaft in Grindelwald. </p>;8.035630097591705;46.62322077344427;Dorfstrasse 110;3818;Grindelwald;+41 33 854 12 12;info@grindelwald.swiss;[{'@type': 'ImageObject', 'contentUrl': 'https://jrtagpimtsoch.sos-ch-dk-2.exoscale-cdn.com/catalog/8/a/0/0/8a001c91151027fba4d4325ae94c9d47a3f414e1_Sportzentrum_Fr__hjahr_2022.jpeg'}];2026-07-07T15:59:33+02:00
ee626c3e-e462-4950-8f21-ac43f420891e;Ramu Swiss Creation;Souvenirladen im Herzen von Grindelwald.;<p class="ql-align-justify"><strong><a href="https://www.google.ch/maps/place/Dorfstrasse+113A,+3818+Grindelwald/@46.6239848,8.0362302,19z/data=!3m1!4b1!4m6!3m5!1s0x478f995589f82a7f:0x7f9bc92dc28d80d1!8m2!3d46.6239848!4d8.0362302!16s%2Fg%2F11txn16_pf?hl=de&amp;entry=ttu&amp;g_ep=EgoyMDI1MDQxMy4wIKXMDSoASAFQAw%3D%3D" rel="noopener noreferrer" target="_blank">Zum Ziel navigieren (Google Maps)</a></strong></p><p></p><p>Hier findest du verschiedene Geschenkartikel und diverse Souvenirs in allen Formen und Farben. Von T-Shirts bis zu Holzkühen ist alles mit dabei.</p>;8.036182522773744;46.62391068697253;Dorfstrasse 113;3818;Grindelwald;[{'@type': 'ImageObject', 'contentUrl': 'https://jrtagpimtsoch.sos-ch-dk-2.exoscale-cdn.com/catalog/a/4/e/c/a4ec54574c61da21cab0ca3045d638bb8519a42b_DSC05264.JPG'}];2025-05-27T08:24:43+02:00
f2811fc5-7173-4d79-a7ec-f163ce77c5a7;Lobhörner;Klettern mit einem imposanten Blick auf die umliegenden Viertausender;<p>Die klassische Klettertour im Berner Oberland erlaubt ein unvergleichliches Erlebnis mit Sicht auf die umliegenden Bergketten. Die exponierten Gipfel sollten keinem Kletterer verg&ouml;nnt sein. Wer den morgendlichen Zustieg etwas verk&uuml;rzen m&ouml;chte, g&ouml;nnt sich eine Nacht in der Lobhornh&uuml;tte, von welcher aus man in 1h 40min bis zum Fuss der Lobh&ouml;rner gelangt. Der Zustieg von Sulwald her dauert etwa 2h 45min. Nachdem alles Material montiert ist, beginnt die herrliche Kletterei &uuml;ber die Zipfelm&uuml;tze, das Kleine und das Grosse Lobhorn. Eingepackt hast du ein 60m Seil, 10 Express-Karabiner und ein paar Schlingen. Damit kommst du bequem &uuml;ber die Routen in den Schwierigkeitsgraden 2b bis 4c. Da viele Passagen ein alpiner Weg und keine Kletterroute sind, geh&ouml;ren auch die Bergschuhe ins Gep&auml;ck. Topos sind in den Kletterf&uuml;hrern Interlaken (Vertical Sport) oder Plaisir zu finden. Bevor du vom letzten Zacken aus in den Sattel abseilen, geniessst du noch einmal die herrliche Aussicht bei einem ausgiebigen Gipfelrast. Die Lobh&ouml;rner liegen auf rund 2500 Metern &uuml;ber Meer zwischen dem Soustal und dem Saustal. Sie sind von Sulwald her am einfachsten zu erreichen. Eine lohnenswerte Tour ist auch der Zustieg (bergab) vom Schilthorn her.</p><p>&nbsp;</p>;7.844495773315431;46.602545463462555;Sulwald ;[{'@type': 'ImageObject', 'contentUrl': 'https://jrtagpimtsoch.sos-ch-dk-2.exoscale-cdn.com/catalog/1/9/8/6/1986352aa2a348313e4368047456552541f0d38d_Lobhoerner_Sommer.jpg'}];2026-09-04T15:49:30+02:00
f3b74d2f-1758-4463-a1de-cda9fb6bcf67;Praxis Ankebälli Physio und Cranio;Medizinische Masseure/innen mit eidgenössischem Fachausweis bieten Fussreflexzonen-Massage, klassische Massage und manuelle Lymphdrainage zur Förderung des Wohlbefindens und der Beschwerdelinderung.;<p><a href="https://www.google.com/maps/place/Spillstattstrasse+61,+3818+Grindelwald/@46.6277607,8.0227599,1159m/data=!3m2!1e3!4b1!4m6!3m5!1s0x478f994e212fc9c3:0x180fa51710740381!8m2!3d46.627757!4d8.0253348!16s%2Fg%2F11c5bgv49w?entry=ttu&amp;g_ep=EgoyMDI0MTEyNC4xIKXMDSoASAFQAw%3D%3D" target="_blank" style="font-weight: bold;">Zum Ziel navigieren (Google Maps)</a></p><p><br></p><p>Medizinische Masseure/innen mit eidgenössischem Fachausweis (FA SRK) bieten verschiedene therapeutische Massagen an, wie die Fussreflexzonen-Massage, klassische Massage und manuelle Lymphdrainage.</p>;8.02533184428733;46.627755;3818;Grindelwald;+41 33 853 08 30;[{'@type': 'ImageObject', 'contentUrl': 'https://jrtagpimtsoch.sos-ch-dk-2.exoscale-cdn.com/catalog/5/9/f/0/59f04ba445f610abcc54d2629a96d9bb8b1e21a1_299722900_587761623054548_1445773657587294193_n.jpg'}];2026-07-07T15:59:33+02:00
f546a67c-4f67-4b9e-9009-5429173b7e34;Hoflädeli Budig ;Konfitüre, Sirup, Chutneys, Likör, Hasliberger Kräutertee, Trockenwurst, Bretzeli, hausgemachte Torten, Brot & Züpfe, Geschenkkörbe ;8.199259157839718;46.73960385;Dorf 317;6083;Hasliberg;+41 78 849 79 14;https://www.facebook.com/budighasliberg/about;[{'@type': 'ImageObject', 'contentUrl': 'https://jrtagpimtsoch.sos-ch-dk-2.exoscale-cdn.com/catalog/b/0/3/7/b03764927e3f56668ec987db98a600dcf4fc5b6a_Hofl__deli_Budig.jpg'}];2026-09-04T15:49:30+02:00
f57612ad-a114-4c2f-b8bb-05a8453bfa03;Tennis Wengen;Tennispielen in Wengen;<p>Direkt neben dem Tourist Center in Wengen stehen dir zwei Tennissandpl&auml;tze zur Verf&uuml;gung. Reserviere deinen Platz beim Tourist Center (+41 33 856 85 85 oder info@wengen.swiss)<br><br></p>;7.921823859214784;46.605848254414525;Wengiboden 1349B;3823;Wengen;+41 33 856 85 85;info@wengen.swiss;https://wengen.swiss;[{'@type': 'ImageObject', 'contentUrl': 'https://jrtagpimtsoch.sos-ch-dk-2.exoscale-cdn.com/catalog/e/d/d/7/edd7c23e0dbac90c9bb82388e595d74ce898c25d_tennis_wengen_sharper_4x.jpg'}];2026-09-04T15:49:30+02:00
f5a2434e-c442-4458-a877-229b7caeb907;Eisbahn Casinoplatz Meiringen;540 m² Eisbahn mitten im Dorf unter freiem Himmel.;Wenn es in Meiringen so richtig kalt ist, wird mitten im Dorf auf dem Casinoplatz eine Eisbahn gebaut. Bis weit in den Abend hinein kann die ganze Familie dem grossen Spass auf Kufen frönen, nebenbei etwas Feines geniessen und dabei die winterliche Atmosphäre von Meiringen erleben. Schlittschuhmiete vor Ort.;8.187046051025392;46.727179492773374;Casinoplatz;3860;Meiringen;076 478 00 44;info@eisbahn-meiringen.ch;https://freizeitanlagen-meiringen.ch/Eisbahn_Casinoplatz/Angebot;[{'@type': 'ImageObject', 'contentUrl': 'https://jrtagpimtsoch.sos-ch-dk-2.exoscale-cdn.com/catalog/0/7/c/5/07c5c38d407298a46ee684e6b4bafc511339136d_csm_015_6263_Eisbahn_Meiringen_bydavidbirri_web_c97b793c6f.jpg'}];2026-08-06T15:30:07+02:00
f7ba4e82-0a66-4d61-9a56-1e325446653d;VOI Migros;VOI Migros-Partner ist der attraktive Kleinladen um die Ecke mit überraschend grossem Sortiment.;<p class="title__subline" style="box-sizing: inherit; margin: 1rem auto; width: 781px;"><span style="font-weight: 700;"><a href="https://www.google.ch/maps/place/VOI+Grindelwald/@46.6234744,8.0363826,17z/data=!3m1!4b1!4m6!3m5!1s0x478f9bfe544146f3:0x61824d084440e409!8m2!3d46.6234744!4d8.0389575!16s%2Fg%2F1vs5vmfb?hl=de&amp;entry=ttu&amp;g_ep=EgoyMDI1MDIyNi4xIKXMDSoASAFQAw%3D%3D" target="_blank">Zum Ziel navigieren (Google Maps)</a></span></p><p class="title__subline" style="box-sizing: inherit; margin: 1rem auto; width: 781px;"><br></p><p class="title__subline" style="box-sizing: inherit; margin: 1rem auto; width: 781px;">Bei VOI Migros-Partner findest du beliebte Migros-Artikel, frische Lebensmittel, Haushaltartikel und vieles mehr für den täglichen Bedarf zu gewohnt günstigen Preisen. In dieser Filiale kann man mit Self-Checkout selber einscannen, einpacken und danach selbständig und bargeldlos bezahlen.</p>;8.039098780824373;46.62366305;Dorfstrasse 155;3818;Grindelwald;+41 58 567 47 20;grindelwald@voi-migrospartner.ch;https://www.voi-migrospartner.ch;[{'@type': 'ImageObject', 'contentUrl': 'https://jrtagpimtsoch.sos-ch-dk-2.exoscale-cdn.com/catalog/4/3/1/2/43124c7bc8ca15b5834c3f08afcb2e96afb633e7_Migros_VOI.png'}];2025-03-04T17:38:32+01:00
f7c0a7ad-87a1-4096-a6c9-064d084e2183;Schaukäserei Engstlenalp;Käse, Joghurt, Molke, Butter;8.344857488533115;46.7760469;Engstlenalp 519;3862;Innertkirchen;+41 33 975 00 43;https://www.outdooractive.com/de/hut/urner-alpen/schaukaeserei-engstlenalp/25506496/;[{'@type': 'ImageObject', 'contentUrl': 'https://jrtagpimtsoch.sos-ch-dk-2.exoscale-cdn.com/catalog/0/a/7/6/0a76726168677289a7936ece98841c1e3390e947_Schauk__serei_Engstlenalp.jpg'}];2026-09-04T15:49:30+02:00
f7fd3a71-fc43-4e8f-9206-c0b0a9e8808d;Hoflädeli Stein;Familiengeführter Hofladen in Hasliberg mit lokalen Spezialitäten.;<p>Das Hofl&auml;deli Stein ist ein Feinschmeckerlokal in Hasliberg, das f&uuml;r seine feine Auswahl an Produkten bekannt ist. Sie bieten Natura-Kalbfleisch, Natur-Beef, und andere erlesende St&uuml;cke aus ihrem Tiefk&uuml;hlsortiment an. Ihr Sortiment umfasst Berner Alpk&auml;se AOP, Berner Hobelk&auml;se AOP, Fleisch aus Mutterkuhhaltung und Trockenw&uuml;rste. Viele hausgemachte Spezialit&auml;ten warten auf die Kunden. Eine grosse Auswahl an tiefgek&uuml;hltem Fleisch, Das ausschliesslich vom Hof stammt, lockt Wiederholungsbesucher an. Um einen pers&ouml;nlichen Service zu gew&auml;hrleisten, werden die Kunden gebeten, vorher anzurufen.&nbsp;</p>;8.192369706149751;46.74962745;Stein 240;6084;Hasliberg Wasserwendi;079 348 14 63;https://www.hoflaedeli-stein.ch/;[{'@type': 'ImageObject', 'contentUrl': 'https://jrtagpimtsoch.sos-ch-dk-2.exoscale-cdn.com/catalog/6/1/f/0/61f0bd6780d703544f19fc0a6d05b0f03396bf7a_Hofl__deli_Stein.jpg'}];2026-09-04T15:49:30+02:00
f892904a-53d0-42ae-a092-a594b9a28dfe;Pända Freestyle;Pända Freestyle in Wilderswil ist die erste Freestylehalle im Berner Oberland und ein Highlight für alle Bewegungsbegeisterte – vom Einsteiger bis zum Profi;<p>Die moderne, 1&#39;000m² grosse Indoor-Anlage bietet ein vielseitiges Erlebnis rund um Bewegung, Sport und Kreativität. Ob auf den Fivesquare Trampolinen, vom Grandmaster oder Sprungturm in den Airbag, auf dem Airtrack im Multisportbereich oder auf der Skatefläche mit Double-Mini-Ramp, Spine und Extension – hier finden sowohl Einsteiger als auch Fortgeschrittene den perfekten Spielraum zur Entfaltung. </p><p></p><p>Neben dem Trampolin- und Rollbereich gibt es einen weichen Multisportbereich, der sich ideal für Yoga, Workshops, Parcours und freie Bewegung eignet. Zuschauer geniessen den Überblick über die gesamte Halle von der Galerie aus – inklusive Bistrobereich zum Verweilen. Die Kids toben sich aus, während die Eltern in Sichtweite zurücklehnen können. Hier kommt die ganze Familie auf ihre Kosten. </p><p></p><p>Das Angebot ist vielfältig: Ob einzelne Besuchsstunden, Jahresabos, Geburtstags- oder Gruppenanlässe – Pända Freestyle bietet für jedes Bedürfnis ein passendes Angebot. Regelmässige Events wie die Skate-Night am Freitagabend, Coachings Dienstags oder Mittwochs oder exklusive Hallenmieten für Firmenanlässe machen den Ort auch für Gruppen attraktiv. </p>;7.878994345664979;46.67095948711136;Industriestrasse 17;3812;Wilderswil;info@panda-freestyle.ch;https://panda-freestyle.ch/;[{'@type': 'ImageObject', 'contentUrl': 'https://jrtagpimtsoch.sos-ch-dk-2.exoscale-cdn.com/catalog/6/9/d/2/69d2fad95dd84dc11cfa0785a597b9cf7e070aa5_P__nda_Freestyle.jpg'}];2025-12-18T08:39:40+01:00
f976273d-b3db-47d4-8e79-b20875647043;Buri Sport (bei Firstbahn);Entdecke die drei Geschäfte im Herzen von Grindelwlad;<p><span style="font-weight: 700;"><a href="https://www.google.ch/maps/place/Buri+Sport/@46.6245519,8.0241663,15z/data=!4m10!1m2!2m1!1sburi+sport!3m6!1s0x478f9bfeb22befe9:0x85162f8cc8930e5e!8m2!3d46.6243669!4d8.0419255!15sCgpidXJpIHNwb3J0WgwiCmJ1cmkgc3BvcnSSAQlza2lfc3RvcmXgAQA!16s%2Fg%2F11g02vy50q?hl=de&amp;entry=ttu&amp;g_ep=EgoyMDI1MDIyNS4wIKXMDSoASAFQAw%3D%3D" target="_blank">Zum Ziel navigieren (Google Maps)</a></span></p><p><br></p><p>Bei Buri Sport findest du eine grosse Auswahl an Sport- und anderer Kleidung sowie originelle Souvenirs und T-Shirts mit exklusiven Designs. Sowohl im Winter als auch im Sommer kannst du den Ausrüstungsverleih für Skier, Snowboards, Schlitten und E-Bikes in Anspruch nehmen. Darüber steht die Möglichkeit zur Verfügung, Skikurse zu buchen.</p>;8.041922450065615;46.6243974478962;Dorfstrasse 181;3818;Grindelwald;+41 33 853 33 53;info@burisport.ch;https://www.burisport.ch/;[{'@type': 'ImageObject', 'contentUrl': 'https://jrtagpimtsoch.sos-ch-dk-2.exoscale-cdn.com/catalog/a/f/6/f/af6f27216dc60d08073713230c0275e9146f0970_DSC05207.JPG'}];2025-06-13T15:59:40+02:00
fb1780f3-629c-4f58-8c26-c382c18512fd;Mittagfluh, Guttannen;Klettern vom Feinsten;An der Mittagfluh zwischen Guttannen und Handegg gibt es mehrere schöne Mehrseilrouten. Ausgangspunkt für die Touren ist Tschingelmad (Parkplatz). der Zustieg dauert rund 30 Minuten. Die Südkante ist eine Kletterei in bestem Granit mit guten Tritten und Griffen. Der Abstieg erfolgt zu Fuss oder per Abseilen durch die Wand.  

Schwierigkeitsgrad: 4a;8.311403989791872;46.6465909183126;3864;Guttannen;+41 33 972 50 50;info@haslital.swiss;https://haslital.swiss;[{'@type': 'ImageObject', 'contentUrl': 'https://jrtagpimtsoch.sos-ch-dk-2.exoscale-cdn.com/catalog/a/7/5/0/a750f348794f9f533c033b564ae5c92cc69eea00_Guttannen_byDavidBirri.jpg'}];2026-09-04T15:49:31+02:00
fc5dc3da-39f5-4677-8c51-4dd30a237cbf;Wellness im Hotel Eiger;Entspannen auf über 1600 Metern über Meer;<div><span style="font-weight: bold;">Je nach Auslastung des Hotels ist ein Tages-Pass für externe Gäste ab 40 CHF pro Person erhältlich.<br><br></span></div><div><span style="font-weight: bold;">Wir bitten um Voranmeldung frühestens 48 h vorab und freuen uns auf Ihren Reservation unter Tel: 033 856 5454.</span><br></div><div><br></div>Während den sportlich aktiven Tagen in Mürren gönnt man sich gerne auch eine Auszeit.
Das Hotel Eiger*** bietet allen Gästen (Hotelgäste haben Vorrang) eine Palette an Spa-, Bade-, Massage- und Erholungsmöglichkeiten. Dieses Wellness Angebot hat eindeutig mehr als vier Sterne verdient!

Nebst dem Hallenbad lässt es sich auch im Jacuzzi, in der Sauna und im Ruheraum entspannen. Wer dem Spa-Erlebnis die Krone aufsetzten will, gönnt sich dazu noch eine Ganzkörpermassage.

Mit der Aussicht auf Eiger, Mönch und Jungfrau steht der vollendeten Zufriedenheit so nichts mehr im Weg.

Infrastruktur:

    Hallenbad
    Jacuzzi
    Sauna
    Sanarium
    Kneippbecken
    Erlebnisdusche
    Solarium
    Ruheraum
    Massageraum
    Trainingsraum (Kleine Auswahl an Geräten: Laufband, Rad, Stepper etc.);7.896591462368447;46.563774800000004;Aegerten ;3825;Mürren ;info@hoteleiger.com;https://www.hoteleiger.com;[{'@type': 'ImageObject', 'contentUrl': 'https://jrtagpimtsoch.sos-ch-dk-2.exoscale-cdn.com/catalog/7/c/0/3/7c03df91f4e9441847615e175564c415ddd3a553_wellness_hotel_eiger_muerren__4_.jpg'}];2026-09-04T15:49:31+02:00
fc67169d-035a-4874-961c-2abaa43ef4c5;Rothenegg-Garage AG;Ihr Profi für Automobile, Landmaschinen und Kleingeräte in Grindelwald!;<p class="ql-align-justify"><strong><a href="https://www.google.ch/maps/place/Rothenegg+Garage+AG/@46.625619,8.0167641,17z/data=!3m1!4b1!4m6!3m5!1s0x478f994bfbd60a4d:0x62fb8191917fa576!8m2!3d46.625619!4d8.019339!16s%2Fg%2F1tfvrw1f?hl=de&amp;entry=ttu&amp;g_ep=EgoyMDI1MDQxMy4wIKXMDSoASAFQAw%3D%3D" rel="noopener noreferrer" target="_blank">Zum Ziel navigieren (Google Maps)</a></strong></p><p></p><p><span style="color: rgb(51, 51, 51); background-color: transparent;">Wir sind Ihr zuverlässiger Partner für alles rund um Mobilität und Technik. Als Stop+go Partner, das Garagenkonzept der AMAG Import AG, sind wir spezialisiert auf die Marken Volkswagen, Audi, Seat und Skoda. Ebenfalls sind wir autorisierter Händler der Marke Aebi. Die integrierte Migrol Self-Service Tankstelle ist 24/7 geöffnet.</span></p><p></p><p><span style="color: rgb(51, 51, 51); background-color: transparent;">Unser Team aus Fachleuten steht Ihnen mit Fachwissen und Erfahrung zur Seite, um sicherzustellen, dass Ihre Fahrzeuge, Maschinen und Kleingeräte stets in bestem Zustand sind. Überzeugen Sie sich selbst von unserem umfassenden Angebot.</span></p><p></p>;8.019177317619326;46.625620123464635;Grindelwaldstrasse 96;3818;Grindelwald;+41 33 853 15 07;info@rothenegg-garage.ch;[{'@type': 'ImageObject', 'contentUrl': 'https://jrtagpimtsoch.sos-ch-dk-2.exoscale-cdn.com/catalog/c/1/3/c/c13c7ed89090af2627af7cd3cb0aea5ab916240d_Rothenegg_Garage.jpeg'}];2025-04-16T10:59:37+02:00
fe77e3aa-5fef-410d-a5fa-c9120d2a1d5a;Wellness und Spa im Sunstar Hotel;Wellness im Bannes des Eigers;Eine Entspannungs- und Wohlfühlwelt auf 1200 Quadratmetern. Abschalten, Energie tanken und einfach mal die Zeit vergessen.
Das Sunstar Hotel Grindelwald  bietet eine breite Palette an Verwöhnmomenten und Schönheitsbehandlungen im Angesicht der majestätischen Eigernordwand.;8.041912745870249;46.6238329;Dorfstrasse 168;3818; Grindelwald;+41 33 854 77 77;grindelwald@sunstar.ch;https://grindelwald.sunstar.ch;[{'@type': 'ImageObject', 'contentUrl': 'https://jrtagpimtsoch.sos-ch-dk-2.exoscale-cdn.com/catalog/b/7/9/4/b794e07a41f052704886948c76f5c93735d33222_wellness_hotel_sunstar__10_.jpg'}];2026-09-04T15:49:32+02:00
fecf9b12-75a2-4ca9-950d-55fbb0e5f34a;FirstPeak Lifestyle Store;Wohnaccessoires, Geschenkideen, Bijous und mehr. ;<p><span style="font-weight: bold;"><a href="https://www.google.ch/maps/place/Dorfstrasse+121,+3818+Grindelwald/@46.6238343,8.03182,17z/data=!3m1!4b1!4m6!3m5!1s0x478f9bfe243624a9:0x959b0b5ab01cd314!8m2!3d46.6238344!4d8.0366909!16s%2Fg%2F11rgdkh1d3?hl=de&amp;entry=ttu&amp;g_ep=EgoyMDI1MDMxOC4wIKXMDSoASAFQAw%3D%3D" target="_blank">Zum Ziel navigieren (Google Maps)</a></span></p><p><br></p><p>Seit Dezember 2017 bietet der FirstPeak LifestyleStore eine vielfältige Auswahl an Wohnaccessoires, Geschenkideen, Bijous und anderen schönen Artikeln. Der Laden befindet sich im Zentrum von Grindelwald.</p>;8.036686778068544;46.623803842034704;Dorfstrasse 121 ;3818;Grindelwald;+41 33 853 81 92;welcome@firstpeak.ch;https://www.firstpeak.ch;[{'@type': 'ImageObject', 'contentUrl': 'https://jrtagpimtsoch.sos-ch-dk-2.exoscale-cdn.com/catalog/0/0/9/a/009a2f1b917abcf209f06e64335e9bd2aa7fa52d_DSC05255.JPG'}];2025-03-25T15:22:09+01:00
ffa4fea6-a1cf-44dd-88b6-07e7a9a74bef;Tamara Pizzeria;afd;Test Tamara;8.2052569;46.7379056;[{'@type': 'ImageObject', 'contentUrl': 'https://jrtagpimtsoch.sos-ch-dk-2.exoscale-cdn.com/catalog/8/c/b/1/8cb1164ed948e17f0f058e374797c4f08c656adb__JRT6047.jpg'}];2026-09-04T15:49:32+02:00
ffd0c291-aa22-4c33-8ba7-ef4a49320541;Skigebiet Mürren-Schilthorn;Das höchstgelegene Skigebiet im Berner Oberland;<p>Das Schilthorn, der h&ouml;chste Punkt des Skigebiets, liegt fast 3000 m &uuml;. M. Hier geniesst du im 360&deg;-Restaurant Piz Gloria den James Bond Brunch &ndash; und begibst dich danach auf die Skipisten. Ge&uuml;bte Skifahrer*innen k&ouml;nnen die mit einer Neigung von 88 Prozent steilste Abfahrt der Jungfrau Region bezwingen. Anf&auml;nger*innen machen die ersten Kurven auf dem Gel&auml;nde der Skischule im autofreien Bergdorf M&uuml;rren. Auf dem Allmendhubel sorgt Lilly's Kidsslope f&uuml;r leuchtende Kinderaugen. Hier k&ouml;nnten die Kleinsten zusammen mit ihren Eltern witzige Fahrten &uuml;ber Wellen und an Hinernissen vorbei absolvieren. Jibs, Rails, Boxen und eine Kicker-Line: Im P&auml;nda Snowpark kommen Freestyler*innen auf ihre Kosten. Aber auch ohne Skis oder Board kannst du die Winterlandschaft im Schilthorngebiet geniessen: Auf einem Winterwanderweg, einer Schlittelsafari &ndash; oder dem Felsensteg Thrill Walk auf Birg. Infrastruktur 56 Pistenkilometer Schlittelwege: 10 km Winterwanderwege 15 km Offizielle Schneeschuhpfade: 8 km Liftanlagen: 13 Bergrestaurants: 9 - &Uuml;bungsgel&auml;nde im Dorf und auf dem Allmendhubel - Lilly's Kidsslope - Skyline Snowpark Maulerhubel/Winteregg - Skimovie Station - Thrill Walk, Station Birg - Gleitschirm Startplatz, pr&auml;pariert</p>;7.891262769699098;46.55783860070888;Lengwald 301;3824 ;Stechelberg;+41 33 826 00 07;info@schilthorn.ch;https://schilthorn.ch;[{'@type': 'ImageObject', 'contentUrl': 'https://jrtagpimtsoch.sos-ch-dk-2.exoscale-cdn.com/catalog/3/7/f/f/37ff93584b07ea94df2675a960d7af836f6c1f31_Skifahren_Skigebiet_M__rren_Schilthorn__3_.jpg'}];2026-09-04T15:49:32+02:00
ffee329f-54a2-45e3-9f93-a1b4601c3fe4;Ali your Barber;Barbershop in Grindelwald.;<p><strong><a href="https://www.google.com/maps/place/Ali+Your+Barber+%D8%AD%D9%84%D8%A7%D9%82+%D8%B9%D8%B1%D8%A8%D9%8A%E2%80%AD/@46.6234934,8.0351035,880m/data=!3m2!1e3!4b1!4m6!3m5!1s0x478f9b69c8c63f17:0xc16a8e913ab3e857!8m2!3d46.6234934!4d8.0376784!16s%2Fg%2F11w27xrj3v?entry=ttu&amp;g_ep=EgoyMDI1MDUwNy4wIKXMDSoASAFQAw%3D%3D" rel="noopener noreferrer" target="_blank">Zum Ziel navigieren (Google Maps)</a></strong></p><p></p><p></p><p>Ali your Barber, Inh. Kasem, bietet in Grindelwald professionelle Friseurdienstleistungen an. Der Barbershop ist bekannt für seinen freundlichen Service und präzise Haarschnitte. Ob du ein klassischen Schnitt oder einem modernen Style bevorzugst, hier wirst du fündig. </p>;8.037257041175758;46.623638878509134;3818;Grindelwald;[{'@type': 'ImageObject', 'contentUrl': 'https://jrtagpimtsoch.sos-ch-dk-2.exoscale-cdn.com/catalog/d/9/0/e/d90e1c1659bbeb7465d3ae8c12fa69a5bf015948_DSC05244.JPG', 'caption': {'de': 'Ali your Barber', 'en': 'Ali your Barber', 'fr': 'Ali your Barber'}}];2026-07-07T15:59:33+02:00
