{"type": "FeatureCollection", "features": [{"type": "Feature", "properties": {"identifier": "027f6fd3-6a76-4f47-85ac-c20f864c2dce", "name": "Triftbr\u00fccke", "description": "Nicht nur die \u00dcberquerung der spektakul\u00e4ren H\u00e4ngeseilbr\u00fccke erfordert Mut! Auch die Fahrt mit der ehemaligen Werksbahn der Kraftwerke Oberhasli AG \u00fcber die tiefen Abgr\u00fcnde der Triftschlucht verursacht ein Kribbeln im Bauch!\n\nDie Triftbahn erschliesst mit einer abenteuerlichen Fahrt durch die Triftschlucht das gleichnamige Gletschertal. Sie ist Ausgangspunkt f\u00fcr eine kurze Bergwanderung mit anschliessender \u00dcberquerung der spektakul\u00e4ren Trift-H\u00e4ngeseilbr\u00fccke. Die beiden SAC-H\u00fctten Trift und Windegg laden zu einem Besuch ein und sind Ausgangspunkte f\u00fcr hochalpine Bergtouren.\n\nWanderung: Nach der rund anderthalbst\u00fcndigen Wanderung zur Triftbr\u00fccke winkt als Belohnung ein umwerfender Ausblick auf den t\u00fcrkisblauen Gletschersee und die Zunge des Triftgletschers. Der R\u00fcckweg f\u00fchrt an der SAC-H\u00fctte Windegg vorbei.", "url": "https://www.grimselwelt.ch/", "image": "https://jrtagpimtsoch.sos-ch-dk-2.exoscale-cdn.com/catalog/6/0/a/2/60a2eab487cea83e6dca6dca683ad9b7682ed2c1_4_Wanderung_Triftbr__cke___Grimselwelt_Markus_Manfredi.jpg", "openstreetmap_id": "way/39388289"}, "geometry": {"type": "Point", "coordinates": ["8.357537984848024", "46.6944244724152"]}}, {"type": "Feature", "properties": {"identifier": "03097adf-7871-48a1-a13b-ad7132922767", "name": "M\u00e4nnlichen", "description": "<p class=\"isSelectedEnd\">Der M&auml;nnlichen ist sowohl im Winter als auch im Sommer bequem von Grindelwald mit der Gondelbahn Grindelwald&ndash;M&auml;nnlichen sowie von Wengen mit der Luftseilbahn Wengen&ndash;M&auml;nnlichen erreichbar. Der Berg ist ein idealer Ausgangspunkt f&uuml;r zahlreiche Wanderungen. Auf aussichtsreichen H&ouml;henwegen gelangst du nach Alpiglen oder zur Kleinen Scheidegg. F&uuml;r Familien bieten die Themenwege Lieselotteweg und &Ouml;pfelch&uuml;echliweg abwechslungsreiche Erlebnisse. Ein besonderes Highlight ist der Royal Walk, die kurze Wanderung auf den M&auml;nnlichen-Gipfel (2'342 m &uuml;. M.) mit atemberaubendem Panoramablick. F&uuml;r leuchtende Kinderaugen sorgt zudem der Sennenspielplatz mit seiner begehbaren Riesenkuh, Rutschbahn, Schaukeln und weiteren Spielattraktionen.</p><p>Auch im Winter gibt es viel zu entdecken: Winterwanderwege, Schlittelwege sowie das Berghaus M&auml;nnlichen mit seiner herrlichen Aussicht laden zum Verweilen ein. Ein atemberaubender Blick auf die faszinierende Bergwelt ist dabei garantiert.</p><p><br><br></p>", "url": "https://maennlichen.ch", "image": "https://jrtagpimtsoch.sos-ch-dk-2.exoscale-cdn.com/catalog/3/d/0/6/3d067f1b7079624a4d6b061b7bdd50414b8375e7_aussicht_maennlichen.jpg", "openstreetmap_id": "node/283740485"}, "geometry": {"type": "Point", "coordinates": ["7.942814826965333", "46.61108212105324"]}}, {"type": "Feature", "properties": {"identifier": "031388e7-0ba8-4cd8-8e93-122a0532e608", "name": "Winterwanderungen", "description": "Wandern im Winterm\u00e4rchenland. Von der Gr\u00fctschalp nach M\u00fcrren. Oder von Lauterbrunnen nach Stechelberg. Oder... An Routen mangelt es in Lauterbrunnen nicht. Und eine ist sch\u00f6ner wie die andere. Mit einem Klick auf den Button gelangst du zur \u00dcbersicht aller Winterwanderungen.", "image": "https://jrtagpimtsoch.sos-ch-dk-2.exoscale-cdn.com/catalog/1/f/b/8/1fb83e5dcd2a00207e4bcde1f91cd34968deed15_Lauterbrunnen_Dorf.jpg", "openstreetmap_id": "node/10723245131"}, "geometry": {"type": "Point", "coordinates": ["7.90765", "46.59568"]}}, {"type": "Feature", "properties": {"identifier": "0401896b-8c57-4595-ac63-809ed9b9f210", "name": "Schweizer Ski- & Snowboardschule Kleine Scheidegg", "description": "Die h\u00f6chstgelegene offizielle Skischule der Schweiz, zwischen Grindelwald und Wengen!\nDie Schweizer Schneesportschule Kleine Scheidegg empf\u00e4ngt seit 1935 G\u00e4ste aus aller Welt vor einer einmaligen Bergkulisse am Fusse von Eiger, M\u00f6nch und Jungfrau. Wir freuen uns sehr, diese traditionelle Schneesportschule von Toni Wyss seit dem Winter 2013/14 weiterf\u00fchren zu d\u00fcrfen. Wir, das sind drei einheimische, eidg. dipl. Schneesportlehrer und Swiss Snowsports Experten die seit \u00fcber 20 Jahren am Unterrichten sind.\n\nUm unsere G\u00e4ste vollkommen zufriedenzustellen, entwickeln wir uns laufend weiter und bieten qualitativ hochwertige Dienstleistungen im Schneesportsegment an. Unsere Schneesportlehrer/innen unterrichten mit viel Geduld, Spass und pers\u00f6nlichem Engagement.\n\nUnser Angebot: Profitieren Sie von unserem umfassenden Schneesportangebot auf der Kleinen Scheidegg. Unsere Schneesportlehrer/innen lieben ihre Arbeit und freuen sich sehr, mit Ihnen im Rahmen von Gruppen- wie auch Privatunterricht Zeit im Schnee verbringen zu d\u00fcrfen. Im Gruppenunterricht (Ski & Snowboard) profitieren alle Teilnehmer/innen von einer abwechslungsreichen Woche. In einer gem\u00fctlichen Atmosph\u00e4re werden gemeinsam neue Techniken auf dem Schnee erlernt. Im Privatunterricht (Ski, Snowboard und Telemark) richtet sich die Aufmerksamkeit unserer Schneesportspezialisten nur auf Sie und Sie geniessen eine noch individuellere Beratung und Betreuung. Neben dem Schneesportunterricht in der Gruppe oder privat haben wir weitere Angebote. Interessieren Sie sich f\u00fcr Off-Piste, Firmenskirennen oder ein Racing Training, dann melden Sie sich bitte gleich direkt bei uns, um gleich Ihre Details einer allf\u00e4lligen Buchung zu besprechen. ", "image": "https://jrtagpimtsoch.sos-ch-dk-2.exoscale-cdn.com/catalog/1/c/d/b/1cdbe61dd41822b56c1c76d10f3e7aadceef0c1b_Skischule_Scheidegg__3_.jpg", "openstreetmap_id": "node/272856213"}, "geometry": {"type": "Point", "coordinates": ["7.961574196815492", "46.58531230165405"]}}, {"type": "Feature", "properties": {"identifier": "05e3a999-2e48-4157-b9bb-f23e42769ed3", "name": "Marktfrauen Gimmelwald", "description": "Die Marktfrauen Gimmelwald bieten eine breite Auswahl an Produkten, die direkt bei ihnen bestellt werden k\u00f6nnen. Dazu geh\u00f6ren K\u00e4se von den umliegenden Alpen Schiltalp und Sefinenalp, W\u00fcrste zum Rohessen und Mostbr\u00f6ckli, frisches Kalb-, Jungrind-, Lamm- und Gitzi-Fleisch sowie Gonfi und S\u00fcss-Saures nach eigenen Rezepturen. Auch Zopf und andere Backwaren sind erh\u00e4ltlich. Alle Produkte k\u00f6nnen individuell zusammengestellt werden. Die Marktfrauen freuen sich, Besucher an ihrem Marktstand begr\u00fcssen zu d\u00fcrfen.", "url": "https://marktfrauen.ch/", "image": "https://jrtagpimtsoch.sos-ch-dk-2.exoscale-cdn.com/catalog/e/4/e/c/e4ec38df6f916eedb93ae42126edb1afef97161e_Marktfrauen_Gimmelwald.jpg", "openstreetmap_id": "node/7153618487"}, "geometry": {"type": "Point", "coordinates": ["7.8914988", "46.5443695"]}}, {"type": "Feature", "properties": {"identifier": "073fcdfa-e6d9-48a7-8e88-a56d61937260", "name": "Schlittenbau", "description": "<p>Eingeteilt in Teams versucht ihr mit dem von uns zur Verf\u00fcgung gestellten Grundger\u00fcst auf Skiern, dem bereitliegenden Material und dem vorhandenen Werkzeug einen renntauglichen Schlitten zu bauen. Erg\u00e4nzend k\u00f6nnt ihr mit dem an jedes Team ausgeteilten firmeninternen Zahlungsmittel in unserem Werkstofflager zus\u00e4tzlich ben\u00f6tigtes Material kaufen oder in der Werkstatt handwerkliche Unterst\u00fctzung von einem Profi anfordern.\n\nAnschliessend an die Bauphase muss jeder Schlitten den \u00absafety check\u00bb bestehen, um \u00fcberhaupt zum Rennen zugelassen zu werden. Auf der Rennstrecke ist das Ziel jedes Fahrers, eine m\u00f6glichst lange Distanz zur\u00fcckzulegen. Zusatzpunkte k\u00f6nnen mit der Kreativit\u00e4t und dem Einfallsreichtum beim Bau des Schlittens ergattert werden. Jedes Team gestaltet \u00fcberdies eine Teamfahne, deren Ausarbeitung ebenfalls in die Bewertung einfliesst. Gerne pr\u00e4sentieren wir euch bei einem anschliessenden Ap\u00e9ro oder Essen die erreichten Resultate und \u00fcbergeben dem Siegerteam den verdienten Pokal, damit die erbrachten Leistungen geb\u00fchrend gefeiert werden k\u00f6nnen.\n\nDieser Event steigert folgende Teambuilding-Effekte:<br>Der Schlittenbau ist eine ideale Teambuilding-Aktivit\u00e4t \u2013 gemeinsam planen, entscheiden, bauen, testen und Spass haben.\n\nTeilnehmerzahl: 30 bis 120 Personen\nDauer: ca. 2 Stunden\nKosten: auf Anfrage</p>", "url": "https://www.outdoor.ch", "image": "https://jrtagpimtsoch.sos-ch-dk-2.exoscale-cdn.com/catalog/6/e/2/4/6e24287fe61eb7294cc105742efda0bb15775f15_Schlittenbau_Eigervision_1.jpg", "openstreetmap_id": "relation/1682457"}, "geometry": {"type": "Point", "coordinates": ["8.034331114683267", "46.62436019945502"]}}, {"type": "Feature", "properties": {"identifier": "078c06b7-47de-42f3-9335-56e369ed34f7", "name": "Eisskulpturen schnitzen", "description": "<p>Ein eisiges, kreatives, spassiges und aussergew\u00f6hnliches Erlebnis. Ob im Winter oder Sommer dieser Event ist zu jeder Jahreszeit der Kn\u00fcller!\nUnser Profi-Eisk\u00fcnstler gibt Ihnen Tipps und Tricks f\u00fcr zauberhaft \"wahre Eisk\u00fcnste\". Aus dem kalten Material entstehen mit Teamgeist und Kreativit\u00e4t und dem richtigen Werkzeug tolle Figuren und Skulpturen. Der Phantasie des Teams sind keine Grenzen gesetzt, wenn die Kommunikation im Team stimmt, gibts eine Menge CRASHED ICE!</p>\n\nZeitaufwand: 1.5-3 Stunden\nKosten: ab CHF 120", "url": "https://falkevent.ch", "image": "https://jrtagpimtsoch.sos-ch-dk-2.exoscale-cdn.com/catalog/4/b/4/7/4b47afe4bd5b9029b1cf61176c2aae97b31b5134_falkevent_eischnitzen_roche_113_608.jpg", "openstreetmap_id": "way/212799949"}, "geometry": {"type": "Point", "coordinates": ["8.184492588043215", "46.72733055793537"]}}, {"type": "Feature", "properties": {"identifier": "0835628a-503a-4ef5-8f54-5884c149602b", "name": "Interhome", "description": "<p><a href=\"https://www.google.ch/maps/place/Interhome+Grindelwald/@46.6245588,8.0420834,18z/data=!4m6!3m5!1s0x478f9bf94fcf6a37:0x4fa40dc3192197d2!8m2!3d46.6244315!4d8.0429279!16s%2Fg%2F1tctqk__?hl=de&amp;entry=ttu&amp;g_ep=EgoyMDI0MTExOS4yIKXMDSoASAFQAw%3D%3D\" target=\"_blank\" style=\"font-weight: bold;\">Zum Ziel navigieren (Google Maps)</a></p><p><br></p><p>Interhome bietet rund 40.000 Ferienh\u00e4user und -wohnungen in \u00fcber 20 L\u00e4ndern. Das Unternehmen k\u00fcmmert sich um die komplette Organisation f\u00fcr Eigent\u00fcmer und G\u00e4ste und garantiert hohe Qualit\u00e4tsstandards durch ein europaweites Sterne-System. Ob am Meer, in den Bergen, in der Stadt oder auf dem Land \u2013 bei Interhome finden Sie garantiert Ihr ideales Ferienhaus.</p>", "url": "https://www.interhome.ch", "image": "https://jrtagpimtsoch.sos-ch-dk-2.exoscale-cdn.com/catalog/7/6/0/9/7609c7ab298c84392faabffea62e179da0ace3e4_ibter.jpg", "openstreetmap_id": "map=19/46.681559/7.863081"}, "geometry": {"type": "Point", "coordinates": ["8.042888001930288", "46.6245115"]}}, {"type": "Feature", "properties": {"identifier": "0a7824ee-777f-47af-8f81-24baa71e9112", "name": "K\u00e4sereibesichtigung", "description": "Lerne eine der modernsten Alpk\u00e4sereien im Kanton Bern kennen und erlebe die K\u00e4seproduktion hautnah mit. Da wird auch Molke und \u00abWiggefisch\u00bb (K\u00e4sek\u00f6rner) direkt aus dem K\u00e4sechessi probiert. Degustation von Milch, Mutschli, Alpk\u00e4se und Hobelk\u00e4se und F\u00fchrung durch den Alpbetrieb.", "url": "https://haslital.swiss", "image": "https://jrtagpimtsoch.sos-ch-dk-2.exoscale-cdn.com/catalog/5/c/0/a/5c0ac3bd35a1c405a08b0f7bc86ba00ca71951f5_Alpk__se.jpg", "openstreetmap_id": "node/5007055738"}, "geometry": {"type": "Point", "coordinates": ["8.1842711", "46.7273586"]}}, {"type": "Feature", "properties": {"identifier": "0c0e704d-dd03-412a-9cd7-ce4a3e075e24", "name": "Lauterbrunnen 360\u00b0", "image": "https://jrtagpimtsoch.sos-ch-dk-2.exoscale-cdn.com/catalog/7/c/6/6/7c66cd384089ddcff3dc3cb62b35f193d42f6628_latestpreview.jpg", "openstreetmap_id": "relation/1682529"}, "geometry": {"type": "Point", "coordinates": ["7.9078016", "46.5939043"]}}, {"type": "Feature", "properties": {"identifier": "0d7a2d3f-2e51-4c37-89ce-6b84d5b9ab75", "name": "Mountainbike", "description": "Unterwegs auf zwei R\u00e4dern. Entdecke die Bergwelt von M\u00fcrren mit dem Mountainbike. Mit einem Klick auf den Button gelangst du zur \u00dcbersicht aller Trails. ", "image": "https://jrtagpimtsoch.sos-ch-dk-2.exoscale-cdn.com/catalog/a/2/f/3/a2f3f473385488421dd8b3fc5c57aa6f56a3fd85_Mountainbike_M__rren.jpg", "openstreetmap_id": "node/10723247723"}, "geometry": {"type": "Point", "coordinates": ["7.8926445", "46.559373"]}}, {"type": "Feature", "properties": {"identifier": "0f488313-41d0-4e85-bf31-c4fd8a9b2133", "name": "Winter-Challenge", "description": "<p>Die Winter-Challenge verspricht jede Menge Spass und Teamgeist. Gemeinsam meistern Sie als Team abwechslungsreiche Herausforderungen. Perfekt f&uuml;r einen unvergesslichen und erlebnisreichen Tag im Haslital!</p><p>In verschiedenen Disziplinen wie der LVS-Suche, einem H&ouml;rner-Schlitten-Rennen oder dem Fahren auf dem Maxi-Ski sind Geschicklichkeit, Kommunikation und Zusammenarbeit gefragt. Dabei steht nicht der Wettkampf, sondern das gemeinsame Erlebnis im Vordergrund. F&uuml;r Action, Abwechslung und gute Laune ist garantiert gesorgt.</p><p>Auf Wunsch kann auch ein anschliessender Ap&eacute;ro dazugebucht werden.</p><p><strong>Zeitaufwand:</strong> ca. 2 Stunden <br><strong>Buchung:</strong> info@skischule-hasliberg.ch oder +41 33 972 51 10</p>", "url": "https://skischule-hasliberg.ch/", "image": "https://jrtagpimtsoch.sos-ch-dk-2.exoscale-cdn.com/catalog/2/d/a/a/2daa33a3c745669cc3518ab836c19d8e86cc16ec_WinterChallenge.jpg", "openstreetmap_id": "way/536738055"}, "geometry": {"type": "Point", "coordinates": ["8.2082986", "46.7323482"]}}, {"type": "Feature", "properties": {"identifier": "11065493-cad4-4f46-9adc-a60a3babe468", "name": "S\u00e4ge M\u00fchletal", "description": "Bis in die Mitte des 20. Jahrhunderts war die S\u00e4ge im M\u00fchletal bei Innertkirchen noch in Betrieb. Mit viel Engagement hat die Gemeinde die S\u00e4ge nun wieder restauriert. Damit soll ein interessantes Bauwerk aus der Geschichte der Talschaft erhalten bleiben.\n\nSeit einem Jahr ist die S\u00e4ge M\u00fchletal wieder funktionst\u00fcchtig und f\u00fcr das Publikum zug\u00e4nglich. Dank einer Schenkung erhalten die Besucher nun einen noch tieferen Einblick in alte Technik. Auch nach 300 Jahren greifen die Eichenholz-Zahnr\u00e4der immer noch perfekt ineinander.", "url": "https://www.haslimuseum.ch/die-s%C3%A4ge-im-m%C3%BChletal/", "image": "https://jrtagpimtsoch.sos-ch-dk-2.exoscale-cdn.com/catalog/2/6/3/7/263712b677153f9807d513efdbb075ce6ac8dda7_saege_muehletal__1_.jpg", "openstreetmap_id": "way/533384164"}, "geometry": {"type": "Point", "coordinates": ["8.2658545996449", "46.714782799999995"]}}, {"type": "Feature", "properties": {"identifier": "111baa79-782d-4a66-973f-5c9626de48c4", "name": "Schlittelwege", "description": "Jungfrau Eiger Run, Fox Run oder doch der Eiger Run? \u2013 In Wengen warten aufregende Schlittelstrecken auf dich. Sogar nachts kannst du auf zwei Kufen durch die verschneiten Landschaften gleiten. Mit einem Klick auf den Button gelangst du zur \u00dcbersicht aller Schlittelwege.", "image": "https://jrtagpimtsoch.sos-ch-dk-2.exoscale-cdn.com/catalog/8/3/8/9/83891d49e753fed104b4590ce9779c5a77087838_Schlitteln_Wengen.jpg", "openstreetmap_id": "way/282059913"}, "geometry": {"type": "Point", "coordinates": ["7.92134", "46.605"]}}, {"type": "Feature", "properties": {"identifier": "1201eef0-5ae8-4744-99ce-9028224e9a7e", "name": "Wengener Konfit\u00fcre", "description": "Konfit\u00fcre, Marmelade und Chutneys aus regionalen Fr\u00fcchten.", "image": "https://jrtagpimtsoch.sos-ch-dk-2.exoscale-cdn.com/catalog/4/b/e/b/4beb81023d361ebb00224abb3e43d2f065fa3c5c_allgemein_wengen.jpg", "openstreetmap_id": "node/240096898"}, "geometry": {"type": "Point", "coordinates": ["7.9217237", "46.6054411"]}}, {"type": "Feature", "properties": {"identifier": "12c72aa9-4b2b-4825-ba69-168f0ac60e0d", "name": "Gletscherschlucht Rosenlaui", "description": "<p style=\"margin-bottom: 5px;\">Das Naturwunder in den Alpen: Die Gletscherschlucht Rosenlaui begeistert seit &uuml;ber 100 Jahren alle Naturromantiker. Tief hat sich der Weissenbach auf seinem Weg vom Gletscher ins Tal in die Kalk- und Schieferfelsen entlang seines Laufes gefressen. Wuchtige Wasserf&auml;lle, romantische Grotten, bizarre Felsschliffe: Seit Jahrtausenden formt das Gletscherwasser ein fantastisches Kunstwerk in den Fels.</p><p style=\"margin-bottom: 5px;\">Die unb&auml;ndige Kraft des Wassers fasziniert, weckt den Philosophen in uns und sp&uuml;lt den Alltag weg. Die Gletscherschlucht Rosenlaui ist ein erfrischendes Naturerlebnis inmitten einer pr&auml;chtigen Bergwelt. Die Gletscherschlucht Rosenlaui ist mit dem Auto sowie mit dem Postauto (Haltestelle: Rosenlaui, Gletscherschlucht) erreichbar.</p><p style=\"margin-bottom: 5px;\">&nbsp;</p><p style=\"margin-bottom: 5px;\"><strong>RailAway Angebot&nbsp;<span style=\"font-size: 10.0pt; mso-bidi-font-size: 12.0pt; font-family: 'Arial',sans-serif; mso-fareast-font-family: Aptos; mso-fareast-theme-font: minor-latin; mso-bidi-theme-font: minor-bidi; mso-ansi-language: DE-CH; mso-fareast-language: EN-US; mso-bidi-language: AR-SA;\">&ndash;</span> Nature'n'Rail Gletscherschlucht Rosenlaui</strong><br>Im September von bis zu 50% Rabatt auf die Fahrt mit den &ouml;ffentlichen Verkehrsmitteln und zus&auml;tzlich von 20% Rabatt auf den Eintritt in die Gletscherschlucht Rosenlaui profitieren: <a href=\"https://rosenlauischlucht.ch/de/Ferien/Aktuell\" target=\"_blank\" rel=\"noopener\">Zum Angebot</a></p>", "url": "https://www.rosenlauischlucht.ch/", "image": "https://jrtagpimtsoch.sos-ch-dk-2.exoscale-cdn.com/catalog/d/3/f/5/d3f5354a30818ea4663b0abe30faabcda973acc3_Rosenlauischlucht_1.jpg", "openstreetmap_id": "way/37893429"}, "geometry": {"type": "Point", "coordinates": ["8.155546188354494", "46.67829157327921"]}}, {"type": "Feature", "properties": {"identifier": "14ec7a54-181c-44e5-9967-516ec893fab8", "name": "Spazierwege", "description": "Keine Lust auf eine grosse Wanderung, aber trotzdem etwas die Beine vertreten? Schlechtes Wetter, aber trotzdem ein wenig frische Luft schnappen? Mit einem Klick auf den Button gelangst du zur \u00dcbersicht aller Spazierwege.", "image": "https://jrtagpimtsoch.sos-ch-dk-2.exoscale-cdn.com/catalog/7/6/1/7/7617cb6a5abc49d485428d74c12692f729b71581_Winterspaziergang_durch_das_verschneite_Wengen..jpg", "openstreetmap_id": "way/282059913"}, "geometry": {"type": "Point", "coordinates": ["7.92134", "46.605"]}}, {"type": "Feature", "properties": {"identifier": "15f1efee-7879-4ebf-b217-219f340941e7", "name": "Themenwege", "description": "Eine Kuh, Zwerge, Kugelbahnen, ein Detektiv \u2013 auch Wanderwege und Spazierg\u00e4nge, die einem bestimmten Thema gewidmet sind, gibt es in der Jungfrau Region zuhauf. Mit einem Klick auf den Button gelangst du zur \u00dcbersicht aller Themenwege.", "image": "https://jrtagpimtsoch.sos-ch-dk-2.exoscale-cdn.com/catalog/f/f/9/8/ff987b012ea1fa2eee6c8cd8b3dcfe51fb284e7b_Kugelweg_Hasliberg.jpg", "openstreetmap_id": "node/11434275959"}, "geometry": {"type": "Point", "coordinates": ["7.9436061", "46.6111252"]}}, {"type": "Feature", "properties": {"identifier": "165d3d46-3e18-4b35-9075-5b80f91209e8", "name": "Schneeschuhwanderungen", "description": "Schneeschuhwandern im Winterparadies. Mit dem Dreigestirn Eiger, M\u00f6nch und Jungfrau vor Augen.An Routen mangelt es in M\u00fcrren nicht. Und eine ist sch\u00f6ner wie die andere. Mit einem Klick auf den Button gelangst du zur \u00dcbersicht aller Schneeschuhwanderungen.", "image": "https://jrtagpimtsoch.sos-ch-dk-2.exoscale-cdn.com/catalog/5/6/b/1/56b1a4984d202b4c2637d9b9905fc8e817a125d0_Ch__nelegg_Trail_M__rren.jpg", "openstreetmap_id": "node/10723247723"}, "geometry": {"type": "Point", "coordinates": ["7.8926445", "46.559373"]}}, {"type": "Feature", "properties": {"identifier": "1725f2bb-0351-4384-b8bd-a3f3ecb2110d", "name": "Hasliberger Dorfweg", "description": "Der Hasliberg bietet nebst landschaftlicher Sch\u00f6nheit ein interessantes, \u00fcber Jahrhunderte gewachsenes Siedlungsbild mit zahlreichen sch\u00f6nen Bauernh\u00e4usern, Geb\u00e4udegruppen, G\u00e4rten und alten Wegen.\n\nDer Weg f\u00fchrt \u00fcber die grosse, durch Bachl\u00e4ufe und Waldstreifen reich gegliederte Gel\u00e4ndeterrasse auf einer H\u00f6he zwischen etwa 1000 und 1200 m \u00fc. M. Es ist das Gebiet der landwirtschaftlichen Heimwesen.\n\nVorherrschend ist die Streubauweise, bestehend aus vielen Einzelh\u00f6fen und Gruppensiedlungen, welche sich erst in j\u00fcngerer Zeit zu kleinen D\u00f6rfern entwickelten. Gruppensiedlungen entstanden vor allem entlang kleinerer Bachl\u00e4ufen, welche f\u00fcr Landwirtschaft, Haushalt und l\u00e4ndliches Kleingewerbe genutzt wurden.", "url": "https://haslital.swiss", "image": "https://jrtagpimtsoch.sos-ch-dk-2.exoscale-cdn.com/catalog/c/0/1/f/c01fbf9a8c3f801739f9a577702c4f16f06d16ad_hasliberger_dorfweg__1_.jpg", "openstreetmap_id": "relation/1682470"}, "geometry": {"type": "Point", "coordinates": ["8.208246361031351", "46.73368337200147"]}}, {"type": "Feature", "properties": {"identifier": "1a1034e7-b924-4558-9052-16fbe6e529f1", "name": "Abenteuer Eigernordwand - Stollenloch", "description": "<p>Die sagenumwobene Eigernordwand ragt sch\u00fctzend, aber auch be\u00e4ngstigend, \u00fcber dem Gletscherdorf Grindelwald in der N\u00e4he von Interlaken empor und beeinflusst seit Jahrhunderten das Denken und Handeln der einheimischen Bev\u00f6lkerung sowie der internationalen Bergsteigergemeinschaft. Zahlreiche Geschichten wurden in und \u00fcber die Eigernordwand geschrieben, verfilmt und m\u00fcndlich \u00fcberliefert.\nDer Mythos \u00abEigernordwand\u00bb l\u00e4sst sich von euch hautnah erleben. Gemeinsam mit unseren patentierten Bergf\u00fchrerinnen/Bergf\u00fchrern, ad\u00e4quat ausger\u00fcstet mit Helm und Klettergurt und kompetent instruiert, wagt ihr eure ersten Kletterversuche in der Eigernordwand. Hierf\u00fcr h\u00e4lt der Zug aufs Jungfraujoch exklusiv f\u00fcr euch im \u00abStollenloch\u00bb. <br><br>Gerne erz\u00e4hlen euch bei dieser Gelegenheit eure Begleitpersonen von OUTDOOR alles Wissenswerte \u00fcber das Drama und das Spektakel der Erstbesteigung der Eigernordwand und zeigen euch das damals verwendete Klettermaterial im Gegensatz zum heute \u00dcblichen. Ihr werdet staunen. In der 2'000 m hohen Eigernordwand erwartet euch eine 600 m tiefe Aussicht ins Tal. Im Anschluss an das einmalige Erlebnis in der Eigernordwand fahrt ihr nach Wunsch entweder weiter mit dem Zug aufs Jungfraujoch oder ihr kehrt mit Zug und/oder Gondelbahn nach Grindelwald zur\u00fcck. <br><br>Das Erlebnis \u00abEigernordwand\u00bb ist ganzj\u00e4hrig buch- und mit diversen anderen Angeboten kombinierbar: F\u00fchrung und/oder Gletscherwanderung auf dem Jungfraujoch, Schlittenabfahrt im Winter oder Wanderung im Sommer. Schlitteln und Wandern ist sehr eindr\u00fccklich direkt unterhalb der Eigernordwand m\u00f6glich. <br><br>Dieser Event steigert folgende Teambuilding-Effekte: <br>Diese Team-Building-Herausforderung f\u00f6rdert die Gruppendynamik, erweitert den Erfahrungsschatz, bindet emotional und kann die Komfortzone ihrer Mitarbeitenden vergr\u00f6ssern. <br><br>Teilnehmerzahl: 5 bis 15 Personen, maximal 30 Personen <br>Dauer: halber bis ganzer Tag <br>Kosten: auf Anfrage</p>", "url": "https://outdoor.ch", "image": "https://jrtagpimtsoch.sos-ch-dk-2.exoscale-cdn.com/catalog/4/a/6/b/4a6b4201e7df14a3cdd2875247a5b87592fd9b98_Stollenloch_Events_52.jpg", "openstreetmap_id": "relation/1682457"}, "geometry": {"type": "Point", "coordinates": ["8.01971447270206", "46.6243304836214"]}}, {"type": "Feature", "properties": {"identifier": "1d0cde03-af5c-4968-9eab-64d8619cc1d9", "name": "Alpwirtschaft Handegg ", "description": "K\u00e4se, Wurst, Joghurt ", "url": "https://www.facebook.com/alpkaeserei.handegg/", "image": "https://jrtagpimtsoch.sos-ch-dk-2.exoscale-cdn.com/catalog/3/a/0/f/3a0f5413d6f7e6b32c0fa450f9b13acec069ab5d_Alpwirtschaft_Handegg.jpg", "openstreetmap_id": "node/3407346138"}, "geometry": {"type": "Point", "coordinates": ["8.3071639", "46.6128392"]}}, {"type": "Feature", "properties": {"identifier": "1d506ec3-6235-4bc9-b689-722b51629715", "name": "Wanderungen", "description": "Tiefblaue Bergseen, gr\u00fcne Alpweiden, weisse Berggipfel \u2013 ein Panorama, das seinesgleichen sucht. In Grindelwald wird jede Wanderung zum unvergesslichen Erlebnis. Mit einem Klick auf den Button gelangst du zur \u00dcbersicht aller Wanderungen.", "image": "https://jrtagpimtsoch.sos-ch-dk-2.exoscale-cdn.com/catalog/7/7/e/f/77efac048172154bb28193a06224c75ff6805ea7_Wandern_Grindelwald.jpg", "openstreetmap_id": "node/11557201756"}, "geometry": {"type": "Point", "coordinates": ["8.03601", "46.62396"]}}, {"type": "Feature", "properties": {"identifier": "1f74b4c1-c0d8-4634-adea-d969841ab523", "name": "P\u00fc\u00fcre Laden ", "description": "Der P\u00fc\u00fcre Laden Gadmen bietet eine Auswahl an authentischen Schweizer Produkten, darunter Alpk\u00e4se, ein K\u00e4se, der ausschliesslich in den Sommermonaten auf der Alp hergestellt wird und mit w\u00fcrzigen Kr\u00e4utern verfeinert ist. Ausserdem gibt es eine Reihe von Wurstwaren wie Gadmermerchnebel, Geisswurst, Schafwurst und Trockenfleisch, die alle von Tieren stammen, die auf der Alp aufgezogen und nach traditionellen Rezepten verarbeitet wurden. Zu ihren Spezialit\u00e4ten geh\u00f6ren auch Lik\u00f6re, Sirupe, Essige, Marmeladen, Honig und Nidelt\u00e4feli, die du online kaufen kannst.", "image": "https://jrtagpimtsoch.sos-ch-dk-2.exoscale-cdn.com/catalog/7/8/0/5/7805b81e1dba57dab8a534a1ad8279ff4adebfd9_pic_96830.jpg", "openstreetmap_id": "node/11540037509"}, "geometry": {"type": "Point", "coordinates": ["8.3184243", "46.7211085"]}}, {"type": "Feature", "properties": {"identifier": "244bb79d-e952-48e7-9c2e-d75faad71479", "name": "Triftbahn", "description": "Zehn Minuten dauert die Bahnfahrt \u00fcber dem Triftwasser und hinauf zum Ausgangspunkt f\u00fcr die 1.5-st\u00fcndige Wanderung zum unbestrittenen H\u00f6hepunkt des Triftgebiets \u2013 der Triftbr\u00fccke.", "url": "https://www.grimselwelt.ch", "image": "https://jrtagpimtsoch.sos-ch-dk-2.exoscale-cdn.com/catalog/7/f/b/0/7fb0f9f9f299a226524d02dfc87dabe314843349_Triftbahn.jpg", "openstreetmap_id": "way/360347824"}, "geometry": {"type": "Point", "coordinates": ["8.318432934007681", "46.721153099999995"]}}, {"type": "Feature", "properties": {"identifier": "24a8b4e2-875d-47fc-8a85-59ef522b58c1", "name": "Praxis f\u00fcr manuelle Therapien", "description": "Ich stelle mir einen Baum vor. Er hat gesunde Wurzeln einen starken Stamm und ist wundersch\u00f6n im Laub. Das Klima ver\u00e4ndert sich immer wieder und der Baum ist stetig in Ver\u00e4nderung. Er passt sich den Jahreszeiten an mal verliert er bei einem Sturm einen Ast aber er steht da. Wenn der Baum sich nicht mehr selber regulieren kann, sei es durch eine Verletzung der Wurzeln, dann wird der Baum krank.\n\nUm diese belastenden Umst\u00e4nde zu \u00fcberwinden ben\u00f6tigt der Baum Ressourcen, die er sich holen kann. Um Energie zu sparen nimmt er mit den verbleibenden Wurzeln N\u00e4hrstoffe auf oder l\u00e4sst Bl\u00e4tter fallen.", "url": "https://www.locherboden.ch/", "image": "https://jrtagpimtsoch.sos-ch-dk-2.exoscale-cdn.com/catalog/1/7/a/7/17a7c83030730b4fad5cbc25aee72d31eaea593e_Praxis2.png", "openstreetmap_id": "way/320651589"}, "geometry": {"type": "Point", "coordinates": ["8.042140843146676", "46.62059285"]}}, {"type": "Feature", "properties": {"identifier": "24ab870d-6a29-4347-b808-0c18bd2862a0", "name": "Wanderungen", "description": "Tiefblaue Bergseen, gr\u00fcne Alpweiden, weisse Berggipfel \u2013 ein Panorama, das seinesgleichen sucht. Im Haslital wird jede Wanderung zum unvergesslichen Erlebnis. Mit einem Klick auf den Button gelangst du zur \u00dcbersicht aller Wanderungen.", "image": "https://jrtagpimtsoch.sos-ch-dk-2.exoscale-cdn.com/catalog/4/6/c/5/46c5a5a847e90e4b7aa31b422e616a4b075b5db3_Wandern_Grimselwelt.jpg", "openstreetmap_id": "node/1939702876"}, "geometry": {"type": "Point", "coordinates": ["8.277708", "46.642224"]}}, {"type": "Feature", "properties": {"identifier": "24d5d59f-92c1-4acf-ab4e-2aab78a85a62", "name": "S\u00e4ge Schwarzwaldalp", "description": "Das historische S\u00e4gewerk Schwarzwaldalp, das vor \u00fcber einem Jahrhundert gebaut wurde, arbeitet immer noch mit der gleichen Pr\u00e4zision wie am ersten Tag. Dieses Wunderwerk der Technik wird mit einer Naturkraft angetrieben und ist ein Beispiel f\u00fcr ausgefeilte Handwerkskunst.&nbsp;", "url": "https://saege-schwarzwaldalp.ch/d/fotos/", "image": "https://jrtagpimtsoch.sos-ch-dk-2.exoscale-cdn.com/catalog/6/e/e/0/6ee0c409ed1915555daa42e4bf3094c27909b7c3_S__ge_Schwarzwaldalp.jpg", "openstreetmap_id": "node/1909288810"}, "geometry": {"type": "Point", "coordinates": ["8.1330486", "46.6753094"]}}, {"type": "Feature", "properties": {"identifier": "24e33176-0518-4797-a878-37bb2b5c42e3", "name": "Dorflade Wengen ", "description": "Dorflade Wengen bietet ein breites Sortiment an Lebensmitteln, darunter K\u00e4se von der Wengernalp. Das Gesch\u00e4ft ist bekannt f\u00fcr seine regionalen Produkte und den Hauslieferdienst. Die \u00d6ffnungszeiten variieren je nach Saison, wobei das Gesch\u00e4ft im Sommer, Winter und Fr\u00fchling t\u00e4glich ge\u00f6ffnet ist. ", "url": "https://www.dorflade-wengen.ch/de", "image": "https://jrtagpimtsoch.sos-ch-dk-2.exoscale-cdn.com/catalog/1/c/1/f/1c1f8670201e118efe006e770d7d4982a66bb1a5_Dorflade_wengen.jpg", "openstreetmap_id": "node/5162410346"}, "geometry": {"type": "Point", "coordinates": ["7.9211369", "46.6060061"]}}, {"type": "Feature", "properties": {"identifier": "25408ce7-4254-4072-a7f1-97ecd8e5c8f1", "name": "Gelmerbahn", "description": "Wer den Nervenkitzel sucht, findet ihn hier im Haslital auf der Berner Seite des Grimselpass. Eine Steigung von maximal 106 Prozent macht die Gelmerbahn unbestritten zur steilsten, offenen Einwagen-Standseilbahn Europas. Oben angekommen, inmitten einer pr\u00e4chtigen Bergwelt, auf 1850 m \u00fc. M., wartet der Gelmersee auf dich. Er l\u00e4dt zum Verweilen und ist Ausgangspunkt f\u00fcr Wanderungen und Bergtouren.\n\nDie Talstation der Gelmerbahn ist sowohl mit dem Auto als auch mit dem Postauto (Haltestelle: Handegg, Gelmerbahn) gut erreichbar. Die Station befindet sich in der Handegg, direkt an der Strasse zum Grimselpass.", "url": "https://www.grimselwelt.ch/", "image": "https://jrtagpimtsoch.sos-ch-dk-2.exoscale-cdn.com/catalog/b/8/0/6/b806e548f3b2b01bb0f1820e67a2c41e4e200a68_Gelmerbahn_in_Fahrt_Copyright_Grimselwelt.jpg", "openstreetmap_id": "node/5186077453"}, "geometry": {"type": "Point", "coordinates": ["8.308566212654116", "46.61367133119321"]}}, {"type": "Feature", "properties": {"identifier": "286f47de-eee5-467b-8b59-f1ac84c2420d", "name": "Spazierwege", "description": "Keine Lust auf eine grosse Wanderung, aber trotzdem etwas die Beine vertreten? Schlechtes Wetter, aber trotzdem ein wenig frische Luft schnappen? Mit einem Klick auf den Button gelangst du zur \u00dcbersicht aller Spazierwege.", "image": "https://jrtagpimtsoch.sos-ch-dk-2.exoscale-cdn.com/catalog/f/7/1/3/f7138394914c19f0fad8706285315780304db934_Grindelwald_Museum.jpg", "openstreetmap_id": "node/11557201756"}, "geometry": {"type": "Point", "coordinates": ["8.03601", "46.62396"]}}, {"type": "Feature", "properties": {"identifier": "290963f7-d0a1-451a-bdb9-4f514cefe5ba", "name": "Massagen und Behandlungen", "description": "In der heutigen, schnelllebigen Zeit, ist es mir ein Anliegen, dass meine Klienten bei mir Ruhe und Entspannung finden.\n\nStress, Verspannungen, Schmerzen, falsche Ern\u00e4hrung\nund viele andere Faktoren, bringen unseren K\u00f6rper aus dem Gleichgewicht.\n\nG\u00f6nnen Sie sich bewusst eine Auszeit.\nEine Massage bietet sich als wunderbare Art an, \ndem K\u00f6rper zu helfen, sein Gleichgewicht wieder zu finden.", "url": "https://www.massagengrindelwald.ch/", "image": "https://jrtagpimtsoch.sos-ch-dk-2.exoscale-cdn.com/catalog/3/3/b/3/33b3770228872963ea0de2fdb91227f3a15b6171_312166623_518613140272220_1652760322258990063_n.jpg", "openstreetmap_id": "way/26475684"}, "geometry": {"type": "Point", "coordinates": ["8.020910024642946", "46.619331584186575"]}}, {"type": "Feature", "properties": {"identifier": "2b6bb8dd-325a-4f43-acce-b1f776723167", "name": "Grosse Scheidegg", "description": "Die Grosse Scheidegg ist mit Bus ab Grindelwald in 40 Minuten und ab Meiringen in 60 Minuten erreichbar. Ein grosses, gem\u00fctliches Restaurant mit \u00fcber 100 Pl\u00e4tzen l\u00e4dt zum Verweilen ein. Bei sch\u00f6nem Wetter auf der Panoramaterrasse mit Blick auf die Felsw\u00e4nde der Hochalpen.\n\nDie Grosse Scheidegg ist bei Bikerinnen und Bikern, aber auch bei Wanderinnen und Wanderern \u00e4usserst beliebt. Erstens bieten Wetterhorn, Eiger und Engelh\u00f6rner eine umwerfende Kulisse und zweitens ist die Strasse weitgehend autofrei. Sehr beliebt sind die Wanderungen zur First und zur Rosenlauischlucht. \n\nIm September findet jeweils das Alpk\u00e4sefest statt.\n\nEs besteht ein generelles Fahrverbot f\u00fcr den motorisierten Verkehr zwischen Schwarzwaldalp und Grindelwald (ab Hotel Wetterhorn). In den Sommermonaten verkehren Busse von beiden Seiten (Grindelwald und Schwarzwaldalp) zur Grossen Scheidegg. Im Winter f\u00e4hrt der Bus nur von der Schwarzwaldalp.", "image": "https://jrtagpimtsoch.sos-ch-dk-2.exoscale-cdn.com/catalog/a/3/d/7/a3d75c9c4284f268a097fdf0e2dc399d0bbba0a4_Natur_Grosse_Scheidegg.jpg", "openstreetmap_id": "node/281779660"}, "geometry": {"type": "Point", "coordinates": ["8.1018667", "46.6558783"]}}, {"type": "Feature", "properties": {"identifier": "2bbca3d2-db89-4af0-9933-7b7b9ab83211", "name": "Winterwanderungen", "description": "Wandern im Winterm\u00e4rchenland. Von der Gr\u00fctschalp nach M\u00fcrren. Oder von M\u00fcrren nach Gimmelwald. Oder... An Routen mangelt es in der Jungfrau Region nicht. Und eine ist sch\u00f6ner wie die andere. Mit einem Klick auf den Button gelangst du zur \u00dcbersicht aller Winterwanderungen.", "image": "https://jrtagpimtsoch.sos-ch-dk-2.exoscale-cdn.com/catalog/7/2/1/f/721f39465968e438692cf49d500e9ad37f4e2e67_Ch__nelegg_Trail_M__rren__2_.jpg", "openstreetmap_id": "node/10723247723"}, "geometry": {"type": "Point", "coordinates": ["7.8926445", "46.559373"]}}, {"type": "Feature", "properties": {"identifier": "306f7f48-8c81-40e8-8d44-4d04c4de879c", "name": "Winter Trail Running", "description": "In der Jungfrau Region kommen L\u00e4uferinnen und L\u00e4ufer auch im Winter auf ihre Kosten. Die \u00fcber 100 km Winterwanderwege eignen sich perfekt f\u00fcrs Trail Running. Mit einem Klick auf den Button gelangst du zur \u00dcbersicht aller Winter Trailruns.", "image": "https://jrtagpimtsoch.sos-ch-dk-2.exoscale-cdn.com/catalog/a/f/f/f/afffed67b788e275e8ef7b0e08b28709315c31a9__Trailrunning_Grindelwald.jpg", "openstreetmap_id": "node/11434275959"}, "geometry": {"type": "Point", "coordinates": ["7.9436061", "46.6111252"]}}, {"type": "Feature", "properties": {"identifier": "3293ced8-e0c9-4429-a21c-2a11a4b2de7c", "name": "Uf em Melk ", "description": "Grossesel Wengen bietet eine Vielzahl von Bio-Hofprodukten an. Die saisonale Produkte umfassen Lam und Gitzi, w\u00e4hrend Alpk\u00e4se und Ziegenk\u00e4se das ganze Jahr \u00fcber erh\u00e4ltlich sind. Dauerhafte Angebote sind H\u00fchnereier und Trockenwurst. Der Hof ist BIO-zertifiziert (BIOSUISSE) ", "url": "https://grossesel.com/ueber-uns/", "image": "https://jrtagpimtsoch.sos-ch-dk-2.exoscale-cdn.com/catalog/0/6/c/c/06cc2c51fc53fa07f67a18d8bcff9db8fe964f74_Uf_em_Melk.jpg", "openstreetmap_id": "way/225746000"}, "geometry": {"type": "Point", "coordinates": ["7.92270159080873", "46.59372765"]}}, {"type": "Feature", "properties": {"identifier": "32bc68ca-5ea6-400e-981d-7335b99ba3fe", "name": "Michaelskirche Meiringen", "description": "Bei der Renovation 1915/16 wurden die Reste der versch\u00fctteten, rund f\u00fcnf Meter unter dem heutigen Niveau gelegenen drei Vorg\u00e4ngerkirchen entdeckt. Die Ausgrabungen von nationaler Bedeutung zeigen \u00fcber 1000 Jahre Geschichte.\n\nDer Zugang befindet sich auf der West-Seite beim Haupteingang. Die interessanten Ausgrabungen k\u00f6nnen unterhalb der Michaelskirche bestaunt werden. Phantastische Ausgrabungen und Funde aus unserer Vorzeit warten auf dich.", "url": "https://refkgm.ch", "image": "https://jrtagpimtsoch.sos-ch-dk-2.exoscale-cdn.com/catalog/0/a/b/1/0ab15f1f008666f387d5aec2acac32748f105762_Meiringen_Dorf_byDavidBirri.jpg", "openstreetmap_id": "way/427175424"}, "geometry": {"type": "Point", "coordinates": ["8.188791619913522", "46.7299425"]}}, {"type": "Feature", "properties": {"identifier": "34d4cc3d-c4ff-407f-a1b3-7a5f06941ceb", "name": "Schlitteln und Velogemeln", "description": "Schlittenfahren ist von einem perfekten Schweizer Wintererlebnis nicht wegzudenken. Wir bieten euch eine erlesene Abfahrt auf einem der vielen Schlittenwege in der Jungfrau Region mit dem neuartigen Lenkrodel, der sich aber auch konventionell fahren l\u00e4sst, oder dem Velogemel. Der Velogemel ist ein in Grindelwald erfundenes und patentiertes traditionelles Fortbewegungsmittel f\u00fcr schneebedeckte Fahr- und Fusswege.\nMit etwas \u00dcbung und einer sorgf\u00e4ltigen Instruktion durch unsere OUTDOOR Guides finden alle Gruppenmitglieder Vertrauen in ihre oft schon als Kind erworbenen Schlittel-Fertigkeiten. Behutsam instruiert machen auch Schlittensport-Einsteiger mit uns erfolgreich erste Abfahrten.\nEine Schlittenabfahrt l\u00e4sst sich wunderbar mit einem Ap\u00e9ro und/oder einem feinen Fondueessen unter freiem Himmel oder in einer Bergh\u00fctte/Bergrestaurant abrunden.\n\nSicherheitsmanagement:\nDamit ihr Schlittelerlebnis f\u00fcr alle ein Erfolg wird, halten wir uns an folgende sicherheitsrelevanten Massnahmen:\n\n\u2022    Pro Guide werden maximal 12 G\u00e4ste zugeteilt\n\u2022    Sorgf\u00e4ltige Instruktion vor der Abfahrt\n\u2022    Zus\u00e4tzliche relevante Informationen w\u00e4hrend der Abfahrt, z. B. bevorstehendes steiles Teilst\u00fcck\n\u2022    Abends und nachts werden alle G\u00e4ste mit Stirnlampen ausger\u00fcstet\n\u2022    Alle Guides sind mit Warnwesten ausger\u00fcstet und stehen in Kontakt miteinander\n\u2022    Wir empfehlen das Konsumieren von alkoholischen Getr\u00e4nken vor der Abfahrt zu unterlassen\n\u2022    Das Tragen eines Helms wird empfohlen\n\nDieser Event steigert folgende Teambuilding-Effekte:\nDie beim Schlitteln bzw. Velogemeln gemeinsam erlebten Emotionen f\u00f6rdern das Verst\u00e4ndnis f\u00fcreinander, das kollektive R\u00fccksichtnehmen auf Schw\u00e4chere und St\u00e4rkere und den Team-Building-Prozess.\n\nTeilnehmerzahl: 10 bis 100 Personen\nDauer: 1/2 - 2 Stunden, je nach Strecke\nKosten: auf Anfrage<p></p>", "url": "https://outdoor.ch", "image": "https://jrtagpimtsoch.sos-ch-dk-2.exoscale-cdn.com/catalog/e/c/5/b/ec5b880b8b884428f0a9eb8787b2270fd9a4d11b_outdoor_outdoor_switzerland_day_sledding_11_web.jpg", "openstreetmap_id": "node/272852989"}, "geometry": {"type": "Point", "coordinates": ["7.9409459", "46.6131638"]}}, {"type": "Feature", "properties": {"identifier": "38ef1575-b7c8-47e5-835b-cc95a383a220", "name": "Winter Trail Running", "description": "In Grindelwald L\u00e4uferinnen und L\u00e4ufer auch im Winter auf ihre Kosten. Die \u00fcber 100 km Winterwanderwege eignen sich perfekt f\u00fcrs Trail Running. Mit einem Klick auf den Button gelangst du zur \u00dcbersicht aller Winter Trailruns.", "image": "https://jrtagpimtsoch.sos-ch-dk-2.exoscale-cdn.com/catalog/f/c/b/1/fcb1fe080f75651f089c371614fdb603f1a22151_Trailrunning_Grindelwald__2_.jpg", "openstreetmap_id": "node/11557201756"}, "geometry": {"type": "Point", "coordinates": ["8.03601", "46.62396"]}}, {"type": "Feature", "properties": {"identifier": "3ae339e0-49c4-4ece-a901-4553ebaa68cd", "name": "Ferienwohnung Grubi", "description": "<p class=\"MsoNormal\">Eine Ferienwohnung inmitten der Bergwelt. In unmittelbarer\nN\u00e4he zur Skipiste. Mitten im Wanderparadies. Wir freuen uns auf dich.<br>\u00dcber den Button gelangst du direkt zum Buchungsportal oder\nkannst eine E-Mail f\u00fcr deine Reservationsanfrage an den Vermieter schicken.</p>", "image": "https://jrtagpimtsoch.sos-ch-dk-2.exoscale-cdn.com/catalog/0/4/7/6/047638bdd4cfa5b64e3141547e2933e2372d31e8_Ferienwohnung_Grubi.jpg", "openstreetmap_id": "way/294654189"}, "geometry": {"type": "Point", "coordinates": ["8.209498353107207", "46.73219305"]}}, {"type": "Feature", "properties": {"identifier": "3c5d7257-c5aa-47d9-b779-ea71358f51a2", "name": "Harmonie Holz", "description": "Harmonie Holz am Terrassenweg 61 in Grindelwald hat sich auf die Herstellung einzigartiger Holzkunstwerke und Installationen spezialisiert. Sie bieten massgeschneiderte Produkte an, die individuelle Kundenw\u00fcnsche mit ihrer umfangreichen Erfahrung verbinden. Ihr Portfolio umfasst Unikate und Installationen aus Holz, Wildholz und Altholz f\u00fcr den Innen- und Aussenbereich. Harmonie Holz ist stolz darauf, sich aussergew\u00f6hnlichen Herausforderungen zu stellen und nimmt sie regelm\u00e4ssig an.&nbsp;", "url": "https://harmonieholz.ch/47/produkte", "image": "https://jrtagpimtsoch.sos-ch-dk-2.exoscale-cdn.com/catalog/2/3/7/4/2374fec61b0e87d0bf10f609ec3eb813628a453f_Harmonie_Holz_Teamlist.jpg", "openstreetmap_id": "node/2618801527"}, "geometry": {"type": "Point", "coordinates": ["8.0388129", "46.6295823"]}}, {"type": "Feature", "properties": {"identifier": "3cd7f689-dffb-4d4f-a168-eb1f663ca9e2", "name": "Dorfrundgang M\u00fcrren", "description": "<p>W&auml;hrend des Dorfrundgangs begehst du nicht nur die paar Strassen, die sich durch M&uuml;rren ziehen. Nein, du besuchst auch ein St&uuml;ck der Vergangenheit, die das Bergdorf zu dem gemacht haben, was es heute ist. Erfahre, wie dieses Juwel der Alpen vom Wallis her besiedelt wurde, wer hier f&uuml;r den ersten Alpen-&Uuml;berquerungsflug im Ballon gestartet ist und wie M&uuml;rren zur Wiege des alpinen Skisports wurde. Auf dem gem&uuml;tlichen Spaziergang f&uuml;hrt dich unser englischsprechender Guide innerhalb von ca. einer Stunde durch das Dorf. Der Treffpunkt ist beim Alpinen Sportzentrum in M&uuml;rren.</p><p>&nbsp;</p>", "url": "https://muerren.swiss/de/", "image": "https://jrtagpimtsoch.sos-ch-dk-2.exoscale-cdn.com/catalog/c/1/7/3/c1730b6e0d0969101c2ed0320f246679db5d117e_image00022.jpeg", "openstreetmap_id": "way/548551235"}, "geometry": {"type": "Point", "coordinates": ["7.895324281060606", "46.562483"]}}, {"type": "Feature", "properties": {"identifier": "3d324199-e364-4064-9f03-6bda4ddf0a6c", "name": "Wengener Teemischung ", "description": "Eigertee, M\u00f6nchtee, Jungfrautee\n", "image": "https://jrtagpimtsoch.sos-ch-dk-2.exoscale-cdn.com/catalog/b/c/4/b/bc4bafab32865c05fe144dd64856857ea9c21714_allgemein_wengen.jpg", "openstreetmap_id": "way/547992201"}, "geometry": {"type": "Point", "coordinates": ["7.922437650877148", "46.60745825"]}}, {"type": "Feature", "properties": {"identifier": "3eb1d5d3-e3d8-489f-937e-e5296ea44876", "name": "Alpen tower", "description": "Sustenhorn, Grimselgebiet und Finsteraarhorn liegen auf der einen Seite, Brienzersee, Rothorn und weit hinten der Jura auf der anderen.\nDer Alpen tower steht f\u00fcr eine spektakul\u00e4re 360\u00b0-Panoramasicht auf die umliegende Bergwelt und das Haslital \u2013 und er ist im Sommer ein optimaler Ausgangspunkt f\u00fcr Wanderungen und Gleitschirmfl\u00fcge. Im Showroom vom Alpen tower ist zudem ein wahrer Muggestutz-Glanzpunkt zu bestaunen. Eine 15 m breite und rund 2,5 m hohe Inszenierung einer Wintersequenz aus dem Buch \u00abEin aussergew\u00f6hnlicher Winter\u00bb.", "url": "https://meiringen-hasliberg.ch", "image": "https://jrtagpimtsoch.sos-ch-dk-2.exoscale-cdn.com/catalog/d/8/a/6/d8a6d1827e9d887f9d0263fe44bd51f9e2d30815_Alpentower_Sommer_2.jpg", "openstreetmap_id": "way/38350134"}, "geometry": {"type": "Point", "coordinates": ["8.257016150152339", "46.73758745"]}}, {"type": "Feature", "properties": {"identifier": "3f24561d-89b2-403f-8efe-a9f7ac8d7b57", "name": "Skirennen", "description": "<p>Wir organisieren Ihr Firmen-, Vereins- oder Plauschskirennen und sorgen f&uuml;r ein professionelles sowie unvergessliches Rennerlebnis inmitten der Bergwelt. Ob ambitioniert oder just for fun &ndash; der Spass auf der Piste steht im Mittelpunkt.</p><p>Im Angebot enthalten:</p><ul><li>Rennl&auml;ufe von ca. 45&ndash;50 Sekunden pro Lauf</li><li>Professionelle Zeitmessung</li><li>Startnummern f&uuml;r alle Teilnehmenden</li><li>Nutzung einer Lautsprecheranlage mit Mikrofon bzw. Speakerfunktion durch unser Team</li><li>Individuelle Auswertung nach Ihren W&uuml;nschen (z. B. Differenzfahren, Zeitraten, Teamwertung etc.)</li><li>F&uuml;r die Rangverk&uuml;ndigung stehen Podest und Mikrofonanlage an der Kuhstallbar M&auml;gisalp zur Verf&uuml;gung</li></ul><p>Gerne unterst&uuml;tzen wir Sie auch bei der Planung und Durchf&uuml;hrung, damit Ihr Rennen reibungslos und mit bester Stimmung &uuml;ber die B&uuml;hne geht.</p><p><strong>Buchung:</strong> info@skischule-hasliberg.ch oder +41 33 972 51 10</p>", "url": "https://skischule-hasliberg.ch/", "image": "https://jrtagpimtsoch.sos-ch-dk-2.exoscale-cdn.com/catalog/b/8/7/2/b872111f8fcb91151cfdb4fb20ab87bfe7beb784_Skirennen.JPG", "openstreetmap_id": "way/536738055"}, "geometry": {"type": "Point", "coordinates": ["8.2082986", "46.7323482"]}}, {"type": "Feature", "properties": {"identifier": "3f8f474e-cd14-4016-aa63-cc434dd41888", "name": "Jungfraujoch \u2013 Top of Europe", "description": "<p>Das Jungfraujoch liegt mitten im UNESCO Welterbe Schweizer Alpen Jungfrau-Aletsch. Schnee und Eis sind hier zu 100 Prozent garantiert. Das Sphinx-Aussichtsgeb&auml;ude, der Eispalast oder das Plateau f&uuml;r Spazierg&auml;nge im ewigen Schnee sind ganzj&auml;hrige Attraktionen. Im Sommer sorgen verschiedene Adventure-Angebote f&uuml;r Spass im Schnee. <br><br>Das Jungfraujoch hat die h&ouml;chstgelegene Bahnstation Europas und verf&uuml;gt &uuml;ber vier Restaurants eine Cafeteria sowie Shops und Souvenirl&auml;den.<br><br>Auch die h&ouml;chstgelegene, dauernd bemannte Forschungs- und Wetterstation Europas befindet sich auf dem Jungfraujoch.<br><br>Das Jungfraujoch ist zudem Ausgangspunkt f&uuml;r die Bergwanderung zur M&ouml;nchsjochh&uuml;tte und f&uuml;r zahlreiche gef&uuml;hrte Hochgebirgsskitouren und Gletscherwanderungen.<br><br></p>", "url": "https://www.jungfrau.ch", "image": "https://jrtagpimtsoch.sos-ch-dk-2.exoscale-cdn.com/catalog/1/4/4/f/144f1202d0af98e1a77470886455c75b3d7ce01b_Jungfraujoch___Top_of_Europe__4_.jpg", "openstreetmap_id": "node/240120705"}, "geometry": {"type": "Point", "coordinates": ["7.9789741", "46.5475788"]}}, {"type": "Feature", "properties": {"identifier": "40f94308-b6eb-484f-b090-5c78e48d2d4f", "name": "Hospizbahn", "description": "<p>Die Hospizbahn bringt Wanderer im Sommer in wenigen Minuten vom Grimsel Hospiz hinunter ins Sommerloch und zum Wanderweg Richtung R&auml;trichsbodensee und Handeck.</p><p>Im Winter ist die Hospizbahn exklusiv f&uuml;r Hotelg&auml;ste in Betrieb: Sie ist die letzte Etappe der abenteuerlichen Anreise zur verschneiten Winter-Ruheoase im Alpinhotel Grimsel Hospiz.</p>", "url": "https://www.grimselwelt.ch/", "image": "https://jrtagpimtsoch.sos-ch-dk-2.exoscale-cdn.com/catalog/d/2/b/1/d2b13a17b0759c3b8694438606e15ec8c443a05f_Hospizbahn_Copyright_Grimselwelt.jpg", "openstreetmap_id": "way/239228349"}, "geometry": {"type": "Point", "coordinates": ["8.3330922", "46.5734043"]}}, {"type": "Feature", "properties": {"identifier": "41b13720-73a8-4947-ae76-e6fe3b3b61f9", "name": "Historischer und kulinarischer Dorfrundgang Grindelwald", "description": "<p><strong><a href=\"https://www.google.com/maps/place/Grindelwald+Tourismus/@46.623459,8.032816,17z/data=!3m1!4b1!4m6!3m5!1s0x478f995583721c37:0xb24f25fc0461aaa2!8m2!3d46.623459!4d8.0353909!16s%2Fg%2F1ths880f?entry=ttu&amp;g_ep=EgoyMDI1MDEyOC4wIKXMDSoASAFQAw%3D%3D\" target=\"_blank\" rel=\"noopener noreferrer\">Zum Ziel navigieren (Google Maps)</a></strong></p><p>Farbenpr&auml;chtige Erl&auml;uterung der Geschichte und des Ursprungs des Dorfes Grindelwald durch einen einheimischen Guide. Degustation von lokalen, frischen K&auml;se&ndash; und Milchprodukten, w&uuml;rzigen Fleisch&ndash; und Wurstkreationen und typischen Grindelwalder Backwaren. Abschliessender Besuch des Heimatmuseums inklusive.<br style=\"line-height: 1rem; height: 1rem;\"><br style=\"line-height: 1rem; height: 1rem;\">Daten: Jeden Dienstag, 23.06.- 29.09.2026<br style=\"line-height: 1rem; height: 1rem;\">Uhrzeit: 13.30 Uhr<br style=\"line-height: 1rem; height: 1rem;\">Kosten: Exklusiv mit der Grindelwalder G&auml;stekarte<br>CHF 9 pro Teilnehmer/Kinder CHF 5<br style=\"line-height: 1rem; height: 1rem;\">Treffpunkt: Eiger+ Nordwandplatz/Statue Skifahrer<br style=\"line-height: 1rem; height: 1rem;\">Anmeldung &amp; Informationen: Tourismusb&uuml;ro Grindelwald</p><p>&nbsp;</p>", "url": "https://grindelwald.swiss/de/", "image": "https://jrtagpimtsoch.sos-ch-dk-2.exoscale-cdn.com/catalog/b/2/f/b/b2fb628147432d715aa97b8b77a7f9ca8fa7c0fb_Bild_Eigernessladen.jpg", "openstreetmap_id": "node/9026109023"}, "geometry": {"type": "Point", "coordinates": ["8.03480923175812", "46.62399550890098"]}}, {"type": "Feature", "properties": {"identifier": "41b29cee-90a4-4fce-b16e-759145c2d552", "name": "Gingerwald", "description": "Gingerwald ist ein lokaler Hersteller in Grindelwald, der sich auf hausgemachten veganen Bio-Ingwerlik\u00f6r spezialisiert hat. Ihr einzigartiges Getr\u00e4nk wird mit Gletscherwasser hergestellt und unterstreicht die Reinheit und die nat\u00fcrliche Essenz der Region. Die Produkte von Gingerwald gibt es bei Eigerness, dem Laden in Grindelwald, sowie in einem lokalen Laden in Unterseen und im purpur Biol\u00e4deli in Interlaken.&nbsp;", "url": "https://www.gingerwald.ch/", "image": "https://jrtagpimtsoch.sos-ch-dk-2.exoscale-cdn.com/catalog/0/c/5/c/0c5c8ae871bcabb53b39ead46f1846c49a84739a_Gingerwald.jpg", "openstreetmap_id": "way/320771670"}, "geometry": {"type": "Point", "coordinates": ["8.024643659591677", "46.62855200310119"]}}, {"type": "Feature", "properties": {"identifier": "41f88821-9fce-424e-9de5-d2e5e5865d61", "name": "Bank EKI", "description": "<p><strong><a href=\"https://www.google.ch/maps/place/Bank+EKI+Genossenschaft/@46.6239482,8.0303385,17z/data=!3m1!4b1!4m6!3m5!1s0x478f98c649e457d7:0x81bd3f58eafa7225!8m2!3d46.6239482!4d8.0329134!16s%2Fg%2F1tksgq3h?hl=de&amp;entry=ttu&amp;g_ep=EgoyMDI1MDQyOS4wIKXMDSoASAFQAw%3D%3D\" rel=\"noopener noreferrer\" target=\"_blank\">Zum Ziel navigieren (Google Maps)</a></strong></p><p></p><p></p><p>Die Bank EKI Genossenschaft ist seit 1934 in Grindelwald vertreten und bietet eine Vielzahl von Finanzdienstleistungen an. Du kannst hier pers\u00f6nliche Beratung am Schalter erhalten, auch ausserhalb der regul\u00e4ren \u00d6ffnungszeiten. Die Bank bietet Bancomat in CHF und Euro, Nachttresore und Tresorf\u00e4cher an. Die Gesch\u00e4ftsstelle befindet sich in der Dorfstrasse 78.</p>", "url": "https://www.bankeki.ch", "image": "https://jrtagpimtsoch.sos-ch-dk-2.exoscale-cdn.com/catalog/7/7/5/3/7753194618a9716a3eb1197a5974913d5cb9430e_Grindelwald_396x222.jpg", "openstreetmap_id": "map=19/46.623897/8.032899"}}, {"type": "Feature", "properties": {"identifier": "42517b56-f825-4e1a-a7f5-638ae1594164", "name": "Bachalpsee", "description": "<p>Die Jungfrau hat er gemalt, die Schynige Platte hat er gemalt, aber den Bachalpsee hat Ferdinand Hodler nie auf Leinwand gebannt. Dabei w\u00e4re das glasklare Wasser, in dem sich bei Windstille das Schreckhorn spiegelt, ganz nach dem Geschmack des weltbekannten Symbolisten gewesen. Daf\u00fcr hat manch anderer die Sch\u00f6nheit des \u00abblauen Juwels\u00bb entdeckt. Der Bachalpsee reist als Postkarte um die Welt. Dennoch: Kein Foto vermag die Ausstrahlung des Bergsees zu fassen. Daf\u00fcr muss man hin und sich selbst ein Bild machen. Anstrengend ist das nicht. Von First aus ist der Bachalpsee zu Fuss in weniger als einer Stunde auf einem einfachen, familienfreundlichen Wanderweg erreichbar.</p>", "image": "https://jrtagpimtsoch.sos-ch-dk-2.exoscale-cdn.com/catalog/d/9/1/3/d9139a26b03566a312b83ebc89666946bbfe5048_Bachalpsee_Sommer_Wetterhorn_Schreckhorn_Abendstimmung__2_.jpg", "openstreetmap_id": "map=14/46.66949/8.02139"}, "geometry": {"type": "Point", "coordinates": ["8.023924827575685", "46.66807122171217"]}}, {"type": "Feature", "properties": {"identifier": "4550ea08-1fb7-46b3-a81e-a5de7071c31a", "name": "Mountainbike", "description": "Unterwegs auf zwei R\u00e4dern. Entdecke die Bergwelt von Grindelwald mit dem Mountainbike. Mit einem Klick auf den Button gelangst du zur \u00dcbersicht aller Trails. ", "image": "https://jrtagpimtsoch.sos-ch-dk-2.exoscale-cdn.com/catalog/4/1/9/5/4195c675b54a57e224eb262deb9a584df29bb463_mountainbike_grindelwald_18.jpg", "openstreetmap_id": "node/11557201756"}, "geometry": {"type": "Point", "coordinates": ["8.03601", "46.62396"]}}, {"type": "Feature", "properties": {"identifier": "45852ea5-2f44-41be-b1e4-6075d28cbf06", "name": "Bergidyll 6 Bett Wohnung", "description": "<p class=\"MsoNormal\">Eine Ferienwohnung inmitten der Bergwelt. In unmittelbarer\nN\u00e4he zur Skipiste. Mitten im Wanderparadies. Wir freuen uns auf dich.&nbsp;</p><p>\n\n\n\n</p><p class=\"MsoNormal\">\u00dcber den Button gelangst du direkt zum Buchungsportal oder\nkannst eine E-Mail f\u00fcr deine Reservationsanfrage an den Vermieter schicken.<o:p></o:p></p>", "url": "https://www.bergidyll.ch", "image": "https://jrtagpimtsoch.sos-ch-dk-2.exoscale-cdn.com/catalog/c/e/5/6/ce56a0030c1de46fd502b085fef5d94cf396d69d_Bergidyll_Sommer.jpg", "openstreetmap_id": "map=19/46.624962/8.035936"}, "geometry": {"type": "Point", "coordinates": ["8.035853106889345", "46.625090400000005"]}}, {"type": "Feature", "properties": {"identifier": "48d033b2-4dc4-452e-8dd0-ffe85d741d4c", "name": "Langlaufen", "description": "Egal ob am Tag oder in der Nacht. Egal ob f\u00fcr Anf\u00e4nger, Fortgeschrittene oder Profis. In Grindelwald warten auf dich zahlreiche perfekt pr\u00e4parierte Langlaufloipen. Mit einem Klick auf den roten Button gelangst du zur \u00dcbersicht aller Langlaufstrecken.", "image": "https://jrtagpimtsoch.sos-ch-dk-2.exoscale-cdn.com/catalog/f/6/2/9/f629bb5ca01d369eeb94542aea620dd26cacb12f_Langlauf_Grindelwald.jpg", "openstreetmap_id": "node/11557201756"}, "geometry": {"type": "Point", "coordinates": ["8.03601", "46.62396"]}}, {"type": "Feature", "properties": {"identifier": "493643c7-eba3-42dd-bf3c-652909b97fe9", "name": "Engstlensee", "description": "<p>Fischer und Wanderer finden hier eine paradiesische Landschaft. Was gibt es sch&ouml;neres als eine gem&uuml;tliche Bootsfahrt auf dem ruhigen Engstlensee. Boote k&ouml;nnen an der Hotelreception des Hotels Engstlenalp gemietet werden. Du erreichst die Engstlenalp mit dem Auto via Privatstrasse (kostenpflichtig). Die Fahrt ist abwechslungsreich und verschachtelt. Sie f&uuml;hrt durch dichtes Waldgebiet und das Gental, eines der entlegensten T&auml;ler der Zentralschweiz. Nach einem z&auml;hen Schlussteil reicht der Blick oben auf 1835 m &uuml;. M. bis zum Titlis. Oder aber du f&auml;hrst mit der Gondelbahn von Meiringen bis zum Alpen tower &ndash; und geniesst auf einer Wanderung, vorbei am Tannensee das einmalige Bergpanorama und die eindr&uuml;ckliche Bergblumenpracht.</p>", "image": "https://jrtagpimtsoch.sos-ch-dk-2.exoscale-cdn.com/catalog/9/5/f/c/95fc31aaf7b61785cd5c66f86390a87034980307_Engstlensee_1_Header.jpg", "openstreetmap_id": "way/26944905"}, "geometry": {"type": "Point", "coordinates": ["8.356141739578302", "46.7731147"]}}, {"type": "Feature", "properties": {"identifier": "49a7e712-1b83-489e-af92-435225850da6", "name": "Heimatwerk und Handweberei Haslital", "description": "Die farbenfrohen Stoffe mit ihren unverkennbaren Mustern werden seit uralten Zeiten im Haslital von Hand gewoben.\n\nSie werden von Menschen geschaffen, die verbunden sind mit der Bergwelt des Haslitals, als w\u00e4ren sie ein St\u00fcck von ihr. Der Einfluss der Natur schenkt den Produkten diese Kraft und Ausstrahlung, die die Herzen der Menschen ber\u00fchrt. Immer wieder.\n\nDie Genossenschaft \u00abHeimatwerk Haslital\u00bb hat sich zum Ziel gesetzt, dieses einzigartige Handwerk als Kulturgut des Haslitals zu erhalten.", "url": "https://www.heimatwerk-haslital.ch/", "image": "https://jrtagpimtsoch.sos-ch-dk-2.exoscale-cdn.com/catalog/5/0/7/3/50737f29fc5a02d8d8785711cd23005545c8b480_HeimatwerkHaslital_19.jpg", "openstreetmap_id": "node/7656631765"}, "geometry": {"type": "Point", "coordinates": ["8.1888913", "46.7262144"]}}, {"type": "Feature", "properties": {"identifier": "4afbeaa1-005f-4e3e-9df4-fae6d8b05bb9", "name": "Allmendhubel", "description": "<p>Der Allmendhubel ist ein Paradies f&uuml;r Familien mit Kindern. In nur vier Minuten f&uuml;hrt eine Standseilbahn auf den Ausflugsberg, wo das rustikale Panoramarestaurant mit grosser Sonnenterrasse und feinsten Schweizer Spezialit&auml;ten lockt &ndash; und die Aussicht auf Eiger, M&ouml;nch, Jungfrau und alle anderen Berner Alpen mit ihren Gletschern. Angebote im Sommer Flower Park &amp; Wasser Labyrinth W&auml;hrend die Grossen im gem&uuml;tlichen Restaurant schlemmen und geniessen, toben sich die Kleinen auf dem Abenteuerspielplatz Flower Park aus. Der grosse Spielplatz auf dem Allmendhubel entf&uuml;hrt in eine fantastische Welt aus riesigen Alpenblumen, Gr&auml;sern und &uuml;berdimensionalen Insekten. Nebenan bietet das Wasser Labyrinth Spass und Abk&uuml;hlung. Wer die unvergleichliche Aussicht geniessen m&ouml;chte, legt sich auf einen der speziell geschwungenen Holzb&auml;nke und atmet die frische Bergluft ein. Flower Trail Ein breiter Weg, der an &uuml;ber 150 verschiedenen Bergblumenarten wie Enzianen, Alpenrosen und Edelweiss vorbeif&uuml;hrt. Ein Erlebnis f&uuml;r alle Sinne &ndash; klare Bergluft mit Blumenaromen, grandiose Aussicht auf Eiger, M&ouml;nch und Jungfrau und die unendliche Ruhe und Frische der Alpen. Angebote im Winter Auf dem Allmendhubel befindet sich das Anf&auml;ngergel&auml;nde (blaue Piste), welches mit einem Tellerlift ausgestattet ist. Neben der blauen Piste befindet sich die abenteuerliche &laquo;Lilly's Kids Slope&raquo;. Dort begr&uuml;ssen dich auf den Kurven, H&uuml;geln und im Tunnel verschiedene freundliche Tiere. Gleich hinter dem Allmendhubel befinden sich die Piste, die vom Schilthorn her kommt, die Piste Richtung Winteregg und verschiedene Abfahrten nach M&uuml;rren. Ab dem Allmendhubel startet zudem der Schlittelweg &laquo;Bob Run&raquo;. Dieser f&uuml;hrt neben verschneiten Tannen vorbei durch das Blumental bis nach M&uuml;rren. Zwischen der Bergstation Allmendhubel und dem Dorf M&uuml;rren liegt ein pr&auml;parierter Winterwanderweg. Von M&uuml;rren aus dauert die Wanderung ca. eine Stunde. F&uuml;r den R&uuml;ckweg bergab m&uuml;ssen etwa 45 Minuten eingeplant werden. Auch gibt es in der Region einen ausgeschilderten Schneeschuhtrail. Dieser verl&auml;uft von M&uuml;rren &uuml;ber die Ch&auml;nelegg zum Allmendhubel und dauert rund 90 Minuten.</p><p>&nbsp;</p>", "url": "https://schilthorn.ch/", "image": "https://jrtagpimtsoch.sos-ch-dk-2.exoscale-cdn.com/catalog/b/2/c/a/b2ca00222e39c65b566b70c2d7d093d7b81d6fe2_muerren_allmendhubel__2_.jpg", "openstreetmap_id": "way/154475630"}, "geometry": {"type": "Point", "coordinates": ["7.889047265052796", "46.56397983949951"]}}, {"type": "Feature", "properties": {"identifier": "4bc4ec82-579a-42b3-98d9-4030ebf8026a", "name": "Trail Running", "description": "Zahlreiche Trails macht Lauterbrunnen zu einem Paradies f\u00fcr L\u00e4uferinnen und L\u00e4ufer. Mit einem Klick auf den Button gelangst du zur \u00dcbersicht aller Trailruns.", "image": "https://jrtagpimtsoch.sos-ch-dk-2.exoscale-cdn.com/catalog/5/2/8/2/5282872b06de19e652485b33d4bda5966f818cd4_Trailrunning_Grindelwald__2_.jpg", "openstreetmap_id": "node/10723245131"}, "geometry": {"type": "Point", "coordinates": ["7.90765", "46.59568"]}}, {"type": "Feature", "properties": {"identifier": "4f02fdb5-828a-478c-aa01-8b7099ed2087", "name": "Historischer Dorfrundgang Meiringen", "description": "Der Rundgang f\u00fchrt uns vom Tourist Center am Bahnhof in Meiringen zum Casinoplatz, dem zentralen Platz von Meiringen. Hier erf\u00e4hrst du alles rund um Sherlock Holmes, die englische Kirche und Melchior Anderegg. Weiter f\u00fchrt uns die Tour zur Molki Meiringen, wo wir Haslitaler K\u00f6stlichkeiten degustieren k\u00f6nnen. Vorbei an der Alpbachbr\u00fccke gelangen wir in den historischen Kern von Meiringen. Zum Schluss f\u00fchren wir dich in die Konditorei und B\u00e4ckerei Frutal. Hier darfst du die s\u00fcssen Meringues versuchen.", "url": "https://haslital.swiss/de/", "image": "https://jrtagpimtsoch.sos-ch-dk-2.exoscale-cdn.com/catalog/b/b/2/1/bb2161534ad37d74d9e746580290c8f8ce5e749a_Dorfrundgang.jpg", "openstreetmap_id": "node/5007055738"}, "geometry": {"type": "Point", "coordinates": ["8.184385347615196", "46.72733763136784"]}}, {"type": "Feature", "properties": {"identifier": "4f3fd756-0a3d-41ff-a361-e77e731be921", "name": "Schlittelwege", "description": "Von Big Pintenfritz, eine der l\u00e4ngsten Schlittelabfahrten Europas, bis zu weiteren Klassikern wie dem Apollo Run oder dem Fox Run \u2013 in der Jungfrau Region warten \u00fcber 20 Schlittelstrecken auf dich. Sogar nachts kannst du auf zwei Kufen durch die verschneiten Landschaften gleiten. Mit einem Klick auf den Button gelangst du zur \u00dcbersicht aller Schlittelwege.", "image": "https://jrtagpimtsoch.sos-ch-dk-2.exoscale-cdn.com/catalog/f/7/c/1/f7c10d7a7e161783a408401ed349c6e4bccf4ab0_Schlitteln_Hasliberg.jpg", "openstreetmap_id": "node/11434275959"}, "geometry": {"type": "Point", "coordinates": ["7.9436061", "46.6111252"]}}, {"type": "Feature", "properties": {"identifier": "5232c110-bdb8-45e8-8d5b-2546c52a87d0", "name": "Schneeschuhwanderungen", "description": "Schneeschuhwandern im Winterparadies. Mit dem Dreigestirn Eiger, M\u00f6nch und Jungfrau vor Augen. Aufs Leiterhorn. Oder im Rosenlauital. Oder... An Routen mangelt es in der Jungfrau Region nicht. Und eine ist sch\u00f6ner wie die andere. Mit einem Klick auf den Button gelangst du zur \u00dcbersicht aller Schneeschuhwanderungen.", "image": "https://jrtagpimtsoch.sos-ch-dk-2.exoscale-cdn.com/catalog/7/5/8/0/75806ca085be752899c9d97dca26b0c72172e8b6_Ch__nelegg_Trail_M__rren.jpg", "openstreetmap_id": "node/11434275959"}, "geometry": {"type": "Point", "coordinates": ["7.9436061", "46.6111252"]}}, {"type": "Feature", "properties": {"identifier": "526b9e96-edca-4dcd-becf-7ddab6abc8cd", "name": "Kugelweg Hasliberg", "description": "Entlang des Wanderweges von der Mittelstation Bidmi zur Talstation Reuti erwarten dich 12 spannende und abwechslungsreiche Kugelbahnen. Die Bahnen wurden von einheimischen Holzbaufirmen konstruiert.  Die reine Wanderzeit von Bidmi nach Reuti betr\u00e4gt rund eine Stunde. Der Wanderweg ist nicht kinderwagentauglich.\n\n\u00d6ffentliche Verkehrsmittel\nMit der Pendelbahn ab Meiringen oder via Zug und Postauto bis zur Bushaltestelle Hasliberg, Reuti\n\nMit dem Auto\nAb Luzern und Interlaken via Br\u00fcnigpass bis Hasliberg Reuti\n\nParkieren\nParkplatz Meiringen Alpbach\nParkplatz Hasliberg Reuti", "url": "https://meiringen-hasliberg.ch", "image": "https://jrtagpimtsoch.sos-ch-dk-2.exoscale-cdn.com/catalog/4/f/6/f/4f6ff43273d6c1ed58f2580d232ca956d6fdc122_Kugelweg_by.davidbirri__2_.jpg", "openstreetmap_id": "way/518672569"}, "geometry": {"type": "Point", "coordinates": ["8.2154648", "46.7427665"]}}, {"type": "Feature", "properties": {"identifier": "52c355bf-8544-4c9b-9885-427fc77657fb", "name": "Tr\u00fcmmelbachf\u00e4lle", "description": "<p>Der Tr&uuml;mmelbach entw&auml;ssert die riesigen Gletscherw&auml;nde von Eiger, M&ouml;nch und Jungfrau und bef&ouml;rdert bis zu 20000 Liter pro Sekunde sowie 20000 Tonnen Geschiebe j&auml;hrlich aus seinem Einzugsgebiet (24 km2), welches zur H&auml;lfte mit Schnee und Eis bedeckt ist. Die einzigen Gletscherwasserf&auml;lle Europas, die im Berginneren liegen und trotzdem zug&auml;nglich sind. Die Tr&uuml;mmelbachf&auml;lle sind Teil der 72 Wasserf&auml;lle des Lauterbrunnentals, zu denen auch der eindrucksvolle Staubbachfall geh&ouml;rt. Eine meist flache Wanderung f&uuml;hrt von Lauterbrunnen nach Stechelberg an den von senkrechten und teils mehreren hundert Meter hohen Felsw&auml;nden hinuntersprudelnden Wassern vorbei.</p><p>Der Tr&uuml;mmelbach ist im &laquo;Bundesinventar der Landschaften und Naturdenkm&auml;ler von nationaler Bedeutung&raquo; aufgef&uuml;hrt und Teil des UNESCO-Weltnaturerbes Schweizer Alpen Jungfrau-Aletsch. Bitte beachten Sie, dass die Attraktion jedes Fr&uuml;hjahr aufgrund extremer saisonaler Witterungsbedingungen vor&uuml;bergehend geschlossen ist.</p><p>&nbsp;</p><p>Babys und Kleinkindern unter 4 Jahren, sowie Hunden ist der Zugang zu den Tr&uuml;mmelbachf&auml;llen aus Sicherheitsgr&uuml;nden nicht gestattet.&nbsp;</p><p>&nbsp;</p><p>&nbsp;</p>", "image": "https://jrtagpimtsoch.sos-ch-dk-2.exoscale-cdn.com/catalog/4/b/e/9/4be97a009cf98166762d280fc5d86b6656e3153c_Tr__mmelbachf__lle.jpg", "openstreetmap_id": "node/1457821880"}, "geometry": {"type": "Point", "coordinates": ["7.912060618400575", "46.57216719253953"]}}, {"type": "Feature", "properties": {"identifier": "52c7907a-2ba3-46a7-91bd-59f8f22c9c9d", "name": "Milit\u00e4rflugplatz Meiringen", "description": "<p>Am 1. Dezember 1941 hat der Flugplatz Meiringen offiziell seinen Betrieb aufgenommen. Die Er\u00f6ffnung fiel in das Kriegsjahr 1941, als es f\u00fcr unser Weiterbestehen keineswegs rosig aussah. Wo stehen wir heute? Welche Ereignisse haben in der Zwischenzeit die Entwicklung des Flugplatzes gepr\u00e4gt? Eines ist sicher: die Unterschiede zwischen damals und heute sind enorm. Einiges hat sich bew\u00e4hrt und hat heute noch den gleichen Wert wie damals. Vieles hat sich der heutigen Zeit angepasst, anpassen m\u00fcssen.\n\nFlugplatzatmosph\u00e4re hautnah erleben. Hier erfahren Sie mehr \u00fcber die Geschichte, Entwicklung, Auftrag und Organisation des Milit\u00e4rflugplatzes Meiringen.</p><p>\n\nIn der Ausstellung befinden sich ein ausger\u00fcsteter Kampfjet Tiger F-5, ein Helikopter Alouette III,\nverschiedene Schnitttriebwerke, ein Flugsimulator und andere Ausstellungs-Exponate.\n\nF\u00fcr Betreuung, Aufsicht und Fragen, sind Fachpersonen vor Ort anwesend.\nEine Anmeldung ist nicht erforderlich.\n\nTipp\nRunden Sie Ihren Besuch mit einem Abstecher im Restaurant Fliegertreff ab. Dort gibt es einen kleinen Kiosk mit Fanartikel zum Kaufen. Und von der Aussichtsterrasse des Restaurants k\u00f6nnen Sie die Starts und Landungen sehen.</p>", "image": "https://jrtagpimtsoch.sos-ch-dk-2.exoscale-cdn.com/catalog/5/9/2/9/5929446fc1ac6cdd5b4c9754137b661987bbc123_csm_Militaerflugplatz_n_08f6b18930.jpg", "openstreetmap_id": "way/977541594"}, "geometry": {"type": "Point", "coordinates": ["8.117068140106783", "46.740917749999994"]}}, {"type": "Feature", "properties": {"identifier": "53a10847-2160-4c11-ade9-0bc88ef8ee46", "name": "Alpenspiele - Teamherausforderung", "description": "<p>Vielf&auml;ltige Locations in der Jungfrau Region eignen sich hervorragend f&uuml;r die Durchf&uuml;hrung der Alpenspiele. In Teams eingeteilt messt ihr euch in verschiedenen herausfordernden Disziplinen um am Ende ein Siegerteam zu k&uuml;ren. Ob ihr den Schwerpunkt eurer Alpenspiele lieber auf die Geschicklichkeit der teilnehmenden Teams, auf die Herausforderung im Ausf&uuml;hren von traditionellen Schweizer F&auml;higkeiten oder schlicht dem Gl&uuml;ck legen wollt, ihr habt die Qual der Wahl. Wir helfen euch gerne bei der Auswahl der Spiele sowie bei der Planung eures gesamten Aufenthalts in der Jungfrau Region. Mit Vergn&uuml;gen pr&auml;sentieren wir euch im Anschluss an die Spieldurchf&uuml;hrung die Resultate bei einem Ap&eacute;ro oder Essen, bei dem spezielle Leistungen und w&auml;hrend den Spielen vorgefallene Pannen humorvoll erw&auml;hnt werden. Unsere aktuelle Spielauswahl enth&auml;lt die folgenden Disziplinen und l&auml;sst sich jederzeit erweitern:</p><ul><li>Alphorn-Challenge</li><li>Labyrinth</li><li>Eigernordwand-Besteigung</li><li>Melkstuhlcurling</li><li>Maxi-Skirennen</li><li>Maxi-Jenga</li><li>Trottibike-Parcours</li><li>Mountaincart-Parcours</li><li>Fotoshooting</li></ul><p>Dieser Event steigert folgende Teambuilding-Effekte: Diese Teamherausforderung in Form von verschiedenen Wettbewerben eignet sich hervorragend, um Spiel und Spass mit der ungezwungenen F&ouml;rderung von Team-Building-Aspekten zu vereinen.</p><p><strong>Teilnehmerzahl:</strong> 30 bis 300&nbsp;Personen<br><strong>Dauer:</strong> halber bis ganzer Tag<br><strong>Kosten:</strong> auf Anfrage</p>", "url": "http://outdoor.ch", "image": "https://jrtagpimtsoch.sos-ch-dk-2.exoscale-cdn.com/catalog/3/b/4/e/3b4ed9262b2e60349945c8137a5374142c57f498_Laybrinth.jpg", "openstreetmap_id": "node/11434275959"}, "geometry": {"type": "Point", "coordinates": ["7.9436061", "46.6111252"]}}, {"type": "Feature", "properties": {"identifier": "54241fc7-ffdd-4953-9fa4-a29d7917a47f", "name": "M\u00e4rith\u00fcsli ", "description": "<div><span style=\"font-family: Arial, sans-serif; font-size: 14.6667px;\">Seit 1978 produziert das M\u00e4rith\u00fcsli unter der Familienmarke Jenni Hemden die bekannten Edelweisshemden. An der Lenggasse 4 in Meiringen werden die Produkte entwickelt, Massanfertigungen und kleine Serien gefertigt. Nicht mehr ausschliesslich Folklorehemden. Unter der Marke Cottage Chic entstehen dort auch urbanere Flanellhemden Made in Switzerland. Wer will, kann dort einen Blick in die Produktion werfen und Stoff kaufen.&nbsp;</span></div><div><span style=\"font-family: Arial, sans-serif; font-size: 14.6667px;\"><br></span></div><div><span style=\"font-family: Arial, sans-serif; font-size: 14.6667px;\">Direkt daneben befindet sich an der Alpbachstrasse 1 der Laden, wo die Kleidung und viele dazu passende Artikel zu finden sind.</span></div>", "url": "https://maerithuesli.ch/de/", "image": "https://jrtagpimtsoch.sos-ch-dk-2.exoscale-cdn.com/catalog/4/0/4/d/404d44d028fec8933fee79eb51b7da32af26ba67_Doku_EDW_Hemd_045.jpg", "openstreetmap_id": "way/427175169"}, "geometry": {"type": "Point", "coordinates": ["8.190679916404488", "46.7261812"]}}, {"type": "Feature", "properties": {"identifier": "59be7d93-0c4a-4be9-bc6f-386333488c97", "name": "Grillstelle Pfingstegg", "description": "<p data-pm-slice=\"1 1 []\">Von der Bergstation Pfingstegg folgt man ein kurzes St&uuml;ck dem Bergwanderweg Richtung B&auml;regg. Die Feuerstelle liegt nur einige Meter von der Bergstation entfernt.</p><p>Ein ausfahrbares Sonnensegel sch&uuml;tzt vor der Mittagssonne. Das absolute Highlight der Feuerstelle ist die ungest&ouml;rte Aussicht &uuml;ber Grindelwald, die Eigernordwand sowie First.</p>", "image": "https://jrtagpimtsoch.sos-ch-dk-2.exoscale-cdn.com/catalog/d/a/d/2/dad221473a915c5c5648146fa26786c5458df192_Screenshot_2025_09_19_151732.png", "openstreetmap_id": "way/262678552"}, "geometry": {"type": "Point", "coordinates": ["8.0469161", "46.623173"]}}, {"type": "Feature", "properties": {"identifier": "5a4ff840-ef58-4c3e-a535-71760c692f09", "name": "Gletschererlebnis Jungfraujoch", "description": "<p>\u00dcber den imposanten Aletschgletscher wandern ist f\u00fcr alle Beteiligten ein unvergessliches Erlebnis: umgeben von den ber\u00fchmtesten 4000er-Gipfeln der Berner und Walliser Alpen, vorbei an eindr\u00fccklichen Gletscherspalten und mit einer beeindruckenden, atemberaubenden Aussicht \u00fcber die hochalpine Gletscherwelt.\n\nF\u00fcr dieses einmalige Abenteuer holen wir euch am Treffpunkt ab und begleiten euch auf das auf 3'454 m \u00fc. M. gelegene Jungfraujoch, der h\u00f6chsten Bahnstation Europas. Angeseilt und ausger\u00fcstet mit einem Klettergurt und einem Skistock f\u00fchren euch unsere Bergf\u00fchrerinnen &amp; Bergf\u00fchrer IVBV gekonnt \u00fcber den Gletscher. Ihren Erfahrungsschatz und ihr Wissen \u00fcber die Bergwelt im Allgemeinen und das Bergsteigen im Speziellen teilen sie jederzeit gerne mit euch. Die Gehdistanz und Gehgeschwindigkeit  auf dem Gletscher k\u00f6nnen individuell an die Bed\u00fcrfnisse eurer Gruppe angepasst werden. Nach einer Pause besucht ihr zusammen mit euren Begleitpersonen von OUTDOOR das imposante Bauwerk des Jungfraujochs. Ihr werdet beeindruckt sein von der weitl\u00e4ufigen Anlage, die mit viel Pioniergeist Ende des 19. Jahrhunderts geplant und in der Folge auf eindr\u00fcckliche Art und Weise erbaut wurde.\n\nWir besichtigen den h\u00f6chsten Aussichtspunkt auf dem Jungfraujoch, die \u201eSphinx\u201c, den Eispalast mit seinen Kunstwerken aus Eis, das Gletscherplateau und den Erlebnisrundgang \u00abAlpine Sensation\u00bb, der uns musikalisch untermalt, eindr\u00fccklich \u00fcber die Planungs- und Bauarbeiten auf dem Jungfraujoch informiert. Unterwegs werdet ihr mit allem Wissenswerten \u00fcber den Bau, die Instandhaltung und den Nutzen des Jungfraujochs versorgt.\n\nDieser Event steigert folgende Teambuilding-Effekte:<br>Dieses Outdoor-Abenteuer schafft unbezahlbare gemeinschaftlich erlebte Emotionen und Erinnerungen. Zus\u00e4tzlich unterst\u00fctzt diese Outdoor-Erfahrung das nachhaltige Handeln eures Teams angesichts der Erlebnisse in der Natursch\u00f6nheit unserer alpinen Gletscherwelt.\n\nTeilnehmerzahl: 10 bis 300 Personen\nDauer: halber bis ganzer Tag\nKosten: auf Anfrage</p>", "url": "https://outdoor.ch", "image": "https://jrtagpimtsoch.sos-ch-dk-2.exoscale-cdn.com/catalog/c/4/7/3/c4736f4dbbb9b4e3c4fc213dab6f41298e0ba6b7_Gletscherwanderung_Events38.jpg", "openstreetmap_id": "way/222981227"}, "geometry": {"type": "Point", "coordinates": ["7.983615498392856", "46.546968199999995"]}}, {"type": "Feature", "properties": {"identifier": "5d8487ea-d1ad-4b0e-aad7-3ec014d26472", "name": "Spazierwege", "description": "Keine Lust auf eine grosse Wanderung, aber trotzdem etwas die Beine vertreten? Schlechtes Wetter, aber trotzdem ein wenig frische Luft schnappen? Mit einem Klick auf den Button gelangst du zur \u00dcbersicht aller Spazierwege.", "image": "https://jrtagpimtsoch.sos-ch-dk-2.exoscale-cdn.com/catalog/7/2/2/c/722c83197c60039963ca7f71ee7cef44b2421c66_Lauterbrunnen_Dorf.jpg", "openstreetmap_id": "node/11434275959"}, "geometry": {"type": "Point", "coordinates": ["7.9436061", "46.6111252"]}}, {"type": "Feature", "properties": {"identifier": "5da2e7bd-518f-4712-a744-643ff6bbceab", "name": "Fonduekochen in der Outdoor-K\u00fcche", "description": "Was gibt es Sch\u00f6neres, als eure wertvolle gemeinsame Zeit in der Natur zu verbringen und was spricht dagegen, diesen Moment mit dem Essen einer selbst gekochten Mahlzeit abzurunden.\n\nDas OUTDOOR-Team hat f\u00fcr euch die sch\u00f6nsten Pl\u00e4tze in der Jungfrau Region gefunden, um einen Outdoor-Koch-Event durchzuf\u00fchren. Jede Koch-Gruppe wird vor Ort mit den f\u00fcr ein Fondue n\u00f6tigen Kochutensilien ausger\u00fcstet und mit einem entsprechenden Rezept bei der Zubereitung unterst\u00fctzt.  Nach getaner Arbeit k\u00f6nnt ihr in einmaliger Atmosph\u00e4re euer eigenes Fondue geniessen und dabei \u00fcber vergangene Erlebnisse und zuk\u00fcnftige Abenteuer philosophieren.\n\nDieser Event steigert folgende Teambuilding-Effekte:\nDas Fonduekochen in der Outdoor-K\u00fcche verbindet die Team-Zusammenarbeit mit einem kulinarischen Gruppen-Erlebnis, das zur bleibenden Firmen-Erinnerung wird und somit seinen Beitrag zum Team-Bonding leistet.\n\nTeilnehmerzahl: 6 bis 50 Personen \nDauer: ca. 1.5 Stunden\nKosten: auf Anfrage", "url": "https://outdoor.ch", "image": "https://jrtagpimtsoch.sos-ch-dk-2.exoscale-cdn.com/catalog/4/5/b/5/45b5dcf28fdb176d8cb185bddabbb199d010b940_Fonduekochen_Eigervision_1.jpg", "openstreetmap_id": "node/11434275959"}, "geometry": {"type": "Point", "coordinates": ["7.9436061", "46.6111252"]}}, {"type": "Feature", "properties": {"identifier": "5dc05559-279d-480c-ace1-ef2365afb7b9", "name": "Trail Running", "description": "Zahlreiche Trails macht Grindelwald zu einem Paradies f\u00fcr L\u00e4uferinnen und L\u00e4ufer. Mit einem Klick auf den Button gelangst du zur \u00dcbersicht aller Trailruns.", "image": "https://jrtagpimtsoch.sos-ch-dk-2.exoscale-cdn.com/catalog/5/0/0/9/5009dbc33c473943d2543f3fd4f3fcf5246cb375_Trailrunning_Grindelwald.jpg", "openstreetmap_id": "node/11557201756"}, "geometry": {"type": "Point", "coordinates": ["8.03601", "46.62396"]}}, {"type": "Feature", "properties": {"identifier": "5e1946a7-7875-49fa-8512-4f2e29437353", "name": "Schneeschuhwanderungen", "description": "Schneeschuhwandern im Winterparadies. Mit dem Dreigestirn Eiger, M\u00f6nch und Jungfrau vor Augen. An Routen mangelt es in Wengen nicht. Und eine ist sch\u00f6ner wie die andere. Mit einem Klick auf den Button gelangst du zur \u00dcbersicht aller Schneeschuhwanderungen.", "image": "https://jrtagpimtsoch.sos-ch-dk-2.exoscale-cdn.com/catalog/f/f/5/f/ff5f0ee7702dd1e8880b258a0d49f6bfe2b4ce92_Winterwandern_in_Grindelwald.jpg", "openstreetmap_id": "way/282059913"}, "geometry": {"type": "Point", "coordinates": ["7.92134", "46.605"]}}, {"type": "Feature", "properties": {"identifier": "6009cd15-5bcf-48e2-a0b4-d9484b565214", "name": "GriwaRent", "description": "<p><a href=\"https://www.google.com/maps/place/Dorfstrasse+118,+3818+Grindelwald/@46.6235145,8.0339201,17z/data=!3m1!4b1!4m6!3m5!1s0x478f9bfe292c916b:0x89a331690e003e5!8m2!3d46.6235108!4d8.036495!16s%2Fg%2F11cs5zgsk_?entry=ttu&amp;g_ep=EgoyMDI0MTExOS4yIKXMDSoASAFQAw%3D%3D\" target=\"_blank\" style=\"font-weight: bold;\">Zum Ziel navigieren (Google Maps)</a></p><p><br></p><p>GriwaRent in Grindelwald bietet eine breite Auswahl an komfortablen Ferienwohnungen, Chalets und Ferienh\u00e4usern f\u00fcr jeden Geschmack und jedes Budget. Neben der Unterkunft stellt das Unternehmen auch zahlreiche zus\u00e4tzliche Dienstleistungen zur Verf\u00fcgung. So k\u00f6nnen G\u00e4ste ihren Aufenthalt in Grindelwald optimal gestalten und die beeindruckende Bergwelt geniessen.</p>", "url": "https://www.griwarent.ch", "image": "https://jrtagpimtsoch.sos-ch-dk-2.exoscale-cdn.com/catalog/8/8/1/a/881a48ac626e2be3f24295c55b6130b6a26de2db_griwa.jpg", "openstreetmap_id": "map=19/46.623492/8.036443"}, "geometry": {"type": "Point", "coordinates": ["8.036467403405542", "46.62353575"]}}, {"type": "Feature", "properties": {"identifier": "60c154e5-09cc-42e5-90b0-8865ebe6137d", "name": "Ziegensenntum Grindelwald", "description": "<p>Das Ziegensenntum ist eine kleine Ziegenalp mit ungef&auml;hr 70 Tieren und zwei Sennen, welche hoch oberhalb von Grindelwald zusammen den Sommer verbringen und w&auml;hrend 90 bis 100 Tagen f&uuml;r die Produktion von ungef&auml;hr einer Tonne exzellentem Geissk&auml;se verantwortlich sind.</p><p>Begleite die Sennen beim Ziegenh&uuml;ten oder Melken und erlebe hautnah, wie viel Sorgfalt und Erfahrung in der t&auml;glichen Arbeit auf der Alp steckt. Besuche anschliessend die K&auml;serei, wo aus frischer Ziegenmilch feiner K&auml;se entsteht, und wirf einen Blick in den Spycher, in dem die Spezialit&auml;ten in aller Ruhe reifen.</p><p>Daten: Jeden Donnerstag vom 2. Juli - 10. September 2026<br>Mitnehmen: Wanderschuhe, Regenschutz, Getr&auml;nke und Zvieri.<br>Anreise: Individuelle Abfahrt, sp&auml;testens um 13.50 Uhr ab Bus Haltestelle Grindelwald Bahnhof mit GrindelwaldBus Linie 126, Richtung Bussalp.&nbsp;<br>Treffpunkt: Mit den Sennen bei der Alph&uuml;tte, 20 Minuten von der Bushaltestelle Holzmattenl&auml;ger entfernt. Der Weg ist signalisiert.&nbsp;<br>R&uuml;ckfahrt: Mit dem letzten Bus um 18:00 Uhr&nbsp;<br>Anmeldung: Bis am Vortag 16.00 Uhr am Schalter im Tourist Center (Teilnehmerzahl min 2; max.15)</p><p>&nbsp;</p>", "url": "https://grindelwald.swiss", "image": "https://jrtagpimtsoch.sos-ch-dk-2.exoscale-cdn.com/catalog/9/1/c/0/91c0dff02ca09572d01d4d9375c41a83fad7f89c_IMG_7078.jpg", "openstreetmap_id": "node/9026109023"}, "geometry": {"type": "Point", "coordinates": ["8.034396171569826", "46.624031889564186"]}}, {"type": "Feature", "properties": {"identifier": "60cb8258-8d7b-4b29-a167-0394a2963981", "name": "Schlittelwege", "description": "Vom Schlittelweg M\u00e4gisalp \u2013  Bidmi bis zum Schlittelweg K\u00e4serstatt \u2013  Lischen. Im Haslital warten viele aufregende Schlittelstrecken auf dich. Sogar nachts kannst du auf zwei Kufen durch die verschneiten Landschaften gleiten. Mit einem Klick auf den Button gelangst du zur \u00dcbersicht aller Schlittelwege.", "image": "https://jrtagpimtsoch.sos-ch-dk-2.exoscale-cdn.com/catalog/0/f/e/6/0fe652724a455d559af99c80f9c656213492ef15_Schlitteln_Hasliberg.jpg", "openstreetmap_id": "node/1939702876"}, "geometry": {"type": "Point", "coordinates": ["8.277708", "46.642224"]}}, {"type": "Feature", "properties": {"identifier": "61a2a066-75d6-4d31-bc80-e7d870440bc4", "name": "Wanderungen", "description": "Idyllische Berglandschaften, k\u00fchle Bergluft und atemberaubende H\u00fcgel. In M\u00fcrren wird jede Wanderung zum unvergesslichen Erlebnis. Mit einem Klick auf den Button gelangst du zur \u00dcbersicht aller Wanderungen.", "image": "https://jrtagpimtsoch.sos-ch-dk-2.exoscale-cdn.com/catalog/1/3/d/d/13ddd248b53fe4ffb9ad9e0dcba4074f0a79c133_Wandern_in_M__rren.jpg", "openstreetmap_id": "node/10723247723"}, "geometry": {"type": "Point", "coordinates": ["7.8926445", "46.559373"]}}, {"type": "Feature", "properties": {"identifier": "68f45808-013c-406e-87be-8ea1e9032e58", "name": "Geschichte M\u00fcrren", "description": "Die Geschichte des Bergdorfs M\u00fcrren reicht zur\u00fcck bis ins 13. Jahrhundert. Damals wurde der Ort erstmals schriftlich erw\u00e4hnt. Seither hat sich das autofreie \u00d6rtchen in eine bl\u00fchende Tourismusdestination verwandelt. Verschiedenste Menschen, Projekte und Aktionen haben ihre Spuren auf der sogenannten \u00abB\u00e4ziterrasse\u00bb hinterlassen.\n\nDie Chronologie:\n\n1257 Erste schriftliche Erw\u00e4hnung des Dorfs \u00abUf dr Muren\u00bb\n1857 Die Bergschaft Winteregg errichtet den Gasthof \u00abSilberhorn\u00bb\n1870 Das Grand Hotel und Kurhaus werden gebaut\n1879 Erste Bl\u00fctezeit. Es geh\u00f6rt zum guten Ton f\u00fcr Adelige, Politiker, Maler und Gelehrte in M\u00fcrren Erholung zu suchen\n1891 Die M\u00fcrrenbahn wird er\u00f6ffnet\n1910 Die M\u00fcrrenbahn wird auch im Winter in Betrieb genommen. Spelterini \u00fcberquert zum ersten Mal die Alpen im Ballon\n1912 Die Allmendhubelbahn nimmt ihren Betrieb auf. Und der Skiclub M\u00fcrren wird gegr\u00fcndet\n1922 Hinter dem Hotel Jungfrau flaggt Sir Arnold Lunn das erste Slalomrennen in der Geschichte des alpinen Skisports aus\n1923 Der Britische Frauen Ski Club in M\u00fcrren wird gegr\u00fcndet\n1924 Sir Arnold Lunn gr\u00fcndet in M\u00fcrren den Kandahar Ski Club\n1928 Das Infernorennen wird ins Leben gerufen. Die Rennstrecke vom Schilthorn nach Lauterbrunnen ist 15,8 km lang und hat eine H\u00f6hendifferenz von 2150 m\n1930 In M\u00fcrren wird die erste Skischule der Schweiz gegr\u00fcndet\n1931 Der britische Skiverband organisiert in M\u00fcrren die ersten Alpinen Weltmeisterschaften im Slalom und in der Abfahrt\n1937 Am Schiltgrat wird der erste Skilift im Berner Oberland er\u00f6ffnet\n1957 Er\u00f6ffnung des ersten Alpinen Kurszentrums der Schweiz. Fred Dolder \u00fcberquert im Ballon die Alpen\n1962 Durchf\u00fchrung der ersten Internatinalen Ballonsportwochen\n1965 Die erste Sektion der Schilthornbahn Stechelberg \u2013 Gimmelwald \u2013 M\u00fcrren wird er\u00f6ffnet (Initiant Ernst Feuz)\n1966 Die Schilthornbahn f\u00fchrt bis auf den Gipfel. L\u00e4nge 6,9 km, H\u00f6hendifferenz 2103 m\n1969 Einweihung des Drehrestaurants Piz Gloria, nachdem der James Bond Film \u00abIm Geheimdienst Ihrer Majest\u00e4t\u00bb auf dem Gipfel gedreht worden ist\n1983 Er\u00f6ffnung des Alpinen Sportzentrums\n1992 Erster Inferno Halbmarathon Lauterbrunnen \u2013 Schilthorn\n1993 50. Inferno Skirennen\n1994 M\u00fcrren erh\u00e4lt eine Filiale des Schweizer Sportmuseums\n1998 1. Inferno Triathlon Thun \u2013 Schilthorn\n2003 Das Infernorennen wird zum 60. Mal durchgef\u00fchrt\n2006 Neuer\u00f6ffnung der Luftseilbahn Lauterbrunnen \u2013 Gr\u00fctschalp (Ersatz der Standseilbahn)\n2008 Erste Amateur-Inter-Club Ski WM\n2012 Bauliche Sanierung und Neubau Wellnessanlage im Alpinen Sportzentrum und 100 Jahre Wintersport in M\u00fcrren\n2013 Er\u00f6ffnung BOND WORLD 007, Schilthorn\n2014 Er\u00f6ffnung SKYLINE WALK auf Birg und FLOWER PARK auf dem Allmendhubel\n2015 Er\u00f6ffnung 007 WALK OF FAME, Schilthorn\n2016 Er\u00f6ffnung THRILL WALK, Birg\n2017 Beschneiungsanlage Teil-Skigebiet.\n2018 Erneuerung CINEMA in der SPY WORLD, Schilthorn\n2022 100 Jahre moderner Slalom by Sir Arnold Lunn\n2024 Sanierung der Schilthornbahn und Geb\u00e4ude und direkter Bahnanschluss Stechelberg - M\u00fcrren f\u00fcr G\u00e4ste\n2025 Das Schilthorn kann ab dem 15.M\u00e4rz an 365 Tagen im Jahr erreicht werden!\n\nBuchtipp: Kronleuchter vor der Jungfrau\nIn dem Buch findet sich eine bunte und vielseitige Zusammenfassung der letzten 150 Jahre in M\u00fcrren.\nDiese wird erz\u00e4hlt durch Bilder, Geschichten und Anekdoten \u00fcber M\u00fcrrens Hoteliers, G\u00e4ste, Bauern, Bahninvestoren und Kurdirektoren.\n\nDas Buch sowie verschiedene nostalgische Poster k\u00f6nnen bei M\u00fcrren Tourismus erworben werden.", "url": "https://muerren.swiss", "image": "https://jrtagpimtsoch.sos-ch-dk-2.exoscale-cdn.com/catalog/d/1/b/f/d1bfd8cef028a1417c81d6a610350dd49ed3d91b_allmendhubelbau24.6.jpg", "openstreetmap_id": "node/10723247723"}, "geometry": {"type": "Point", "coordinates": ["7.8956059", "46.5626272"]}}, {"type": "Feature", "properties": {"identifier": "6c10d415-2516-4cff-b0b0-1c17d63cb8f2", "name": "Aperitif in der Eisbar", "description": "Wie w\u00e4r\u2019s mit einem Ap\u00e9ro in der Eisbar auf dem Jungfraujoch? Die Bar besteht aus echtem Eis, befindet sich mitten im traumhaft sch\u00f6nen Eispalast und bietet Platz f\u00fcr 20 Personen. So ein Anlass geht bestimmt nie vergessen. Die Jungfraubahnen warten aber noch mit weiteren R\u00e4umlichkeiten f\u00fcr offizielle und private Anl\u00e4sse auf den Ausflugsbergen Grindelwald-First, Schynige Platte und Harder Kulm auf. Im Anschluss an einen Anlass haben die G\u00e4ste auch immer die M\u00f6glichkeit, sich in den jeweiligen Bergrestaurants kulinarisch verw\u00f6hnen zu lassen.", "url": "https://www.jungfrau.ch", "image": "https://jrtagpimtsoch.sos-ch-dk-2.exoscale-cdn.com/catalog/8/8/6/f/886fc7ca1265c03cf6ba8d70d57521be529c5439_Aperitif_in_der_Eisbar_1.jpg", "openstreetmap_id": "way/222981227"}, "geometry": {"type": "Point", "coordinates": ["7.983615498392856", "46.546968199999995"]}}, {"type": "Feature", "properties": {"identifier": "6e3deb39-1c05-4e37-b9d6-84ef60872c90", "name": "Themenwege", "description": "Werde zum Detektiv und l\u00f6se den Fall auf M\u00fcrren's aufregenden Detektiv Trail. Mit einem Klick auf den Button gelangst du zur \u00dcbersicht aller Themenwege.", "image": "https://jrtagpimtsoch.sos-ch-dk-2.exoscale-cdn.com/catalog/7/b/d/1/7bd1a9666355a64b46527baa661f54c7b2ef6598_M__rren_Allmendhubel.jpg", "openstreetmap_id": "node/10723247723"}, "geometry": {"type": "Point", "coordinates": ["7.892303466796876", "46.55968168679396"]}}, {"type": "Feature", "properties": {"identifier": "7222ad0e-6067-48fe-b810-b8605f240181", "name": "Schneeskulpturenbau", "description": "Wir fordern eure Kreativit\u00e4t heraus: F\u00fcr jede Gruppe steht ein identischer Schneequader bereit, der in der vorgegebenen Zeit und zum gemeinsam bestimmten Thema von euch bearbeitet wird. Dazu bekommt jedes Team die gleichen Werkzeuge zur Verf\u00fcgung gestellt. Nach getaner Arbeit erhalten alle Gruppen die Chance, ihr Werk vor versammeltem Publikum zu pr\u00e4sentieren. \n\nBeim anschliessenden optionalen Genuss eines w\u00e4rmenden Getr\u00e4nks und/oder eines Ap\u00e9ros aus hochwertigen lokalen Produkten aus der Jungfrau Region werden die Schneeskulpturen pr\u00e4miert.  In traumhafter winterlicher Umgebung wirken die Kunstwerke noch lange nach.\n\nGerne holen wir euch f\u00fcr die Aktivit\u00e4t \u201eSchneeskulpturenbau\u201c beim Treffpunkt ab und f\u00fchren euch, wahlweise zu Fuss, mit dem Schlitten oder auf Schneeschuhen, zu einem bezaubernden Ort in der winterlich verschneiten Jungfrau Region.\n \nDieser Event steigert folgende Teambuilding-Effekte:\nDiese Outdoor Team-\u00dcbung f\u00f6rdert, nebst dem Team-Erlebnis, auch die Kreativit\u00e4t ihrer Mitarbeiter, generiert neue Team-Strukturen und Aufgabenverteilungen, f\u00f6rdert die Gruppen-Kommunikation und l\u00e4sst euch als Gruppe emotional n\u00e4her zusammenr\u00fccken.\n\nTeilnehmerzahl: 15 bis 150 Personen\nDauer: ca. 1 Stunde\nKosten: auf Anfrage", "url": "https://outdoor.ch", "image": "https://jrtagpimtsoch.sos-ch-dk-2.exoscale-cdn.com/catalog/4/2/7/4/4274c3fa8aeaecb22f0b98abcf6d317c01b1922c_Schneeskulpturen_1.jpg", "openstreetmap_id": "node/11434275959"}, "geometry": {"type": "Point", "coordinates": ["7.9436061", "46.6111252"]}}, {"type": "Feature", "properties": {"identifier": "72e97e9f-26fb-4ec2-ba72-c035d9d03e75", "name": "Staubbachfall", "description": "<p>Der Staubbach Wasserfall geh&ouml;rt zu den bekanntesten Naturwundern der Schweiz und pr&auml;gt das Landschaftsbild von Lauterbrunnen wie kaum ein anderer Ort. Mit einer Fallh&ouml;he von rund 297 Metern st&uuml;rzt das Wasser frei von den steilen Felsw&auml;nden ins Tal und zerst&auml;ubt dabei zu feinem Nebel &mdash; ein Anblick, der dem Wasserfall seinen Namen gegeben hat.</p><p>Bereits Johann Wolfgang von Goethe liess sich von der eindrucksvollen Szenerie inspirieren. Besonders im Fr&uuml;hling und Fr&uuml;hsommer, wenn das Schmelzwasser der umliegenden Berge den Wasserfall speist, zeigt sich der Staubbachfall von seiner kraftvollsten Seite. Doch auch an warmen Sommerabenden, wenn die untergehende Sonne den Wassernebel in goldenes Licht taucht, entfaltet er eine einzigartige Atmosph&auml;re.</p><p>Ein gut ausgebauter Weg f&uuml;hrt Besucherinnen und Besucher direkt zum Fuss des Wasserfalls. Von dort aus kann man die beeindruckende H&ouml;he und die erfrischende Gischt hautnah erleben. Wer die Natur in ihrer reinsten Form sp&uuml;ren m&ouml;chte, findet hier einen Ort der Ruhe, Inspiration und unvergesslichen Eindr&uuml;cke. Dieser Weg ist nur im Sommer ge&ouml;ffnet.</p><p>Der Staubbachwasserfall ist nicht nur ein Wahrzeichen von Lauterbrunnen, sondern ein Erlebnis, das die Kraft und Sch&ouml;nheit der Alpen eindr&uuml;cklich widerspiegelt.</p>", "image": "https://jrtagpimtsoch.sos-ch-dk-2.exoscale-cdn.com/catalog/b/2/5/c/b25c751839ecfafeaa5819c9b976a5d2724999d6_Staubbachfall_im_Winter.jpg", "openstreetmap_id": "node/948595022"}, "geometry": {"type": "Point", "coordinates": ["7.905429", "46.589776"]}}, {"type": "Feature", "properties": {"identifier": "745958fa-0df1-4865-887f-0c9830319ac9", "name": "Aussichtsplattform \u00abFirst View\u00bb", "description": "Ein kurzer Spaziergang f\u00fchrt von der Bergstation First zum etwas h\u00f6her gelegenen Metallbau in der Form eines Windrades. Nach dem Einstieg r\u00fcckt jedes der sieben h\u00f6henversetzten \u00abRotorbl\u00e4tter\u00bb einen besonderen Ausschnitt des Alpenkranzes ins Blickfeld: von den h\u00f6chsten Gipfeln des Berner Oberlandes \u00fcber die weltber\u00fchmte Eigernordwand bis zu den Ski- und Wanderbergen rund um Grindelwald. Verschiedene Sitzm\u00f6glichkeiten laden zum Verweilen und Staunen ein. Wer dann noch etwas Nervenkitzel liebt, findet ihn nebenan auf dem First Cliff Walk presented by Tissot oder auf den beiden Flying-Fox-Varianten First Flieger und First Glider.", "url": "https://jungfrau.ch", "image": "https://jrtagpimtsoch.sos-ch-dk-2.exoscale-cdn.com/catalog/7/7/7/2/7772ad288e48521fa0724992736e03591bc43dbb_Grindelwald_First_View_Person_Aussicht_Cliff_Walk_Eiger_Maennlichen.jpg", "openstreetmap_id": "node/11434282167"}, "geometry": {"type": "Point", "coordinates": ["8.05327355861664", "46.660081117107225"]}}, {"type": "Feature", "properties": {"identifier": "76b434c2-07ca-4a9c-9430-a890875d7757", "name": "Schlittelwege", "description": "Bereit f\u00fcr eine rasante Fahrt? Erlebe unvergessliche Schlittelabenteuer in Grindelwald. Aussichtsreiche Abfahrten warten auf dich in s\u00e4mtlichen Schwierigkeitsstufen. Mit einem Klick auf den Button gelangst du zur \u00dcbersicht aller Schlittelwege.", "image": "https://jrtagpimtsoch.sos-ch-dk-2.exoscale-cdn.com/catalog/d/b/2/e/db2e581a713a47700673c956529496afc21d9627_Schlitteln_First___Bussalp.jpg", "openstreetmap_id": "node/11557201756"}, "geometry": {"type": "Point", "coordinates": ["8.03601", "46.62396"]}}, {"type": "Feature", "properties": {"identifier": "76ccec9d-3476-4d2a-8e19-bc378fc64706", "name": "Schynige Platte", "description": "<p style=\"margin-bottom: 5px;\">Die Zahnradbahn &uuml;berwindet auf ihrer 7,255 km langen Fahrt von Wilderswil auf die Schynige Platte 1420 H&ouml;henmeter.&nbsp;</p>\n<p style=\"margin-bottom: 5px;\">Unterwegs beeindruckt die Vielfalt der Natur: W&auml;lder, Alpweiden und die grandiose Aussicht auf die ber&uuml;hmten Landschaften des Berner Oberlandes mit Thuner- und Brienzersee.</p>\n<p style=\"margin-bottom: 5px;\">Weiter oben weicht die Voralpenlandschaft der freien Sicht auf das weiss gl&auml;nzende Dreigestirn der Berner Alpen. Genau gegen&uuml;ber liegen n&auml;mlich Eiger, M&ouml;nch und Jungfrau. Einmalig ist der Szeneriewechsel nach der Durchfahrt des &laquo;Gr&auml;tlitunnels&raquo; (5,6 km).</p>\n<p style=\"margin-bottom: 5px;\">Die Betriebser&ouml;ffnung der Schynige Platte-Bahn fand am 14. Juni 1893 statt. Seit 1914 f&auml;hrt die Bahn elektrisch, wobei ein grosser Teil des Wagen- und Lokomotivparks aus alten Best&auml;nden der Wengernalpbahn stammt. Die Schynige Platte-Bahn ist daher auch ein Zeugnis der Geschichte der Jungfraubahnen.</p>\n<p style=\"margin-bottom: 5px;\">Schynige Platte Skywalk <br>Die im Juni 2025 er&ouml;ffnete Aussichtsplattform bietet ein atemberaubendes Panorama auf die Berner Alpen. Beim kurzen Spaziergang schweift der Blick &uuml;ber bl&uuml;hende Alpwiesen und eindrucksvolle Gipfel &ndash; bis hinunter zum Thunersee, der tief im Tal liegt.</p>\n<p style=\"margin-bottom: 5px;\">&nbsp;</p>", "url": "https://www.jungfrau.ch/de-ch/", "image": "https://jrtagpimtsoch.sos-ch-dk-2.exoscale-cdn.com/catalog/d/5/3/e/d53e9f592e8adf8e88274055eeec9f1dd324c48d_Schynige_Platte_Bahnhof_Alphornblaeser_Zug_faehrt_ein__1_.jpg", "openstreetmap_id": "node/6037884622"}, "geometry": {"type": "Point", "coordinates": ["7.9111731", "46.6522608"]}}, {"type": "Feature", "properties": {"identifier": "78223671-e79a-4a06-b049-60d64add65ab", "name": "Eigergletscher Confiserie", "description": "Die Confiserie Eigergletscher bietet einen Geschmack der Schweiz auf 2.320 Metern \u00fcber dem Meeresspiegel, wo Konditoren und Konditorinnen Spezialit\u00e4ten aus lokalen Zutaten wie Grindelwalder Butter, Alpenblumen und Schweizer Honig herstellen. In Zusammenarbeit mit der Lindt &amp; Spr\u00fcngli AG entstehen einzigartige Eigerspitzli, Schokoladentafeln und Pralinriegel mit ganzen Haseln\u00fcssen. Die handgefertigten Desserts der Confiserie stammen aus der h\u00f6chsten Konditorei Europas und garantieren einen Geschmack von handwerklicher Qualit\u00e4t. Nachdem du die Eigernordwand bewundert hast, kannst du die Eigerspitzli-Praline probieren, die wie der Eiger selbst geformt ist.&nbsp;", "url": "https://www.jungfrau.ch/de-ch/essen-trinken/confiserie-eigergletscher/", "image": "https://jrtagpimtsoch.sos-ch-dk-2.exoscale-cdn.com/catalog/d/1/0/5/d1051b28cdb4ce4fa7695d1a38f862d97f34778c_Eigergletscher_Confiserie.jpg", "openstreetmap_id": "node/4313036324"}, "geometry": {"type": "Point", "coordinates": ["7.9748643", "46.574801"]}}, {"type": "Feature", "properties": {"identifier": "7950c8f0-213a-4219-8fdd-7753e95d4155", "name": "Gef\u00fchrte Schneeschuhtour", "description": "<p>Erkunden Sie abseits der Winterwanderwege gemeinsam mit unseren eidgen&ouml;ssisch diplomierten Schneesportlehrer:innen, einem Bergf&uuml;hrer oder einem ortskundigen J&auml;ger tief verschneite W&auml;lder und unber&uuml;hrte Winterlandschaften im Haslital. Tauchen Sie ein in die stille Winterwelt fernab des Trubels und erleben Sie die Natur aus einer ganz neuen Perspektive. Spannende Einblicke in die Tierwelt, die alpine Umgebung und das sichere Bewegen im Winter machen dieses Erlebnis zu etwas ganz Besonderem.</p><p><strong>Preis:</strong> CHF 275 pauschal bis 5 P. / CHF 55 p.P. ab 6 P.<br><strong>Zeitaufwand: </strong>ca. 2 Stunden <br><strong>Buchung:</strong> info@skischule-hasliberg.ch oder +41 33 972 51 10</p>", "url": "https://skischule-hasliberg.ch/", "image": "https://jrtagpimtsoch.sos-ch-dk-2.exoscale-cdn.com/catalog/e/e/7/8/ee78df1387c082d05a5aad5571cfcea86b7eb578_Schneeschuh.jpg", "openstreetmap_id": "way/536738055"}, "geometry": {"type": "Point", "coordinates": ["8.2082986", "46.7323482"]}}, {"type": "Feature", "properties": {"identifier": "7c747f7f-11fb-464a-bab3-ac1b6e885861", "name": "Altjahrswoche und Ubersitz", "description": "<p>Diese Tradition ist ein uralter Brauch keltischen Ursprungs. Aus der vorchristlichen Zeit, als die Bewohner der Bergt&auml;ler in den l&auml;ngsten N&auml;chten des Jahres mit Trycheln die b&ouml;sen Geister von ihren D&ouml;rfern fernhielten. Noch heute wird dieser Brauch aufrechterhalten und an die n&auml;chste Generation weitergegeben. Die Altjahrswoche startet jeweils in der Nacht vom 25. auf den 26. Dezember und endet mit dem zweitletzten Arbeitstag des Jahres, dem &laquo;Ubersitz&raquo;. In dieser Woche vertreiben die verschiedenen Trychelz&uuml;ge mit ihren beeindruckenden Umz&uuml;gen durch die D&ouml;rfer des Haslitals die b&ouml;sen Geister. T&auml;glich werden die Trychelz&uuml;ge m&auml;chtiger, der L&auml;rm lauter bis zum H&ouml;hepunkt in der Nacht zum &laquo;Ubersitz&raquo;. An diesem Abend ziehen alle Trychler der umliegenden Ortschaften Willigen, Hausen, Eisenbolgen, Unterbach, Hasliberg und Meiringen ins Dorfzentrum von Meiringen zu einem gemeinsamen Trychelumzug. Die Altjahrswoche und der &laquo;Ubersitz&raquo; im Detail: Je nach Ortschaft sind die Trychler maskiert und verkleidet oder tragen den &laquo;Mutz&raquo; (Trachtenweste). Jedes Dorf hat seinen eigenen Zug und Trychelmajor. Noch heute weiss jeder Hasli-Trychler, dass er mit seinen magischen, nach einem genauen Rhythmus vorgeschriebenen Kl&auml;ngen, die b&ouml;sen Geister zu vertreiben hat. Dieser Rhythmus ist jedoch nicht mit einem Milit&auml;rmarsch zu vergleichen. Er zwingt gebieterisch zu einem langsamen Gleitschritt, w&auml;hrend der Oberk&ouml;rper rhythmisch die Glocke oder Trychel schwingt. So geht dieses n&auml;chtliche Treiben stundenlang gassauf und gassab. Der Trychelmarsch steckt jedem echten Oberhasler sozusagen von Kindesbeinen an im Blut. Obwohl einige tausend Besucher*innen von nah und fern die Strassen von Meiringen f&uuml;llen, ist die Altjahrswoche nicht mit einer Fasnachtswoche oder &auml;hnlichen Anl&auml;ssen mit Glockenz&uuml;gen zu vergleichen. Das Trychlen sowie der &laquo;Ubersitz&raquo; sind und bleiben etwas Einmaliges. Eine weitere Tradition ist der &laquo;Ubersitlzer&raquo;. Die Sonderzeitung berichtet &uuml;ber die Taten und Untaten des vergangenen Jahres und rechnet mit Freund und Feind ab. In Form von Reimen werden Geschichten vom letzten Jahr von neuem aufgerollt. Bei den Erz&auml;hlungen handelt es sich meist um witzige Anekdoten, freche Anspielungen oder b&ouml;se Nachreden. Jedoch werden die Namen der Angesprochen normalerweise in sich selber vertauscht, sodass man nur mit einiger Kreativit&auml;t herausfinden kann, um wen es sich handelt. Eine weitere grosse Diskussion l&ouml;st der Name &laquo;Ubersitz&raquo; aus. Viele Touristen und Ausw&auml;rtige sprechen wegen ihres Dialektes vom &Uuml;bersitz, was einer Haslerin oder einem Hasler die Haare zu Berge stehen l&auml;sst! Am &laquo;Ubersitz&raquo; verwandeln sich die meisten Meiringer Trychler in ein Wybervolk. Zus&auml;tzlich zu den Trycheln (Glocken) geben die vordersten Reihen mit Trommeln den Takt vor. Vorneweg bahnt das sogenannte &laquo;Huttewybli&raquo; dem Zug den Weg frei. Die Geschichte des &laquo;Huttewybli&raquo; ist etwa hundert Jahre alt. Da hat eine Frau einmal ihr betrunkenes Mannli mit der Hutte abgeholt und ihn nach Hause getragen. Die Hausner sind, wie die Meiringer, Schattenh&auml;lbler und Innertkirchler, als Boozeni unterwegs. Mit Trommeln als Taktgeber und dem Huttewybli als Frontfrau l&auml;uft der Trychelzug durch das Dorf. Das Huttenwybli ist ein Weibchen mit Hutte, das schwer gekr&uuml;mmt unter der Last ihres, in der Hutte (R&uuml;ckentragkorb) sitzenden Mannes, durch die Gassen l&auml;uft und den Weg f&uuml;r die Trychelz&uuml;ge frei bahnt. Ausserdem geh&ouml;rt eine Schnabelgeiss zum Zug. Die Kinder und Erwachsenen, die es wagen auf der offenen Strasse zu stehen, werden durch die Schnabelgeiss erschreckt oder sie stiehlt ihnen ihre Kopfbedeckungen. Auch Schattenhalb verwandelt sich zum gr&ouml;ssten Teil in alte Wybli. Jedoch ist bei Schattenhalb den Frauen das Trychlen und Trommeln nicht erlaubt. Man h&ouml;rt sagen, dass manchmal sich auch Frauen in die M&auml;nnerdom&auml;ne hineinschmuggeln und nat&uuml;rlich nicht erkannt werden, weil sie wie alle anderen verkleidet sind. Auch legen die Williger Wert darauf, dass das Verh&auml;ltnis von Trommeln und Trycheln stimmt. Der Zug wird unterst&uuml;tzt von zwei Schnabelgeissen, einer kleinen und einer grossen, sowie vom Huttewybli. In Schattenhalb gibt es die ersten Kl&auml;nge erst am 26. Dezember zu h&ouml;ren. Am &laquo;Ubersitz&raquo; wird zuerst in Willigen selber, sp&auml;ter dann im Dorf Meiringen getrychelt. Die Isenbolgner stellen ihre Masken und Verkleidungen ausschliesslich aus Naturmaterialien her. Ebenfalls mit Trommeln als Taktgeber, gehen das sogenannte Wurzelmandli und das Wurzelfroueli vorneweg. Die Isenbolgner fangen, wie die Schattenh&auml;lbler, erst am 26. Dezember an zu Trychlen. Man erkennt sie gut an ihren grossen Basler Trommeln und dem speziell langsamen Schritt. Die Unterb&auml;chler Trychlen im traditionellen &laquo;Mutz&raquo; (Berner Herrentracht) mit Trycheln und Glocken, aber ohne Trommeln. Am &laquo;Ubersitz&raquo;, unter all den &laquo;Boozeni&raquo;, sind sie nicht zu &uuml;bersehen. Die Hasliberger legen mehr Wert auf den Klang ihrer Trycheln, daher besteht der ganze Zug ausschliesslich aus wundersch&ouml;nen Trycheln. Sie tragen w&auml;hrend der ganzen Altjahrswoche wie am &laquo;Ubersitz&raquo; ihre zivile Kleidung. Am Hasliberg sind sie jeweils auch mit Trommeln unterwegs; am &laquo;Ubersitz&raquo; in Meiringen jedoch ohne. Ein kleiner Zug in weissen Hemden, das sind klar erkennbar, die Gadmer. In der Altjahrswoche wird jeden Abend an einem anderen Ort getrychelt, von Obermaad bis Hopflauenen. Einen Tag vor dem offiziellen &laquo;Ubersitz&raquo; kommen die Gadmer nach Meiringen. Als einzige Gruppe tragen sie ein weisses Hemd (Eintragshemd). Der Begriff stammt aus der Zeit, wo das gem&auml;hte, in Netz eingepackte Heu, in die Scheune getragen wurde. Nicht nur am weissen Hemd erkennt man die Gadmer, sie haben auch einen ganz speziellen Schritt, den sogenannten Zwischenschritt. Nach jedem Glockenschlag wird ein zus&auml;tzlicher Schritt gemacht. Die Guttanner beginnen mit dem Trychlen am 25. Dezember um 24 Uhr im Boden bei Guttannen. Sie sind in ziviler Kleidung, mit Trommeln, Trycheln und Glocken unterwegs. Als einzige Gemeinde findet in Guttannen am 1. Januar das &laquo;Neujahrstrychlen&raquo; statt. Der Trychelzug mit ausschliesslichem Glockenklang, startet um 9 Uhr und bewegt sich durch das ganze Dorf Guttannen. Von 10 bis 12 Uhr offeriert die Gemeinde im Hotel B&auml;ren einen Neujahrsap&eacute;ro. Die Innertkirchner bleiben &uuml;ber den &laquo;Ubersitz&raquo; innert dem Kirchet in ihrem Dorf und kommen am n&auml;chsten Morgen vom &laquo;Ubersitz&raquo; mit dem 8.30 Uhr-Z&uuml;gli (Meiringen-Innertkirchen-Bahn) nach Meiringen. Sie fallen mit den schwarzen Basler Trommeln und der grossen, schwarzen Schnabelgeiss auf. Auch sie sind als &laquo;Boozeni&raquo; verkleidet.</p>", "image": "https://jrtagpimtsoch.sos-ch-dk-2.exoscale-cdn.com/catalog/5/c/d/2/5cd2ec5a837d1e410e0fe5756283bf98a3b28ae8_Willigen_2.JPG", "openstreetmap_id": "way/305873893"}, "geometry": {"type": "Point", "coordinates": ["8.18440614512507", "46.72733718689239"]}}, {"type": "Feature", "properties": {"identifier": "7cf1b3c5-4519-47a3-be48-807198a5b6e6", "name": "Besichtigung Alpk\u00e4serei Schiltalp", "description": "Im Sommer wird in der Berglandschaft rund um M\u00fcrren nicht nur gewandert. Die Hauptbesch\u00e4ftigung der einheimischen Bergbauern ist nat\u00fcrlich nicht das Spazieren in der Natur sondern etwas viel spannenderes: die K\u00e4seproduktion.\n\nIn den alpinen H\u00f6hen oberhalb von Gimmelen liegt die Schiltalp. W\u00e4hrend der gef\u00fchrten Tour werden einige H\u00f6henmeter erklommen, um die Alp zu erreichen. Oben angekommen zeigen die Bergbauern dir ihr Handwerk. Der Alpk\u00e4se wird in den Sommermonaten hergestellt. Daf\u00fcr werden riesige Kessel, ein Holzfeuer, ein grosses Lager und vieles mehr genutzt.\nNach dem Einblick in die K\u00e4serei gibt es f\u00fcr alle G\u00e4ste ein schmackhaftes Fr\u00fchst\u00fcck in den Bergen.\nDie Alpwirtschaft Schilt befindet sich auf 1946 Meter \u00fcber Meer. F\u00fcr die G\u00e4ste ist sie nur zu Fuss oder auf dem Bike zu erreichen. Ab M\u00fcrren f\u00fchrt die Strasse nach Gimmelen, von wo aus man nach rechts abbiegt und dem breiten Weg bis zur Alp folgt.\n\nDie Wanderung ab M\u00fcrren dauert etwa eine Stunde. F\u00fcr den R\u00fcckweg hinunter nach M\u00fcrren ben\u00f6tigst du ca. 45 Minuten.", "url": "https://www.schweizeralpkaese.ch/alp-erleben/alpen/schilt/", "image": "https://jrtagpimtsoch.sos-ch-dk-2.exoscale-cdn.com/catalog/e/4/0/2/e402031f1ab49669d664fe2fc5ea4846b23f4554_Alpkaeserei_052.jpg", "openstreetmap_id": "node/836419061"}, "geometry": {"type": "Point", "coordinates": ["7.8697489", "46.5537403"]}}, {"type": "Feature", "properties": {"identifier": "80a57627-d0bb-4958-8cae-2280968b711b", "name": "Winterolympiade", "description": "<p>Gute Unterhaltung und Spass sind bei unserer Winterolympiade garantiert!<br>Schatzsuche, Servierderby, Wintergolf, Schneefussball, Viererhose, Schneeschuhrennen...</p><p>...und viele mehr sind eine Auswahl an Disziplinen, bei welchen sich die Gruppen miteinander messen k&ouml;nnen.</p><p><strong>Zeitaufwand: </strong>Ab 2 Std. f&uuml;r die Olympiadenspiele, je nachdem wie viele Posten.&nbsp;<br><strong>Anforderungen: </strong>Keine Anforderungen n&ouml;tig.<br><strong>Tipp: </strong>Kombination mit einem Winter-Ap&eacute;ro am offenen Feuer oder einem feinen Essen im gem&uuml;tlichen Bergrestaurant.</p>", "url": "https://falkevent.ch", "image": "https://jrtagpimtsoch.sos-ch-dk-2.exoscale-cdn.com/catalog/c/1/c/3/c1c32800c4aff8d96d8739574dc18d8b88b4f83f_MICE_FalkEvent_Winter_Olympiade_3.jpg", "openstreetmap_id": "undefined/undefined"}, "geometry": {"type": "Point", "coordinates": ["8.208737231777242", "46.7329863394782"]}}, {"type": "Feature", "properties": {"identifier": "8317a7e2-91cc-4f69-af93-618a3f8b8078", "name": "Mountainbike", "description": "Unterwegs auf zwei R\u00e4dern. Entdecke die Bergwelt von Lauterbrunnen mit dem Mountainbike. Mit einem Klick auf den Button gelangst du zur \u00dcbersicht aller Trails. ", "image": "https://jrtagpimtsoch.sos-ch-dk-2.exoscale-cdn.com/catalog/1/c/b/4/1cb4c405a755a4f88d62227e677b322005dfa923_Bike.jpg", "openstreetmap_id": "node/10723245131"}, "geometry": {"type": "Point", "coordinates": ["7.90765", "46.59568"]}}, {"type": "Feature", "properties": {"identifier": "84992a5e-621a-421c-be5d-67a3df605b03", "name": "Fackelwanderung", "description": "<p>Am Treffpunkt nehmen wir euch gerne in Empfang und gelangen gemeinsam zum Ausgangspunkt der Fackelwanderung. Ihr werdet die ungewohnte, um euch herrschende Stille und das konzentrierte Gehen bei der zur Verf\u00fcgung stehenden Lichtquelle, der Fackel, geniessen. So wird jeder Schritt im Schnee zu einem einmaligen (H\u00f6r-)Erlebnis.\nUnterwegs kostet ihr einen aus dem \"Kupferkessi\" servierten Gl\u00fchwein oder Tee und begeistert euch am Sternenhimmel und an der in der Dunkelheit mystisch anmutenden, verschneiten Landschaft. Wahlweise servieren wir euch dazu gerne eine Verpflegung aus hochwertigen Produkten von der Jungfrau Region.\n\nDieser Event steigert folgende Teambuilding-Effekte:<br>Das beruhigende Gehen in der Winterlandschaft tr\u00e4gt zu einer guten Firmen-Gespr\u00e4chskultur bei, erm\u00f6glicht sie doch eine Kommunikationsbasis, die sich schon landschaftlich, aber auch emotional, stark vom Gesch\u00e4ftsalltag unterscheidet.\n\nTeilnehmerzahl: 10 bis 150 Personen\nDauer: je nach Strecke ca. 30-60 Minuten\nKosten: auf Anfrage</p>", "url": "https://outdoor.ch", "image": "https://jrtagpimtsoch.sos-ch-dk-2.exoscale-cdn.com/catalog/9/0/6/c/906ca2c25e040766614d78287b75507beac06c70_Fackelwanderung_Eigervision_1.jpg", "openstreetmap_id": "relation/1682457"}, "geometry": {"type": "Point", "coordinates": ["8.034320382807799", "46.62438231340799"]}}, {"type": "Feature", "properties": {"identifier": "8639c598-3bb1-4225-a102-8e9666613b78", "name": "Themenwege", "description": "Auch Wanderwege und Spazierg\u00e4nge, die einem bestimmten Thema gewidmet sind, gibt es in Grindelwald zuhauf. Mit einem Klick auf den Button gelangst du zur \u00dcbersicht aller Themenwege.", "image": "https://jrtagpimtsoch.sos-ch-dk-2.exoscale-cdn.com/catalog/9/9/b/4/99b4673042911f634c1a18619ebc101fc9196652_Sennenspielplatz_GGM_Schaukel.jpg", "openstreetmap_id": "node/11557201756"}, "geometry": {"type": "Point", "coordinates": ["8.03601", "46.62396"]}}, {"type": "Feature", "properties": {"identifier": "876a9ab5-c6a0-438f-8bf1-97e924e0b9e6", "name": "Schneeschuhwandern", "description": "<p>Die Bergf\u00fchrerinnen und Bergf\u00fchrer IVBV von OUTDOOR leiten eure Gruppe sicher durch verschneites, unpr\u00e4pariertes Gel\u00e4nde. Ausger\u00fcstet mit Schneeschuhen und Skist\u00f6cken erlebt ihr ein St\u00fcck Natur fernab der touristischen Pfade in der Jungfrau Region. Unterwegs lassen unsere OUTDOOR Guides euch gerne an ihrem Wissensfundus rund um ihr Leben und Wirken in den Bergen teilhaben. Die Gehdistanz und -geschwindigkeit werden der Gruppe angepasst.<br><br>Dieser Event steigert folgende Teambuilding-Effekte:<br>Das ruhige, gem\u00e4chliche Gehen in der verschneiten Winterlandschaft f\u00f6rdert die Geduld im gemeinsamen Unterwegssein. W\u00e4hrend der Dauer dieses Team-Erlebnisses ergeben sich vielf\u00e4ltige Kommunikationsm\u00f6glichkeiten, die im Gesch\u00e4ftsalltag zu kurz kommen.<br><br>Teilnehmerzahl: 10 bis 100 Personen<br>Dauer: ca 2 Stunden<br>Kosten: auf Anfrage</p>", "url": "https://outdoor.ch", "image": "https://jrtagpimtsoch.sos-ch-dk-2.exoscale-cdn.com/catalog/2/4/1/4/2414950e169b7ab0c0dda6cfea50c97954fb7f16_outdoor_snowshoeing_9_web.jpg", "openstreetmap_id": "node/11434275959"}, "geometry": {"type": "Point", "coordinates": ["7.9436061", "46.6111252"]}}, {"type": "Feature", "properties": {"identifier": "87d3bafe-bb02-4ebd-b543-3e20612a0bb9", "name": "Historische S\u00e4ge Gimmelwald", "description": "<p>Pure Wasserkraft! Der Besuch der Sagi empfiehlt sich vor allem in Begleitung von Werner Feuz, dem S&auml;ge-Experten. Er zeigt, wie das Wasser gestaut und auf die Anlage geleitet wird, wie man den Tremel einspannt, s&auml;gt und fr&auml;st. In der S&auml;gerei gibt es keinen Strom. Nur mit nat&uuml;rlicher Wasserkraft werden die Baumst&auml;mme so zugeschnitten, dass man sie f&uuml;r die Zimmereiarbeiten verwenden kann. Bei einem Besuch ohne F&uuml;hrung kann die S&auml;gerei von aussen betrachtet werden, sieht sie aber nicht in Betrieb. Die S&auml;ge wurde 1858 gebaut. Bis 2017 wurde sie saniert und ist heute noch fast so in Betrieb wie vor &uuml;ber 150 Jahren. Die S&auml;gerei ist nur zu Fuss erreichbar. Von Gimmelwald aus dauert die Wanderung rund 40 Minuten.</p><p>&nbsp;</p>", "image": "https://jrtagpimtsoch.sos-ch-dk-2.exoscale-cdn.com/catalog/9/d/1/f/9d1f04efca5efd720d25ec887ab650a3ed60f745_Saege_Gimmelwald_saegen.JPG", "openstreetmap_id": "node/240031223"}, "geometry": {"type": "Point", "coordinates": ["7.88220226764679", "46.541543095280744"]}}, {"type": "Feature", "properties": {"identifier": "8885db0b-4dfa-4b10-b45d-66d7ffce5197", "name": "Gruebenh\u00fctte AACB", "description": "<p>Die Gruebenh&uuml;tte vom AAC Basel ist eine kleine, gem&uuml;tliche Unterkunft f&uuml;r Alpinisten und Wanderer, die das Einfache sch&auml;tzen. Sie liegt auf einem Felssporn 200 Meter &uuml;ber dem Gruebengletscher und -See und bietet Kletterinnen und Alpinisten eine gut gelegene Unterkunft in urspr&uuml;nglichen und verlassener Umgebung.</p><p>Die H&uuml;tte ist gr&ouml;sstenteils unbewartet. Es besteht kein Telefonanschluss, nur Notfunk.</p>", "url": "https://gruebenhuette.ch/", "image": "https://jrtagpimtsoch.sos-ch-dk-2.exoscale-cdn.com/catalog/0/9/3/d/093dc6bdab0741925321f05eae2bcfe0e9dad4ef_Biwak_Gruebenh__tte_Brigitte_Leuthold.jpg", "openstreetmap_id": "node/3335142697"}, "geometry": {"type": "Point", "coordinates": ["8.2593064", "46.6058833"]}}, {"type": "Feature", "properties": {"identifier": "8d8fccd2-d66b-49f9-8cea-d553cbbfb07a", "name": "Winter Trail Running", "description": "In Lauterbrunnen kommen L\u00e4uferinnen und L\u00e4ufer auch im Winter auf ihre Kosten. Die vielen Winterwanderwege eignen sich perfekt f\u00fcrs Trail Running. Mit einem Klick auf den Button gelangst du zur \u00dcbersicht aller Winter Trailruns.", "image": "https://jrtagpimtsoch.sos-ch-dk-2.exoscale-cdn.com/catalog/d/9/b/e/d9be7110c12c262734a38efa1311c4913bd1768a_Trailrunning_Grindelwald.jpg", "openstreetmap_id": "node/10723245131"}, "geometry": {"type": "Point", "coordinates": ["7.90765", "46.59568"]}}, {"type": "Feature", "properties": {"identifier": "8dcc860e-fbad-4fa1-a7ed-75531f0014f5", "name": "Radtouren", "description": "Auf zwei R\u00e4dern durch die atemberaubende Bergwelt der Jungfrau Region. Die sch\u00f6nsten Touren auf asphaltierten Strassen, die besten \u00dcbernachtungsm\u00f6glichkeiten und Verpflegungstipps f\u00fcr unterwegs. Das und mehr erf\u00e4hrst du mit einem Klick auf den Button.", "image": "https://jrtagpimtsoch.sos-ch-dk-2.exoscale-cdn.com/catalog/6/8/3/4/68347ab5f820f441386ed0e743062724d2729d39_Inferno_Triathlon_Radfahrer.jpg", "openstreetmap_id": "node/11434275959"}, "geometry": {"type": "Point", "coordinates": ["7.9436061", "46.6111252"]}}, {"type": "Feature", "properties": {"identifier": "8e22130d-b6ae-4de9-b428-efa8a63b37d2", "name": "B\u00e4ckerei-Konditorei Vincenz", "description": "Vincenz steht f\u00fcr B\u00e4ckerei, Konditorei und Confiserie! T\u00e4glich findest du hier eine sch\u00f6ne Auswahl an knusprigen Broten, immer wieder wechselnden Spezialbroten oder ein breites Sortiment an Kleinbackwaren. Unsere Konditorei erf\u00fcllt Ihre W\u00fcnsche nach s\u00fcssen Backwaren, speziellen Torten und feines zum Kaffee. Und die Confiseure verzaubern mit Schokoladen-Spezialit\u00e4ten und anderem mehr.", "url": "https://vincenz-wengen.ch/de/", "image": "https://jrtagpimtsoch.sos-ch-dk-2.exoscale-cdn.com/catalog/e/2/a/b/e2ab7eadab1bf1e6b6b3c4b8fb2d76546c2b4848_Vincenz_Wengen.jpg", "openstreetmap_id": "node/300385018"}, "geometry": {"type": "Point", "coordinates": ["7.921292782769924", "46.60538707954758"]}}, {"type": "Feature", "properties": {"identifier": "902c8dba-b9b1-4c6e-b89a-8723e2d2e121", "name": "Iglu bauen", "description": "<p>Gemeinsam gelangen wir zu Fuss, mit dem Schlitten oder den Schneeschuhen zu unserem Iglu-Bauplatz in der schneebedeckten zauberhaften Jungfrau Region.\n\nUnter fachkundiger Anweisung eurer OUTDOOR Guides baut ihr Block f\u00fcr Block euer eigenes Iglu. Die Baukunst der Inuit erfordert Ausdauer, Genauigkeit und Kooperation. Wir beginnen mit dem Auss\u00e4gen der einzelnen Schneebl\u00f6cke aus dem von einem Pistenfahrzeug pr\u00e4parierten kompakten Schneefeld. Anschliessend legen wir die Schneebl\u00f6cke kreisf\u00f6rmig und gegen oben immer enger bis zum Abschluss der Iglukuppel aufeinander. Beim Genuss eines warmen Getr\u00e4nks k\u00f6nnt ihr euer neu erlangtes Fachwissen austauschen. Ein Ap\u00e9ro und/oder Abendessen rundet euer OUTDOOR-Erlebnis in der Jungfrau Region ab.  \n\nDieser Event steigert folgende Teambuilding-Effekte:<br>Der Bau eines Iglus tr\u00e4gt zur Verbesserung eines gut funktionierenden und harmonisierenden Teams bei, weil das Erreichen eines zufriedenstellenden Resultats nur durch eine hochwertige Kommunikation und einem wohlwollenden Teamwork zu erreichen ist.\n\n    Teilnehmerzahl: 10 bis 100 Personen\n    Dauer: ca. 2 Stunden\n    Kosten: auf Anfrage</p>", "url": "https://outdoor.ch", "image": "https://jrtagpimtsoch.sos-ch-dk-2.exoscale-cdn.com/catalog/d/c/1/d/dc1d8fb52c5ce7f8c8447d1db2ebba7af14a9909_iglubau_1.JPG", "openstreetmap_id": "way/213164181"}, "geometry": {"type": "Point", "coordinates": ["7.938636192424907", "46.617500708340735"]}}, {"type": "Feature", "properties": {"identifier": "92aaed9c-ead8-4b2d-95b5-689dc5ce8572", "name": "E-Bike", "description": "Unterwegs auf zwei R\u00e4dern. Entdecke die Bergwelt von Lauterbrunnen mit dem E-Bike. Mit einem Klick auf den Button gelangst du zur \u00dcbersicht aller Routen.", "image": "https://jrtagpimtsoch.sos-ch-dk-2.exoscale-cdn.com/catalog/a/4/6/0/a460f70c4c302b72c027adf7bf91009bf8f1ce8d_E_Bike_Tour_Leiterhorn.jpg", "openstreetmap_id": "node/10723245131"}, "geometry": {"type": "Point", "coordinates": ["7.90765", "46.59568"]}}, {"type": "Feature", "properties": {"identifier": "92bcfefb-cce4-40f3-9a4a-11dcfc3f8842", "name": "Br\u00fcnig Dampfbahn", "description": "Geniesse ein nostalgisches Erlebnis mit der Dampfbahn. Adh\u00e4sionsdampflok aus dem Jahre 1913 auf der Strecke Interlaken \u2013 Meiringen \u2013 Giswil. Kombiniere deinen Ausflug mit einem Besuch der Unterhalts- und Revisionswerkstatt beim Bahnhof Interlaken Ost.", "image": "https://jrtagpimtsoch.sos-ch-dk-2.exoscale-cdn.com/catalog/a/0/4/2/a0420c99e609ac0d66267c9a69849ad5807e16bc_csm_ROB_6982c_5b78ac6982.jpg", "openstreetmap_id": "node/6952084118"}, "geometry": {"type": "Point", "coordinates": ["8.184041976928713", "46.72735813265323"]}}, {"type": "Feature", "properties": {"identifier": "933c946e-be55-4198-9aa1-ae94442c118a", "name": "Ludotrail \u2013 Spiel dich durch M\u00fcrren", "description": "<p>Spielerisch das Dorf entdecken! Testen Sie Ihr Geschick beim K&auml;sefondue-Labyrinth, l&ouml;sen Sie das Kaffeeschaum-Puzzle, meistern Sie die Eiger-Tour, spielen Sie Steinbock-Hockey, gewinnen Sie beim Schilthorn-Kartenspiel, treffen Sie Goals beim XXL-Kicker oder beweisen Sie Ihr K&ouml;nnen beim Eisstockschiessen. Es erwarten Sie viele Spiele-Highlights! Die Spieleposten sind individuell gestaltet und passen thematisch zum Standort. Es stehen 16 Posten zur Auswahl: An Tischen, am Boden, an W&auml;nden, vor Geb&auml;uden, entlang der Aussichtspunkte, L&auml;den, Caf&eacute;s und Restaurants. Das Angebot ist sehr breit und umfasst unterhaltsame Karten-, W&uuml;rfel-, Lege-, Logic-, Action-, Geschicklichkeits- und Grossspiele. Die Spiele k&ouml;nnen in beliebiger Anzahl und Reihenfolge gespielt werden. Die Standorte der Posten sind auf dem Plan im Spielregeln-Buch ersichtlich. F&uuml;r eine Gruppe/Familie (4 Personen) wird 1 Spiele-Rucksack ben&ouml;tigt. Der Spiele-Rucksack kann einen ganzen Tag f&uuml;r den Ludotrail genutzt werden. Beim Bezug des Materials wird ein Depot (amtlicher Ausweis: ID oder F&uuml;hrerschein) hinterlegt. Nach dem Spielen wird der Rucksack mit dem Spielmaterial bei der Ausgabestelle zur&uuml;ckgegeben (bitte &Ouml;ffnungszeiten beachten). Auf fehlendes Material wird ein Unkostenbetrag erhoben. Die Nutzung vom Ludotrail &laquo;Spiel dich durch M&uuml;rren&raquo; geschieht auf eigene Verantwortung. Ludotrail, M&uuml;rren Tourismus, die Gemeinde Lauterbrunnen und die Spielpaten lehnen jegliche Haftung ab.</p><p>Der Trail ist jeweils ab dem 01. Mai bis am 20. Oktober ge&ouml;ffnet.</p><p>&nbsp;</p>", "url": "https://www.ludotrail.ch/alle-trails/spiel-dich-durch-muerren", "image": "https://jrtagpimtsoch.sos-ch-dk-2.exoscale-cdn.com/catalog/d/e/e/3/dee3aedf36ecea603775687998f4df7af54341b7_IMG_2808_bearbeitet_1.jpg", "openstreetmap_id": "node/10723247723"}, "geometry": {"type": "Point", "coordinates": ["7.8956059", "46.5626272"]}}, {"type": "Feature", "properties": {"identifier": "93a4aa7e-8f37-4b9d-93ac-5d700676cad7", "name": "E-Bike", "description": "Unterwegs auf zwei R\u00e4dern. Entdecke Grindelwald mit dem E-Bike. Mit einem Klick auf den Button gelangst du zur \u00dcbersicht aller Routen.", "image": "https://jrtagpimtsoch.sos-ch-dk-2.exoscale-cdn.com/catalog/3/0/3/5/3035d810576ceed290e9f00780025f1711fc493d_Zwei_Biker_in_Grindelwald.jpg", "openstreetmap_id": "node/11557201756"}, "geometry": {"type": "Point", "coordinates": ["8.03601", "46.62396"]}}, {"type": "Feature", "properties": {"identifier": "9466bb35-976f-4a0d-a24a-5e22d9406816", "name": "Kleine Scheidegg", "description": "<p>Die Kleine Scheidegg liegt inmitten alpiner Sch&ouml;nheit &uuml;ber Grindelwald und Wengen, am Fusse von Eiger, M&ouml;nch und Jungfrau. Als Zentrum der Ski- und Wanderregion ist dieser Ort auch der direkte Ausgangspunkt zum Jungfraujoch.&nbsp;<br><br></p>", "url": "https://www.jungfrau.ch/de-ch/", "image": "https://jrtagpimtsoch.sos-ch-dk-2.exoscale-cdn.com/catalog/c/f/7/c/cf7ce3020b90860ddf22a9e2d82ea189032b5b4b_Kleine_Scheidegg__1_.jpg", "openstreetmap_id": "node/3668308747"}, "geometry": {"type": "Point", "coordinates": ["7.9608968", "46.5850987"]}}, {"type": "Feature", "properties": {"identifier": "946f42ef-d995-4bc0-b4cd-54cb52953551", "name": "Gimmelwald", "description": "<p>Gimmelwald ist ein sehr urspr&uuml;nglich erhaltenes Bergbauerndorf mit rund 100 Einwohnerinnen und Einwohnern. Sie leben hier in engem Kontakt mit der Natur und den Tieren. Das Dorfbild ist gepr&auml;gt von blumengeschm&uuml;ckten Chalets vor dem viertausend Meter hohen Bergmassiv der Jungfrau. Der Klang der Kuhglocken ist meistens das einzige, das die ruhige Atmosph&auml;re &laquo;st&ouml;rt&raquo;. Wenn du einen wirklich idyllischen Urlaubsort suchst, bist du hier genau richtig.</p><p><strong>Gastronomie</strong>&nbsp;</p><p>Im Mountain Hostel und der Pension Gimmelwald werden die G&auml;ste verpflegt. Wer etwas zu Trinken m&ouml;chte, ist hier richtig aufgehoben. Besonders das Schwarzm&ouml;nch Bier empfehlen wir. Warme K&uuml;che gibt es in Gimmelwald nicht durchgehend. Ein gr&ouml;sseres Angebot ist im Nachbarsdorf M&uuml;rren zu finden.</p><p><strong>L&auml;den, Souvenirs</strong></p><p>Die einheimischen Bauernfamilien verkaufen ihre Produkte aus Haus, Feld und Garten direkt ab Hof. Ein spezieller Laden ist der Honesty Shop, in welchem es keine Bedienung gibt. Man nimmt die Ware einfach mit und legt sein Geld in die Kasse. So viel Vertrauen gibt es nur in Gimmelwald.&nbsp;</p><p><strong>Anreise</strong></p><p>Gimmelwald ist autofrei. Daher ist es nur mit den &ouml;ffentlichen Verkehrsmitteln erreichbar. Die Anfahrt ist mit der Gondelbahn von Stechelberg oder M&uuml;rren aus m&ouml;glich. Von M&uuml;rren aus f&uuml;hrt auch eine schmale Bergstrasse runter nach Gimmelwald. Im Winter kann man diese als Schlittelstrecke nutzen.&nbsp;</p>", "image": "https://jrtagpimtsoch.sos-ch-dk-2.exoscale-cdn.com/catalog/c/7/c/2/c7c2a5ffb5e393bde1a47cd58a758226dba35596_Gimmelwald_Dorf_Spycher_Holzhaus.JPG", "openstreetmap_id": "node/240031223"}, "geometry": {"type": "Point", "coordinates": ["7.893483638763429", "46.5471143138941"]}}, {"type": "Feature", "properties": {"identifier": "94e24abc-1d38-43f9-b255-c391e47f1fd5", "name": "Bussalp", "description": "Auf der Bussalp (1800 m \u00fc. M.) liegt das gem\u00fctliche Bergbeizli mit grosser Sonnenterrasse und einmaligem Panorama auf Eiger, M\u00f6nch und Jungfrau.\n\nDie gelben Grindelwald Busse bringen dich auf einfachem und direktem Weg mitten ins Wanderparadies. Geniesse die Fahrt mit herrlicher Aussicht auf die Bergwelt rund um das Tal von Grindelwald.\n\nSommer\nDas Bergrestaurant Bussalp bietet eine grosse Terrasse mit atemberaubendem Panoramablick, eine AlpLounge mit Couches und eine Liegewiese. Nach einer langen Wanderung kannst du in den Liegest\u00fchlen deine Seele baumeln lassen und deine F\u00fcsse in einem Kneipp-Bad entspannen. Und nat\u00fcrlich l\u00e4sst sich der Sonnenuntergang vor der herrlichen Grindelwaldner Bergwelt am gem\u00fctlichsten hier erleben, begleitet von traditionellen H\u00fcttengerichten bis hin zu kulinarischen Streifz\u00fcgen durch die Bergwelt der Region.\n \nDie Bussalp ist die perfekte Location f\u00fcr deine Ferien im Alltag, egal ob du alleine, mit Freunden, Kollegen oder Vereinsmitgliedern unterwegs bist.\n\nWinter\nKr\u00f6ne deinen Aufenthalt in Grindelwald mit einer n\u00e4chtlichen Schlittelabfahrt nach einem feinen K\u00e4sefondue im Bergrestaurant Bussalp. (Reservation unbedingt notwendig; die Strecke ist nicht beleuchtet).\nIm Sonnengebiet Bussalp-First stehen dir zudem 48 km gepfadete Wege f\u00fcr k\u00fcrzere Spazierg\u00e4nge, aber auch anspruchsvolle Schneewanderungen in traumhaft sch\u00f6ner Gebirgslandschaft zur Verf\u00fcgung.", "url": "https://www.grindelwaldbus.ch/de", "image": "https://jrtagpimtsoch.sos-ch-dk-2.exoscale-cdn.com/catalog/4/b/c/8/4bc82266d4921dea71cbd8aaeb3cb77e3304a9a0_Grindelwald_Bussalp.jpg", "openstreetmap_id": "node/8835162949"}, "geometry": {"type": "Point", "coordinates": ["7.991201877593995", "46.64953933165214"]}}, {"type": "Feature", "properties": {"identifier": "95c49a45-c647-4e3d-beb8-993dc08b0a75", "name": "Internationale Lauberhornrennen", "description": "<p data-start=\"52\" data-end=\"372\">Jedes Jahr im Januar verwandelt sich das autofreie Bergdorf Wengen in eine B&uuml;hne f&uuml;r eines der spektakul&auml;rsten Skiereignisse der Welt: die Internationalen Lauberhornrennen. Ski-Fans aus aller Welt reisen ins Berner Oberland, um die weltbesten Athleten hautnah zu erleben und Teil dieser einzigartigen Atmosph&auml;re zu sein.</p><p data-start=\"374\" data-end=\"743\">Das Rennwochenende bietet drei Tage hochklassigen Skiweltcup-Sport: Vom Super-G am Freitag &uuml;ber die legend&auml;re Lauberhorn-Abfahrt am Samstag - die l&auml;ngste Abfahrt im gesamten Weltcup - bis hin zum spannenden Slalom am Sonntag. Die Strecke gilt als eine der traditionsreichsten und anspruchsvollsten im alpinen Skisport und sorgt Jahr f&uuml;r Jahr f&uuml;r unvergessliche Momente.</p><p data-start=\"745\" data-end=\"1003\">Neben den Rennen begeistert auch das besondere Flair des Dorfes: das eindr&uuml;ckliche Panorama von Eiger, M&ouml;nch und Jungfrau, mitfiebernde Fans entlang der Strecke und die gelebte alpine Tradition machen die Lauberhornrennen zu einem unvergleichlichen Erlebnis.</p><p data-start=\"1005\" data-end=\"1128\" data-is-last-node=\"\" data-is-only-node=\"\">Erleben Sie Weltklasse-Skisport, bewegende Geschichten und eine einzigartige Stimmung mitten im Herzen der Jungfrau Region.<br><br></p>", "image": "https://jrtagpimtsoch.sos-ch-dk-2.exoscale-cdn.com/catalog/c/d/e/2/cde2b231a6c2514d1bb055d7351d95c05ad4524a_Lauberhornrennen_Wengen__c__Verein_Int._Lauberhornrennen__Jost_von_Allmen__Fotograf__2_.jpg", "openstreetmap_id": "way/282059913"}, "geometry": {"type": "Point", "coordinates": ["7.921883146242774", "46.6059913"]}}, {"type": "Feature", "properties": {"identifier": "9762cf35-b608-4421-8fa9-5e3e0b7e05b6", "name": "Aus Stein", "description": "Aus Stein in Grindelwald pr\u00e4sentiert die Kunst des Steins mit einer Sammlung von Objekten, die die nat\u00fcrlich Sch\u00f6nheit und Vielfalt der lokalen Materialien wie Grindelwalder Marmor, L\u00fctschiner Gneis und Kander Kalkstein hervorheben. Jedes St\u00fcck, ob eine Steinschale, ein Brunnen, ein Kerzenhalter oder ein einfaches Accessoire, ist eine einzigartige Darstellung der Natur. Die Kombination von Beat Hofers Berufen als F\u00f6rster und Bergf\u00fchrer erm\u00f6glicht auch spezielle Arbeiten in den H\u00f6henlagen. Ausserdem bietet ihre neue Ferienwohnung einen komfortablen Aufenthalt f\u00fcr entspannte Tage und aktive Bergerlebnisse.&nbsp;", "url": "https://www.ausstein.ch/", "image": "https://jrtagpimtsoch.sos-ch-dk-2.exoscale-cdn.com/catalog/1/3/1/2/13127aae5d132a25856e5cc7e5524862fd157045_Aus_Stein.jpg", "openstreetmap_id": "way/348687257"}, "geometry": {"type": "Point", "coordinates": ["8.029775126361411", "46.62322545"]}}, {"type": "Feature", "properties": {"identifier": "9b40a19b-5d87-48ea-b967-756109923362", "name": "Schifffahrt Thunersee", "description": "<p>Die Schifffahrt auf dem Thunersee verbindet Natur, Geschichte und Entschleunigung. Zwischen Thun und Interlaken verkehrt die Flotte <span style=\"background-color: rgb(255, 255, 255); color: rgb(0, 0, 0);\">\u2013</span> eingebettet in die eindrucksvolle Kulisse des Berner Oberlands mit Blick auf Eiger, M\u00f6nch und Jungfrau.</p><p></p><p>An Bord der modernen Motorschiffe oder des nostalgischen Dampfschiffs <span style=\"background-color: rgb(255, 255, 255); color: rgb(0, 0, 0);\">\u00ab</span>Bl\u00fcemlisalp<span style=\"background-color: rgb(255, 255, 255); color: rgb(0, 0, 0);\">\u00bb</span> entfaltet sich die ganze Vielfalt der Region: sanfte Uferlandschaften, charmante D\u00f6rfer und f\u00fcnf historische Schl\u00f6sser, die direkt vom Wasser aus zu sehen sind.</p><p></p><p>Die Schifffahrt hat eine lange Tradition: Bereits 1835 nahm das erste Dampfschiff den Betrieb auf dem Thunersee auf. Heute sorgt eine moderne Flotte f\u00fcr komfortable Fahrten <span style=\"background-color: rgb(255, 255, 255); color: rgb(0, 0, 0);\">\u2013</span> sei es als gem\u00fctliche Verbindung zwischen Ausflugszielen oder als stimmungsvolle Kulisse f\u00fcr kulinarische Themenfahrten.</p><p></p><p><strong>Tickets:</strong></p><ul><li><a href=\"https://www.swissactivities.com/w-booking/?booking=358&amp;widgetBrandColor=%23da4f3f&amp;widgetLogoUrl=https%3A%2F%2Fjungfrauregion.swiss%2Ffiles%2Fwebsites%2Fjungfrauregion.swiss%2FBilder%2FLogos%2FLogo%2520Jungfrau%2520Region%2520mit%2520Orten.png+&amp;widgetShowNavigation=true&amp;widgetNavigationTab=booking&amp;affiliateid=ztrizju&amp;returnUrl=https%3A%2F%2Fjungfrauregion.swiss%2Fde%2Fmap%2Fdetail%2Fschifffahrt-thunersee-9b40a19b-5d87-48ea-b967-756109923362.html\" rel=\"noopener noreferrer\" target=\"_blank\">Tageskarte Thunersee und Brienzersee im Sommer</a></li><li><a href=\"https://www.swissactivities.com/w-booking/?booking=1130&amp;widgetBrandColor=%23da4f3f&amp;widgetLogoUrl=https%3A%2F%2Fjungfrauregion.swiss%2Ffiles%2Fwebsites%2Fjungfrauregion.swiss%2FBilder%2FLogos%2FLogo%2520Jungfrau%2520Region%2520mit%2520Orten.png+&amp;widgetShowNavigation=true&amp;widgetNavigationTab=booking&amp;affiliateid=ztrizju&amp;returnUrl=https%3A%2F%2Fjungfrauregion.swiss%2Fde%2Fmap%2Fdetail%2Fschifffahrt-thunersee-9b40a19b-5d87-48ea-b967-756109923362.html\" rel=\"noopener noreferrer\" target=\"_blank\">Thunersee Schiffsticket ab Interlaken West</a></li><li><a href=\"https://www.swissactivities.com/w-booking/?booking=763&amp;widgetBrandColor=%23da4f3f&amp;widgetLogoUrl=https%3A%2F%2Fjungfrauregion.swiss%2Ffiles%2Fwebsites%2Fjungfrauregion.swiss%2FBilder%2FLogos%2FLogo%2520Jungfrau%2520Region%2520mit%2520Orten.png+&amp;widgetShowNavigation=true&amp;widgetNavigationTab=booking&amp;affiliateid=ztrizju&amp;returnUrl=https%3A%2F%2Fjungfrauregion.swiss%2Fde%2Fmap%2Fdetail%2Fschifffahrt-thunersee-9b40a19b-5d87-48ea-b967-756109923362.html\" rel=\"noopener noreferrer\" target=\"_blank\">Tageskarte Thunersee Winter</a></li></ul>", "image": "https://jrtagpimtsoch.sos-ch-dk-2.exoscale-cdn.com/catalog/2/1/6/3/216360c5acddba123d77a1568f474196cf6b02c4_Schifffahrt_Thunersee.jpeg", "openstreetmap_id": "relation/1117321"}, "geometry": {"type": "Point", "coordinates": ["7.691442", "46.7055892"]}}, {"type": "Feature", "properties": {"identifier": "9b6f7673-b288-4198-9a43-82c845449259", "name": "Langlaufen", "description": "Egal ob am Tag oder in der Nacht. Egal ob f\u00fcr Anf\u00e4nger, Fortgeschrittene oder Profis. In Lauterbrunnen warten zahlreiche perfekt pr\u00e4parierte Langlaufloipen auf dich. Mit einem Klick auf den roten Button gelangst du zur \u00dcbersicht aller Langlaufstrecken.", "image": "https://jrtagpimtsoch.sos-ch-dk-2.exoscale-cdn.com/catalog/0/5/2/6/05266843e132fa1c05783afd51ec87df87e094aa_Lauterbrunnen_Langlaufen.jpg", "openstreetmap_id": "node/10723245131"}, "geometry": {"type": "Point", "coordinates": ["7.90765", "46.59568"]}}, {"type": "Feature", "properties": {"identifier": "9d66dbd6-1810-4209-96be-de66ea04c868", "name": "Alpenvogelpark Grindelwald", "description": "Der Alpenvogelpark in Grindelwald befindet sich auf dem Weg zwischen dem Dorf und der Grossen Scheidegg im Ischboden.\n\nIn  neun Volieren werden haupts\u00e4chlich einheimische Vogelarten gehalten und gepflegt. Die Tiere werden durch ausgebildete Helfer*innen und Pfleger*innen regelm\u00e4ssig gef\u00fcttert und auf ihren Gesundheitszustand kontrolliert.\n\nDirekt beim Park befindet sich eine Bushaltestelle, zu Fuss ist der Alpenvogelpark vom Hotel Wetterhorn in 45 Minuten \u00fcber die Bergstrasse erreichbar. Die Strasse ist f\u00fcr Autos nur mit Bewilligung befahrbar.", "url": "https://www.alpenvogelpark.ch/", "image": "https://jrtagpimtsoch.sos-ch-dk-2.exoscale-cdn.com/catalog/1/f/e/7/1fe70a10b27613dabf0b0cae3e795a96561d9cb0_Schnee_Eule.png", "openstreetmap_id": "way/389786552"}, "geometry": {"type": "Point", "coordinates": ["8.080825213146401", "46.638691300000005"]}}, {"type": "Feature", "properties": {"identifier": "9f05de94-80b3-41ba-89fd-b9b8cabf0710", "name": "Radtouren", "description": "Auf zwei R\u00e4dern durch das atemberaubende Lauterbrunnen. Die sch\u00f6nsten Touren auf asphaltierten Strassen, die besten \u00dcbernachtungsm\u00f6glichkeiten und Verpflegungstipps f\u00fcr unterwegs. Das und mehr erf\u00e4hrst du mit einem Klick auf den Button.", "image": "https://jrtagpimtsoch.sos-ch-dk-2.exoscale-cdn.com/catalog/0/2/a/6/02a6cd9a5f978c6fa34da09a6b522bd7ed190486_Velofahren_Wengen.jpg", "openstreetmap_id": "node/10723245131"}, "geometry": {"type": "Point", "coordinates": ["7.90765", "46.59568"]}}, {"type": "Feature", "properties": {"identifier": "9f1a99ac-5569-47cb-a63b-9a2000f20328", "name": "Seilbr\u00fcckenbau", "description": "Wir planen, konstruieren, ereknnen St\u00e4rken, haben ein Ziel vor Augen, sind ein Team, wir erwarten nicht -  wir nutzen alle Qualit\u00e4ten, erleben Wege zum Projekt, gemeinsam...\n\nIdeal in Kombination mit einem feinen Apero oder Essen auf der Alp, im Bergrestaurant oder Outdoork\u00fcche. Wir haben die perfekte Erg\u00e4nzung dazu!\n\nHier steht sinnvolle Zusammenarbeit, logisches Denken, Planen auf Zeit ganz im Vordergrund.\nWelches Team hat ihr Ziel mit Weitsicht und Tiefgang erreicht? Qualit\u00e4ten des Teams erkannt? Erf\u00fcllt diese die Sicherheitsanspr\u00fcche und die Zeitvorgaben? Es sind alle im Team gefordert!\n\nZeitaufwand: 3-4 Stunden\nAnforderungen: Keine Kenntnisse notwendig\nKosten: ab CHF 90", "url": "https://falkevent.ch", "image": "https://jrtagpimtsoch.sos-ch-dk-2.exoscale-cdn.com/catalog/3/f/2/c/3f2c953f3b57a3ed70b5af0d23b45a9e5ab3fbfb_MICE_FalkEvent_Seilbr__ckenbau_3.jpg", "openstreetmap_id": "node/878881551"}, "geometry": {"type": "Point", "coordinates": ["8.352639858035397", "46.737781949337176"]}}, {"type": "Feature", "properties": {"identifier": "a13038fb-d7a0-4d5d-9179-ba48344efe65", "name": "Langlaufen", "description": "Egal ob am Tag oder in der Nacht. Egal ob f\u00fcr Anf\u00e4nger, Fortgeschrittene oder Profis. Im Haslital warten zahlreiche perfekt pr\u00e4parierte Langlaufloipen auf dich. Mit einem Klick auf den roten Button gelangst du zur \u00dcbersicht aller Langlaufstrecken.", "image": "https://jrtagpimtsoch.sos-ch-dk-2.exoscale-cdn.com/catalog/6/a/2/4/6a24d38d6d0f932794408e8d81bac52c552757e2_Langlaufen_Haslital.jpg", "openstreetmap_id": "node/1939702876"}, "geometry": {"type": "Point", "coordinates": ["8.277708", "46.642224"]}}, {"type": "Feature", "properties": {"identifier": "a38a07a6-58f2-48ba-93a0-8bfd03b66dfe", "name": "Eiger Grand Prix", "description": "Eingeteilt in Teams versucht ihr mit dem von uns zur Verf\u00fcgung gestellten Fahrzeug-Grundger\u00fcst, dem bereitliegenden Material und dem vorhandenen Werkzeug, ein renntaugliches Gef\u00e4hrt zu bauen. Erg\u00e4nzend k\u00f6nnt ihr mit dem an jedes Team ausgeteilten firmeninternen Zahlungsmittel in unserem Werkstofflager zus\u00e4tzlich ben\u00f6tigtes Material kaufen oder in der Werkstatt handwerkliche Unterst\u00fctzung von einem Profi anfordern. <br><br>Anschliessend an die Bauphase muss jedes Rennauto den \u00absafety check\u00bb bestehen, um \u00fcberhaupt zum Rennen zugelassen zu werden. Auf der Rennstrecke ist das Ziel jedes Fahrers eine m\u00f6glichst lange Distanz zur\u00fcckzulegen. Zusatzpunkte k\u00f6nnen mit der Kreativit\u00e4t und dem Einfallsreichtum beim Bau des Rennwagens ergattert werden. Jedes Team gestaltet \u00fcberdies eine Teamfahne, deren Ausarbeitung ebenfalls in die Bewertung miteinfliesst.<br><br>Dieser Event steigert folgende Teambuilding-Effekte:<br>Das Bauen eines Rennautos ist eine ideale Teambuilding-Aktivit\u00e4t \u2013 gemeinsam planen, entscheiden, bauen, testen und Spass haben.<br><br>Teilnehmerzahl: 30 bis 150 Personen<br>Dauer: ca. 2 - 3 Stunden<br>Kosten: auf Anfrage", "url": "https://outdoor.ch", "image": "https://jrtagpimtsoch.sos-ch-dk-2.exoscale-cdn.com/catalog/9/0/8/8/9088c8c763bd5e90245529b30282f9e50460027d_Eiger_Grandprix_Eigervision_1.jpg", "openstreetmap_id": "way/213164181"}, "geometry": {"type": "Point", "coordinates": ["8.034932356606516", "46.62383022998243"]}}, {"type": "Feature", "properties": {"identifier": "a3e7dbac-683c-4926-85dd-f6625bd89a09", "name": "WollReich Haslital", "description": "WollReich bietet F\u00fchrungen durch seine Wollverarbeitungsanlagen an, darunter das Kardieren, Waschen und das Atelier. Nach der F\u00fchrung k\u00f6nnen die Besucher auch an einem Filzworkshop teilnehmen. Die Familie Brog betreiben diesen landwirtschaftlichen Betrieb in Geissholz, Schattenhalb, mit rund 500 Schafen verschiedener Rassen und anderen Nutztieren.&nbsp;", "url": "https://www.wollreich.ch/", "image": "https://jrtagpimtsoch.sos-ch-dk-2.exoscale-cdn.com/catalog/3/0/e/d/30edc753934cdf920ceaf23a9a596badf9fd5d9b_WollReich_Haslital.jpg", "openstreetmap_id": "way/365477247"}, "geometry": {"type": "Point", "coordinates": ["8.18416827397514", "46.728690400000005"]}}, {"type": "Feature", "properties": {"identifier": "a5befb01-f535-4294-a4cb-cd1abe80c1b9", "name": "Seilbr\u00fcckenbau \u00fcber die Gletscherschlucht", "description": "<p>Wollt ihr gemeinsam an einem Strang ziehen? Zusammen eine Br\u00fccke \u00fcber die 100 m tiefe Gletscherschlucht in Grindelwald in der N\u00e4he von Interlaken bauen und im Anschluss diese Br\u00fccke begehen? Dann ist unser Angebot \u201eSeilbr\u00fcckenbau\u201c genau das Richtige f\u00fcr euch.\n\nZu Fuss oder per Reisecar bzw. Ortsbus erreichen wir die Gletscherschlucht des Unteren Grindelwaldgletschers. Sogleich machen wir uns auf, die Gletscherschlucht von oben zu bestaunen, was eine kurze Wanderung zur Folge hat.  Kompetent instruiert durch unsere Bergf\u00fchrerinnen und Bergf\u00fchrer IVBV kn\u00fcpft ihr aus einzelnen Seilen eine Br\u00fccke, die anschliessend mit vereinten Kr\u00e4ften \u00fcber die Schlucht gespannt wird. Ob die Br\u00fccke wohl h\u00e4lt? Etwas Adrenalin wird sicher ausgesch\u00fcttet und etwas Mut wird es auch brauchen, um in der Folge die Schlucht auf der selbst gebauten Br\u00fccke zu \u00fcberwinden. Nach getaner Arbeit geniesst ihr sicher gerne ein im Rucksack mitgebrachtes Getr\u00e4nk und unterhaltet euch \u00fcber eure Heldentaten. Im Anschluss bietet sich ein Besuch der Gletscherschlucht an. Dies erm\u00f6glicht euch die eindr\u00fcckliche kontr\u00e4re Sicht von unten, auf einem gesicherten Steg, auf die weit in die H\u00f6he aufschiessenden Felsw\u00e4nde und auf die in Jahrhunderten entstanden Gletscherm\u00fchlen.\n\nEure Begleitpersonen von OUTDOOR informieren euch gerne \u00fcber die Geschichte der Gletscherschlucht im geologischen Sinne, aber auch \u00fcber den wirtschaftlichen Nutzen der Schlucht f\u00fcr den Tourismus in der Jungfrau Region.\n\nIhr habt noch nicht genug Bergsportabenteuer? Reizt es euch schon l\u00e4nger eine Felswand vertikal zu durchsteigen? Als Erg\u00e4nzung zum Seilbr\u00fcckenbau bietet sich, vor allem f\u00fcr gr\u00f6ssere Gruppen, eine Einf\u00fchrung ins Felsklettern oder ein imposantes Abseilen \u00fcber die Felswand an der Gletscherschlucht. Dieser zus\u00e4tzliche Programmpunkt erlaubt es uns, l\u00e4ngere Wartezeiten zu vermeiden, indem wir unser Programm f\u00fcr euch doppelt durchf\u00fchren. F\u00fcr das Angebot \u00abKlettern und Abseilen\u00bb werdet ihr von bergf\u00fchrenden Personen von OUTDOOR kompetent angeleitet und betreut.\n\nDieser Event steigert folgende Teambuilding-Effekte: <br>Das gemeinsame Kn\u00fcpfen einer Seilbr\u00fccke und das anschliessende Begehen derselben, f\u00fchrt automatisch zu mehr Vertrauen in die Gruppe und sich selbst und festigt die positive Sicht auf den gemeinsamen Erfolg als Mitglied des Mitarbeiter-Teams.<br><br>Teilnehmerzahl: 7 bis 30 Personen<br>Dauer: ca. 2 Stunden<br>Kosten: auf Anfrage</p>", "url": "https://outdoor.ch", "image": "https://jrtagpimtsoch.sos-ch-dk-2.exoscale-cdn.com/catalog/6/7/8/c/678c27806c0d05b92df0fd0f568d3f743d7745d9_IMG_4760.jpg", "openstreetmap_id": "way/213164181"}, "geometry": {"type": "Point", "coordinates": ["8.046584129333498", "46.613228450452894"]}}, {"type": "Feature", "properties": {"identifier": "a5c30eb2-2b2d-45e4-b314-5e8f383f18e9", "name": "Winterwanderungen", "description": "Wandern im Winterm\u00e4rchenland. Von der Gr\u00fctschalp nach M\u00fcrren. Oder von der First zum Bachalpsee. Oder... An Routen mangelt es in der Jungfrau Region nicht. Und eine ist sch\u00f6ner wie die andere. Mit einem Klick auf den Button gelangst du zur \u00dcbersicht aller Winterwanderungen.", "image": "https://jrtagpimtsoch.sos-ch-dk-2.exoscale-cdn.com/catalog/5/a/f/3/5af3866551d6024b76e6e4bb34591b1f9ef6c20f_Winterwandern_in_Grindelwald.jpg", "openstreetmap_id": "node/11434275959"}, "geometry": {"type": "Point", "coordinates": ["7.9436061", "46.6111252"]}}, {"type": "Feature", "properties": {"identifier": "a6220fe5-23f4-4fb0-9160-4cacb85c99e7", "name": "Weizenmehl aus dem Haslital ", "description": "Haslimehl mit Sitz im Haslital hat sich auf den Anbau von Weizen spezialisiert, wobei der Schwerpunkt auf der Auswahl geeigneter B\u00f6den, der Fruchtfolge und der Bodenvorbereitung mit lokalem Kompost und D\u00fcnger liegt. Sie betonen, wie wichtig das Wetter w\u00e4hrend der Wachstumsphase ist, da es die Qualit\u00e4t des Weizens beeinflusst. Der geerntete Weizen wird bis zum Mahlen gelagert und bel\u00fcftet, und das Stroh wird als Einstreu f\u00fcr die Tiere verwendet. Ihr Endprodukt, das Haslibrot, ist ein Sauerteigbrot, das sie aus ihrem eigenen gemahlenen Mehl herstellen. ", "image": "https://jrtagpimtsoch.sos-ch-dk-2.exoscale-cdn.com/catalog/5/f/4/6/5f4661cadb39188959d0645d0f78020b92f960af_Weizmehl_aus_dem_Hasli.jpg", "openstreetmap_id": "relation/1682552"}, "geometry": {"type": "Point", "coordinates": ["8.1870934", "46.7285518"]}}, {"type": "Feature", "properties": {"identifier": "a648b98f-ea22-4824-8590-5c01c999c17c", "name": "Schlittelwege", "description": "Von Big Pintenfritz, der l\u00e4ngsten Schlittelabfahrt der Welt, bis zu weiteren Klassikern wie dem Apollo Run oder dem Fox Run \u2013 in Lauterbrunnen warten viele Schlittelstrecken auf dich. Sogar nachts kannst du auf zwei Kufen durch die verschneiten Landschaften gleiten. Mit einem Klick auf den Button gelangst du zur \u00dcbersicht aller Schlittelwege.", "image": "https://jrtagpimtsoch.sos-ch-dk-2.exoscale-cdn.com/catalog/5/a/a/e/5aaee6d99aac1a3c9fed18d9b2ae7f29d994fc99_Schlitteln_Sulwald.jpg", "openstreetmap_id": "node/10723245131"}, "geometry": {"type": "Point", "coordinates": ["7.90765", "46.59568"]}}, {"type": "Feature", "properties": {"identifier": "a74ee9f4-4415-4389-b965-7001874e7913", "name": "Skulpturengarten Schr\u00e4ndli", "description": "Schr\u00e4ndli liegt auf einer kleinen Gel\u00e4ndeterrasse am alten Kirchweg, der seit 1860 die D\u00f6rfer des Haslibergs mit der Talkirche in Meiringen verbindet. \n\n1993/94 reifte die Idee, ein St\u00fcck Land, in bevorzugter Lage direkt gegen\u00fcber der klassischen Silhouette der Wetterhorngruppe, der \u00d6ffentlichkeit zug\u00e4nglich zu machen und Skulpturenausstellungen in naturnaher Umgebung zu veranstalten.\n\nDurch B\u00fcsche, Hecken, B\u00e4ume, Gr\u00e4ben, Felsbrocken, Wegspuren und Trockenmauern werden Kleinr\u00e4ume angedeutet, die sich gegen\u00fcber dem Grossraum des Haslitals \u00f6ffnen.\n\nDie ausgestellten Plastiken, vorzugsweise der konstruktiven Richtung, bieten einen spannungsvollen Kontrast zu dieser Idylle und k\u00f6nnen dank der Modulation des Gel\u00e4ndes aus den unterschiedlichsten Blickwinkeln entdeckt werden.\n\nDer Skulpturengarten ist zu Fuss von Meiringen oder von Hasliberg Reuti erreichbar.", "url": "https://www.naturgestaltung.ch/skulpturengarten-schraendli/", "image": "https://jrtagpimtsoch.sos-ch-dk-2.exoscale-cdn.com/catalog/e/3/6/2/e362352da8f7da8a4cab3954f74aaf0a01b486d8_Skulpturgarten.JPG", "openstreetmap_id": "node/9525580190"}, "geometry": {"type": "Point", "coordinates": ["8.1983709", "46.7309261"]}}, {"type": "Feature", "properties": {"identifier": "a8cc57d0-c6a5-4397-9778-2c5a9587631a", "name": "Mountainbike", "description": "Unterwegs auf zwei R\u00e4dern. Entdecke die Bergwelt vom Haslital mit dem Mountainbike. Mit einem Klick auf den Button gelangst du zur \u00dcbersicht aller Trails. ", "image": "https://jrtagpimtsoch.sos-ch-dk-2.exoscale-cdn.com/catalog/6/3/5/b/635be176a9548899e2f1c7eac1073b27fd8bbabd_bike_hasliberg__2_.jpg", "openstreetmap_id": "node/1939702876"}, "geometry": {"type": "Point", "coordinates": ["8.277708", "46.642224"]}}, {"type": "Feature", "properties": {"identifier": "a98f8594-960b-466d-9918-0f677d1b60ce", "name": "Themenwege", "description": "Auch Wanderwege und Spazierg\u00e4nge, die einem bestimmten Thema gewidmet sind, gibt es in der Jungfrau Region zuhauf. Mit einem Klick auf den Button gelangst du zur \u00dcbersicht aller Themenwege.", "image": "https://jrtagpimtsoch.sos-ch-dk-2.exoscale-cdn.com/catalog/9/5/6/7/9567e1f51103042c4e6f2e4b06c4f5493639dd90_Muggestutz.jpg", "openstreetmap_id": "node/1939702876"}, "geometry": {"type": "Point", "coordinates": ["8.277708", "46.642224"]}}, {"type": "Feature", "properties": {"identifier": "aaa98968-c9e4-4a2a-b871-8c25abefc234", "name": "Gletscherschlucht Grindelwald", "description": "<p><strong><a href=\"https://www.google.com/maps/place/Gletscherschlucht,+3818+Grindelwald/@46.6135321,8.0437779,17z/data=!3m1!4b1!4m6!3m5!1s0x478f9c0f6c09e83f:0x4ebbf68b387a3570!8m2!3d46.6135321!4d8.0463528!16s%2Fg%2F1q6jb37dc?entry=ttu&amp;g_ep=EgoyMDI0MTIxMS4wIKXMDSoASAFQAw%3D%3D\" rel=\"noopener noreferrer\" target=\"_blank\">Zum Ziel navigieren (Google Maps)</a></strong></p><p></p><p>Ein imposantes Kunstwerk der Natur! Die 300 m hohen Felsw\u00e4nde der Gletscherschlucht zeugen von der unglaublichen Kraft des unteren Grindelwaldgletschers. Leider existiert dieser Gletscher nicht mehr. Der Steg tief hinein in die Schlucht bietet dir einen einmaligen, echten Blick in die Vergangenheit. Das rauschende Wasser der L\u00fctschine, der stetige leichte Wind sowie die eindr\u00fccklichen Lichtverh\u00e4ltnisse machen diesen Ort f\u00fcr alle Sinne spannend. Die Gletscherschlucht ist in diverse Themen wie Geologie, Gletscher, Wasser oder Mythen unterteilt \u2013 eine spannende Erfahrung f\u00fcr jedes Alter. Sie ist leicht und bei jedem Wetter zug\u00e4nglich. Eines der Highlights ist das 170 m2 grosse Spiderweb. Das begehbare, \u00fcber die Schlucht gespannte Netz bietet eine einmalige Sicht und Nervenkitzel zugleich.</p>", "url": "https://outdoor.ch/de", "image": "https://jrtagpimtsoch.sos-ch-dk-2.exoscale-cdn.com/catalog/f/e/a/f/feafca448e9a55ec64a6d95c791891b6e68b600f_Gletscherschlucht__1_.jpg", "openstreetmap_id": "way/358443004"}, "geometry": {"type": "Point", "coordinates": ["8.046557307243349", "46.6133765367033"]}}, {"type": "Feature", "properties": {"identifier": "ac3a5ff2-0ed7-4da7-a45f-c1bdb1809ddc", "name": "Trail Running", "description": "Zahlreiche Trails macht Wengen zu einem Paradies f\u00fcr L\u00e4uferinnen und L\u00e4ufer. Mit einem Klick auf den Button gelangst du zur \u00dcbersicht aller Trailruns.", "image": "https://jrtagpimtsoch.sos-ch-dk-2.exoscale-cdn.com/catalog/b/b/0/6/bb062e09aed77a17d856021be7f59577efd5893e_Jungfrau_Marathon.jpg", "openstreetmap_id": "way/282059913"}, "geometry": {"type": "Point", "coordinates": ["7.92134", "46.605"]}}, {"type": "Feature", "properties": {"identifier": "adc769bc-7262-4784-a055-ce9b0ee63663", "name": "Kugelbahn Challenge ", "description": "<p>Und so funktioniert das Spiel: Kaufe eine Holzspielkugel f&uuml;r CHF 4.00 an einer der folgenden Verkaufsstellen: - Wengen Tourismus - Luftseilbahn Wengen-M&auml;nnlichen&nbsp; - Hair Salon Gabi Lanz.&nbsp; Starte bei einer beliebigen Bahn. Die Kugeln k&ouml;nnen gleichzeitig eingeworfen bzw. losgelassen werden. Am Ende siehst du, welche Kugel gewonnen hat.</p>", "url": "https://wengen.swiss", "image": "https://jrtagpimtsoch.sos-ch-dk-2.exoscale-cdn.com/catalog/6/0/e/d/60ede337950dae1d82530b6b75575030ac7d9d32_kugelbahnChallenge.jpg", "openstreetmap_id": "node/10723247819"}, "geometry": {"type": "Point", "coordinates": ["7.9217902", "46.6059468"]}}, {"type": "Feature", "properties": {"identifier": "ade10f1d-f521-47d3-9941-3967f95f6e4d", "name": "Metzgerei Christian Nussbaum ", "description": "Die Metzgerei Christian Nussbaum in Meiringen ist auf traditionelle Fleischspezialit\u00e4ten aus dem Haslital spezialisiert. Zu ihrem Angebot geh\u00f6rt der beliebte Original-Gumpesel und eine Vielzahl anderer Spezialit\u00e4ten. Das Fleisch, wie z.B. das Entrec\u00f4te mit Knochen, stammt vom Suisse-Garantie-Rind mit der Mindestmaststufe T3 und gleichm\u00e4ssiger Marmorierung.", "url": "https://www.original-gumpesel.ch", "image": "https://jrtagpimtsoch.sos-ch-dk-2.exoscale-cdn.com/catalog/5/d/4/d/5d4d8579a9592e59812ea8cbffd3dcc7e8c3e368_Metzgerei_Christian_Nussbaum.jpg", "openstreetmap_id": "way/441680610"}, "geometry": {"type": "Point", "coordinates": ["8.18838918188154", "46.728214699999995"]}}, {"type": "Feature", "properties": {"identifier": "adfd3ca3-d4bd-4386-beda-8d8c8e04c684", "name": "Molki Meiringen", "description": "Molki Meiringen bietet eine Reihe von hochwertigen Milchprodukten an, die aus Milch aus dem Berner Oberland hergestellt werden. Das Sortiment umfasst den einzigartigen Brie de Meiringen, verschiedene K\u00e4sesorten, Joghurts mit bis zu 23 saisonalen Sorten, cremigen Quark und erfrischendes Eis, das das ganze Jahr \u00fcber erh\u00e4ltlich ist. Sie sind stolz auf ihre enge Zusammenarbeit mit den \u00f6rtlichen Landwirten, die f\u00fcr regionale und nachhaltige Praktiken sorgen. Ausserdem bieten sie das Haslitaler P\u00e4ckli an, ein spezielles Paket mit K\u00f6stlichkeiten aus der lokalen B\u00e4ckerei und Metzgerei.", "url": "https://molki.ch/", "image": "https://jrtagpimtsoch.sos-ch-dk-2.exoscale-cdn.com/catalog/4/0/a/c/40ac9904957f63511b5c5520711b18af492d3945_Molki_Meiringen.jpg", "openstreetmap_id": "node/6855908985"}, "geometry": {"type": "Point", "coordinates": ["8.1900392", "46.7260712"]}}, {"type": "Feature", "properties": {"identifier": "ae4f0403-cc51-4065-8d73-58feff26aa08", "name": "Langlaufen", "description": "Egal ob am Tag oder in der Nacht. Egal ob f\u00fcr Anf\u00e4nger, Fortgeschrittene oder Profis. Egal ob in Grindelwald, Lauterbrunnen oder dem Haslital \u2013 zahlreiche perfekt pr\u00e4parierte Langlaufloipen warten in der Jungfrau Region auf dich. Mit einem Klick auf den roten Button gelangst du zur \u00dcbersicht aller Langlaufstrecken.", "image": "https://jrtagpimtsoch.sos-ch-dk-2.exoscale-cdn.com/catalog/c/6/b/e/c6bed0b31e38b4d453e7034b126201a7ea453361_Langlaufen_Haslital.jpg", "openstreetmap_id": "node/11434275959"}, "geometry": {"type": "Point", "coordinates": ["7.9436061", "46.6111252"]}}, {"type": "Feature", "properties": {"identifier": "aec2e5be-5b47-4805-8049-348ec5eee30c", "name": "Reichenbachfall", "description": "<p>\u00abThe Final Problem\u00bb Eine Sherlock Holmes-Gedenktafel bei der Drahtseilbahn erinnert daran, dass Conan Doyle von der Wildheit dieses Wasserfalles so stark beeindruckt war, dass er beschloss, seinen weltbekannten Detektiv Sherlock Holmes im Kampf mit dessen Erzfeind Prof. Moriarty in den Reichenbachf\u00e4llen abst\u00fcrzen und sterben zu lassen. Die tosenden Wasser des Reichenbachfalls wiesen den k\u00fchnen Ingenieuren den Weg, als sie 1899 die Schienen f\u00fcr die Werkseilbahn legten. Auge in Auge mit dem wilden Bach und dem m\u00e4chtigen, 120 Meter hohen Reichenbachfall f\u00e4hrt die Nostalgiebahn mit ihrem originalgetreu nachgebauten 24-pl\u00e4tzigen Holzwagen in die H\u00f6he. </p><p></p><p>Nicht weit von der Bergstation bieten drei Aussichtsterrassen einen atemberaubenden Blick auf Wasserfall und Haslital. F\u00fcr Sherlock-Holmes-Fans ist dieser Ausflug schon fast ein Muss: Hier forderte der ber\u00fchmte Detektiv seinen Erzfeind Professor Moriaty zum Kampf \u2013 das heftige Handgemenge endetet mit einem Fall in die Tiefe. In genau diesen Wasserfall. </p><p></p><p>Die Drahtseilbahn bringt Besucher*innen hinauf zur Plattform, wo das letzte Duell stattfand und gleichzeitig zum Ausgangspunkt zahlreicher Wanderungen. Die Talstation der Reichenbachfall-Bahn ist vom Bahnhof Meiringen einerseits mit dem Postauto (5 min. Fussweg ab Haltestelle Willigen, Dorf) oder mit der Meiringen-Innertkirchen-Bahn MIB (5 min. Fussweg ab Haltestelle Alpbach) erreichbar. Bei Anreise mit dem Auto sind Parkpl\u00e4tze vorhanden.</p><p></p><p></p>", "image": "https://jrtagpimtsoch.sos-ch-dk-2.exoscale-cdn.com/catalog/f/b/9/a/fb9acf4cd846dd2293178c10f25399b9fa67ca6d__JRT2018.jpg", "openstreetmap_id": "node/2903487307"}, "geometry": {"type": "Point", "coordinates": ["8.182303905487062", "46.713253124613374"]}}, {"type": "Feature", "properties": {"identifier": "afcb7abf-412d-44b0-98b7-3a195aef1440", "name": "Pfingstegg", "description": "<p>Die Aussichtswarte von Grindelwald erreichst du bequem mit der Luftseilbahn. Parkpl&auml;tze sind bei der Talstation in Grindelwald vorhanden. Die Pfingstegg ist Ausgangspunkt f&uuml;r Wanderungen zu den beiden Grindelwaldgletschern.</p><p>Sommerrodelbahn<br>Die Sommerrodelbahn (L&auml;nge: 725 m) ist ein Erlebnis f&uuml;r Jung und Alt.</p><p>Fly-Line<br>Mit der Fly-Line auf der Pfingstegg schwebst du durch den Wald wie ein Vogel. Sanft und ger&auml;uschlos geht es vorbei an Felsw&auml;nden und Wasserl&auml;ufen. Manchmal knapp &uuml;ber dem Boden, dann wieder in 12 m H&ouml;he. Die Fly-Line Pfingstegg startet direkt unterhalb der Bergstation der Luftseilbahn und verschwindet sogleich im Wald. Am Schluss geht es mit einem Speziallift wieder hoch zum Start. Ziel ist es, die Umgebung zu geniessen, abzutauchen in die Welt des Waldes und entschleunigt wieder am Start anzukommen.</p><p>Sky-Dinner<br>In luftiger H&ouml;he Jeden Abend verwandeln sich die Gondeln in fahrende Gourmet-Tempel. Auf Voranmeldung ist das Sky-Dinner f&uuml;r maximum acht Personen erh&auml;ltlich. Nach einem feinen Ap&eacute;ro in der Talstation f&auml;hrst du mit der Luftseilbahn langsam und ger&auml;uschlos den Berg hoch und geniesst ein exklusives Dinner mit sensationellem Blick &uuml;ber Grindelwald. Zur&uuml;ck im Tal wird dir ein Dessert mit Kaffee und Digestif serviert und du schwebst ein zweites Mal hoch zur Pfingstegg. Und das alles f&uuml;r nur 95 Franken pro Person inklusive allen Getr&auml;nken. Besonders geeignet f&uuml;r kleine Firmenanl&auml;sse, Geburtstag oder Familienfeiern.</p><p>Bergrestaurant<br>Bergrestaurant Pfingstegg: 100 Sitzpl&auml;tze</p>", "url": "https://www.pfingstegg.ch/index.php", "image": "https://jrtagpimtsoch.sos-ch-dk-2.exoscale-cdn.com/catalog/2/2/3/c/223c1478826147b2af3ce657553241ffc4bd8676_32_ATW_Grindelwald_Pfingstegg_Grindelwald_CHE_020.jpg", "openstreetmap_id": "node/698977265"}, "geometry": {"type": "Point", "coordinates": ["8.056411743164064", "46.617396639911405"]}}, {"type": "Feature", "properties": {"identifier": "b17dc90e-9d78-47b4-86e8-9dca62c8fd52", "name": "E-Bike", "description": "Unterwegs auf zwei R\u00e4dern. Entdecke die Bergwelt vom Haslital mit dem E-Bike. Mit einem Klick auf den Button gelangst du zur \u00dcbersicht aller Routen.", "image": "https://jrtagpimtsoch.sos-ch-dk-2.exoscale-cdn.com/catalog/4/7/1/2/4712681e82f5f0c38dbb6c05034463418f9f4968__Bike_Hasliberg.jpg", "openstreetmap_id": "node/1939702876"}, "geometry": {"type": "Point", "coordinates": ["8.277708", "46.642224"]}}, {"type": "Feature", "properties": {"identifier": "b1c84f28-d492-4116-bf63-1ba57bdcbbe4", "name": "Die Geschichte der Meringues", "description": "Im Kochkunst-Museum in Frankfurt am Main wurde vor dem zweiten Weltkrieg die Quelle der Herkunft der \u00abMeringue\u00bb entdeckt. Anhand dieser Unterlagen (die leider im Krieg dann zerst\u00f6rt wurden) ist es eine Tatsache, dass die \u00abMeringue\u00bb zum ersten Mal von einem Konditor namens Gasparini um 1600 in Meiringen hergestellt wurde. Er selbst benannte seine neue Sch\u00f6pfung dann nach dem Ort, in dem er t\u00e4tig war \u2013 und das war Meiringen.\n\nFortan hiessen die luftigen Eiweissschalen \u00abMeiring\u00bb oder in der Mehrzahl \u00abMeiringe\u00bb. Da sich die neue Geb\u00e4ckerfindung alsbald auch nach \u00d6sterreich und S\u00fcddeutschland ausbreitete, ergab sich mundartlich dort die Bezeichnung \u00abMeirinken\u00bb und \u00abMerinken\u00bb. In Norddeutschland kam es sp\u00e4ter zu der Wortsch\u00f6pfung \u00abSpanischer Wind\u00bb. In Frankreich wurde der urspr\u00fcngliche Taufname im \u00abMeringue\u00bb franz\u00f6sisiert.\n\nDie Meringue trat ihren Siegeszug durch ganz Europa an und kam sogar bis nach England, wo sie von K\u00f6nigin Elisabeth I. \u00abkiss\u00bb genannt wurde. Die Spuren von Gasparinis s\u00fcsser Geb\u00e4ckerfindung lassen sich auch bis Frankreich verfolgen, da sie dort gerade in h\u00f6fischen Kreisen einen wahren Triumph feierte. Die Meringue wurde n\u00e4mlich in Frankreich dem K\u00f6nig Stanislaus Leszczynski (1677-1766) in seiner Residenz in Nancy serviert. K\u00f6nig Stanislaus war von 1704-1709 K\u00f6nig von Polen gewesen, wurde dann aus seinem Land vertrieben und mit dem Herzogtum Lothringen abgefunden.\n\nSeine Tochter Maria Leszczynski heiratete 1725 K\u00f6nig Louis XV. von Frankreich. K\u00f6nig Stanislaus also verliebte sich sogleich in die Meringue und liess sich das Rezept daf\u00fcr geben, welches er sofort auch seiner Tochter an den K\u00f6nigshof senden liess; die K\u00f6nigin und ihr Versailler Hofstaat liessen die Meringue ab diesem Zeitpunkt selber herstellen. Meiringen im Berner Oberland hat also auch in der Back- und Konditorenkunst Geschichte geschrieben. Das, was heute weltweit auch \u00abBaisers\u00bb genannt wird, sind eigentlich die Meiringer \u00abMeringues\u00bb.\n\nDiese eben gemachten Ausf\u00fchrungen wurden von den Verlagsh\u00e4usern Bertelsmann und Brockhaus, der Firma Br\u00fcgger AG Meiringen, der Firma Andr\u00e9 Klein AG Basel (L\u00e4ckerlihuus), dem Schweizer Hotelierverein und Frau B. Musfeld nachgeforscht und best\u00e4tigt.\n\nIn Frutals Konditorei und B\u00e4ckerei in Meiringen werden t\u00e4glich die auserw\u00e4hlten und feinen Geb\u00e4cke und S\u00fcssigkeiten mit viel Sorgfalt und Liebe und nur mit auserlesenem und bestem Rohmaterial hergestellt.", "url": "https://frutal.ch", "image": "https://jrtagpimtsoch.sos-ch-dk-2.exoscale-cdn.com/catalog/0/8/4/4/0844207a8fec436fd04b739dc24111032d61ef0e_csm_Christoph_Frutiger_FrutalBakery_0315472069.jpg", "openstreetmap_id": "node/9146328705"}, "geometry": {"type": "Point", "coordinates": ["8.1863568", "46.7277086"]}}, {"type": "Feature", "properties": {"identifier": "b239ecdb-7c3a-4d66-bc42-05ecb7556063", "name": "Mountainbike", "description": "Unterwegs auf zwei R\u00e4dern. Entdecke die Bergwelt der Jungfrau Region mit dem Mountainbike. Mit einem Klick auf den Button gelangst du zur \u00dcbersicht aller Trails.", "image": "https://jrtagpimtsoch.sos-ch-dk-2.exoscale-cdn.com/catalog/3/f/4/c/3f4cf298f54de8e8b52d62213538364beced81b8_Zwei_junge_Biker_geniessen_die_Aussicht.jpg", "openstreetmap_id": "node/11434275959"}, "geometry": {"type": "Point", "coordinates": ["7.9436061", "46.6111252"]}}, {"type": "Feature", "properties": {"identifier": "b2afbf4d-ce0c-408a-9120-213652903a21", "name": "Frutal B\u00e4ckerei", "description": "Die Frutal Versandb\u00e4ckerei in Meiringen ist eine traditionelle Schweizer B\u00e4ckerei, die f\u00fcr ihre Konditoreispezialit\u00e4ten bekannt ist. Sie bietet eine Vielzahl von Backwaren an, darunter Meringues, Macarons, Haslikuchen, Tazelwurm und Glacebiscuits.", "url": "https://frutal.ch/", "image": "https://jrtagpimtsoch.sos-ch-dk-2.exoscale-cdn.com/catalog/2/d/a/d/2dadfc84323f2937c0bccd9dda402cc214ed747f_Frutal_B__ckerei.jpg", "openstreetmap_id": "node/474703692"}, "geometry": {"type": "Point", "coordinates": ["8.1864057", "46.7276933"]}}, {"type": "Feature", "properties": {"identifier": "b3400c5e-b988-4ec2-981b-e919884679aa", "name": "Szenischer Dorfrundgang Meiringen", "description": "<p>Lassen Sie sich beim szenischen Dorfrundgang vom Schauspieler Lukas Baumann in die Welt von Sherlock Holmes versetzen und besuchen Sie die Schaupl&auml;tze von &laquo;Das letzte Problem&raquo; in Meiringen</p>", "url": "https://haslital.swiss", "image": "https://jrtagpimtsoch.sos-ch-dk-2.exoscale-cdn.com/catalog/9/9/a/6/99a60a5690573a538b4cb7c7b56df9da4c4c5c6d_IMG_8825.jpg", "openstreetmap_id": "node/5007055738"}, "geometry": {"type": "Point", "coordinates": ["8.1842711", "46.7273586"]}}, {"type": "Feature", "properties": {"identifier": "b3bbe140-a666-40f9-9e93-25c51e47ba7c", "name": "Spazierwege", "description": "Keine Lust auf eine grosse Wanderung, aber trotzdem etwas die Beine vertreten? Schlechtes Wetter, aber trotzdem ein wenig frische Luft schnappen? Mit einem Klick auf den Button gelangst du zur \u00dcbersicht aller Spazierwege.", "image": "https://jrtagpimtsoch.sos-ch-dk-2.exoscale-cdn.com/catalog/3/2/d/2/32d28de089e2d5de6419e97b51d7bb9d0c7123df_Lauterbrunnen_Dorf__2_.jpg", "openstreetmap_id": "node/10723245131"}, "geometry": {"type": "Point", "coordinates": ["7.90765", "46.59568"]}}, {"type": "Feature", "properties": {"identifier": "b5997835-5382-43ff-8edb-fd6bebf4d710", "name": "Reichenbachfall-Bahn", "description": "Die Drahtseilbahn bringt Besucher hinauf zur Plattform, wo das letzte Duell stattfand und gleichzeitig zum Ausgangspunkt zahlreicher Wanderungen.", "url": "https://www.grimselwelt.ch/", "image": "https://jrtagpimtsoch.sos-ch-dk-2.exoscale-cdn.com/catalog/5/a/1/d/5a1deec500f001ea0f472e073612e0eca2788e0a_012__7340_reichenbachfallbahn_2012_bydavidbirri__6__Grimselwelt.jpg", "openstreetmap_id": "way/1197344660"}, "geometry": {"type": "Point", "coordinates": ["8.18773805910515", "46.71944961596058"]}}, {"type": "Feature", "properties": {"identifier": "b6ad8508-2f2c-49e8-98f9-d65bbb315abb", "name": "Alpk\u00e4serei Winteregg Staubbach ", "description": "<p>Produkte: <br>Alpk&auml;se, Mutschli, Ziegenk&auml;se, Ziger, Joghurt, Butter</p>", "url": "https://www.guidle.com/de/gewerbe/lauterbrunnen/hersteller-gewerbe-und-industrie/alpkaese-aus-dem-lauterbrunnerntal_AkfU7vd", "image": "https://jrtagpimtsoch.sos-ch-dk-2.exoscale-cdn.com/catalog/a/1/b/f/a1bfff43617866eec92940b7259acf3880d190ea_Allgemein_Lauterbrunnen.jpg", "openstreetmap_id": "node/6747228552"}, "geometry": {"type": "Point", "coordinates": ["7.907344", "46.5954852"]}}, {"type": "Feature", "properties": {"identifier": "b7aeb6ab-0388-46ad-9a63-d4719144e778", "name": "Kinderparadies M\u00fcrren", "description": "<p>Der Ort der Purzelb&auml;ume, Bastelfeste und lachenden Gesichtern: Im Kinderparadies sind deine Kleinen von 2 bis 8 Jahren bestens aufgehoben. &nbsp;Vor Ort gibt es eine grosse Auswahl an Spielen, B&uuml;chern, Pl&uuml;schtieren und Bastelmaterial. Eine Ecke zum Schlafen und der Aussenspielplatz erg&auml;nzen das Angebot. Das Kinderparadies befindet sich im Alpinen Sportzentrum M&uuml;rren.</p><p>&nbsp;</p>", "url": "https://muerren.swiss/", "image": "https://jrtagpimtsoch.sos-ch-dk-2.exoscale-cdn.com/catalog/4/9/4/2/494282669d5cc4d49a3534b5450d814124e9314d_IMG_6074.jpg", "openstreetmap_id": "way/548551235"}, "geometry": {"type": "Point", "coordinates": ["7.895324281060606", "46.562483"]}}, {"type": "Feature", "properties": {"identifier": "b8c8ff61-c991-45c7-9fed-f356cf118f28", "name": "Themenwege", "description": "Auch Wanderwege und Spazierg\u00e4nge, die einem bestimmten Thema gewidmet sind, gibt es in der Jungfrau Region zuhauf. Mit einem Klick auf den Button gelangst du zur \u00dcbersicht aller Themenwege.", "image": "https://jrtagpimtsoch.sos-ch-dk-2.exoscale-cdn.com/catalog/5/e/d/b/5edbd34286c9f2b36be38fdbd94a30eac2e71461_Sennenspielplatz_GGM_Station.jpg", "openstreetmap_id": "way/282059913"}, "geometry": {"type": "Point", "coordinates": ["7.92134", "46.605"]}}, {"type": "Feature", "properties": {"identifier": "b8e09f4c-b0e7-439b-a1fa-fb0285e72279", "name": "Grindelwald-First", "description": "<p>Geniesse ein &laquo;Zvieri&raquo; im Bergrestaurant oder sause mit dem First Flieger (einer Art Tyrolienne) die 800 Meter lange Strecke zur Mittelstation Schreckfeld hinunter. In rund einer Stunde Wanderzeit erreichst du zudem den Bachalpsee, in dem sich die schneebedeckten Gipfel spiegeln.</p><p><strong>First Cliff Walk (Sommer &amp; Winter)</strong><br>Der First Cliff Walk by Tissot, welcher entlang der Felswand auf eine Aussichtsplattform f&uuml;hrt, l&auml;sst selbst bei wagemutigen das Herz etwas schneller schlagen.</p><p><strong>First Flyer ( Sommer &amp; Winter)</strong><br>Abenteuerlustige sausen mit einer Geschwindigkeit von bis zu 84 km/h an einem 800 Meter langen Stahlseil von First zur Mittelstation Schreckfeld hinunter und sind dabei in einer entsprechenden Sitzvorrichtung gut gesichert. Die Fahrt wird durch eine Federkonstruktion gestoppt. Bis zu vier Personen k&ouml;nnen auf dieser gigantischen Tyrolienne gemeinsam starten.</p><p><strong>First Glider (Sommer &amp; Winter)</strong><br>Mit einem Greifvogel zu fliegen, kann begl&uuml;ckend sein. Dann n&auml;mlich, wenn einen der Adler namens First Glider auf eine luftige Reise mitnimmt. Seine vier &laquo;G&auml;ste&raquo; schweben dabei b&auml;uchlings durch die Bergluft und geniessen Panorama und Tempo: Erst zieht es den First Glider von Schreckfeld mit 72 Sachen r&uuml;ckw&auml;rts auf First. Auf dem R&uuml;ckweg startet der Adler dann aber richtig durch. Er und seine Mitflieger sausen die 800 Meter lange Flugstrecke mit bis zu 83 Stundenkilometern hinunter. Mindestalter: 10 Jahre, Mindestgr&ouml;sse: 130 cm</p><p><strong>First Mountain&nbsp;Cart (Nur Sommer)</strong><br>Donnere mit dem First Mountain Cart drei Kilometer &uuml;ber Stock und Stein. Das neue Funsportger&auml;t mit einem bequemen Sitz, guten Reifen und standfesten Bremsen bringt dich sicher auf der Naturstrasse von Schreckfeld nach Bort. Die Mischung aus Gokart und Rodel eignet sich f&uuml;r Kinder mit einer Mindestgr&ouml;sse von 125 cm. Schutzhelme stehen kostenlos zur Verf&uuml;gung.</p><p><strong>Trottibike (Nur Sommer)</strong><br>Eine Fahrt mit dem Trottibike ist ein Spass f&uuml;r die ganze Familie. Die Firstbahn bringt dich bequem zum Startpunkt. Mit einem Helm gesch&uuml;tzt f&auml;hrst du dann &uuml;ber wenig befahrene, asphaltierte Strassen nach Grindelwald hinunter. Helme (obligatorisch) werden kostenlos zur Verf&uuml;gung gestellt). N&ouml;tige Mindestgr&ouml;sse: 125 cm</p><p><strong>Skigebiet Grindelwald-First (Nur Winter)</strong><br>Im Winter verwandeln sich die farbigen Alpenwiesen in schneebedeckte H&auml;nge, auf denen man verschieden Wintersportarten erleben kann. F&uuml;r Skifahrer gibt es &uuml;ber den Berg verteilt 5 verschiedene Lifte mit insgesamt 58 Pistenkilometern. Neben einem Snowpark mit Spr&uuml;ngen und Rails in verschiedenen Schwierigkeitsgraden und einer 130 Meter langen Halfpipe gibt es auch einen attraktiven Kurs f&uuml;r Skicross-Fans. Wer den Winter nicht auf Brettern geniessen will, kann auch von den verschiedenen Schlittelrouten oder sonnigen Winterwanderwegen profitieren.</p><p>&nbsp;</p><p class=\"PDq2pG_selectionAnchorContainer\" data-start=\"44\" data-end=\"105\">Aktuelle Wartezeiten der Aktivit&auml;ten: <a href=\"https://first-wait.jungfrau.ch/\" target=\"_blank\" rel=\"noopener\"><strong data-start=\"97\" data-end=\"105\">Hier</strong></a></p>", "url": "https://www.jungfrau.ch/de-ch/", "image": "https://jrtagpimtsoch.sos-ch-dk-2.exoscale-cdn.com/catalog/d/9/7/f/d97f15376d3df769bea2f409dbfff8860dbd26c0_grindelwald_first_sommer_first_cliff_walk_01.jpg", "openstreetmap_id": "way/456009765"}, "geometry": {"type": "Point", "coordinates": ["8.053686618804933", "46.65988653273373"]}}, {"type": "Feature", "properties": {"identifier": "b95ea2be-7012-4b3e-9de6-7967019c08e2", "name": "Isenfluh und Sulwald", "description": "<p data-start=\"274\" data-end=\"670\">Das kleine Bergdorf Isenfluh liegt auf rund 1024 m &uuml;. M. &uuml;ber dem Lauterbrunnental und besticht durch seine ruhige, urspr&uuml;ngliche Atmosph&auml;re. Abseits der grossen Touristenstr&ouml;me hat sich das Dorf seinen authentischen Charakter bewahrt und bietet ein beeindruckendes Panorama auf die weltbekannten Gipfel Eiger, M&ouml;nch und Jungfrau. Das Dorf liegt abseits der grossen Touristenpfade und bietet einen eigenen Charme. &nbsp;</p><p data-start=\"672\" data-end=\"892\">Hier erwarten Sie unber&uuml;hrte Natur, besondere geologische Landschaften und gelebte Bergkultur. Ein beliebtes Ausflugsziel ist Sulwald auf 1520 m &uuml;. M., das zu Fuss oder bequem mit der kleinen Luftseilbahn erreichbar ist.</p><p data-start=\"894\" data-end=\"1138\">Die nostalgische Luftseilbahn verbindet seit 1975 Isenfluh mit Sulwald und ist ein Erlebnis f&uuml;r sich: Sie bietet Platz f&uuml;r acht Personen oder eine Kuh und steht sinnbildlich f&uuml;r das urspr&uuml;ngliche Leben in den Bergen.&nbsp;</p>", "image": "https://jrtagpimtsoch.sos-ch-dk-2.exoscale-cdn.com/catalog/0/2/9/d/029d679b9b36e23aab425c5719cde3688f9f372a_gondelbahn_isenfluh_sulwald.jpg", "openstreetmap_id": "node/240072223"}, "geometry": {"type": "Point", "coordinates": ["7.8961706", "46.6201061"]}}, {"type": "Feature", "properties": {"identifier": "b990a943-4da8-4345-a87f-a2b5e3488c55", "name": "Winterwanderungen", "description": "Wandern im Winterm\u00e4rchenland. Von der K\u00e4serstatt zur M\u00e4gisalp oder doch die Gschwandtenmad Rundwanderung?  An Routen mangelt es im Haslital nicht. Und eine ist sch\u00f6ner wie die andere. Mit einem Klick auf den Button gelangst du zur \u00dcbersicht aller Winterwanderungen.", "image": "https://jrtagpimtsoch.sos-ch-dk-2.exoscale-cdn.com/catalog/f/2/3/0/f2306dd2e86a3cb31f42885b9c262339dd49ad36_Winterwandern_Gschwandtenmad.jpg", "openstreetmap_id": "node/1939702876"}, "geometry": {"type": "Point", "coordinates": ["8.277708", "46.642224"]}}, {"type": "Feature", "properties": {"identifier": "baba99d5-40ec-4071-9120-45abd5c48635", "name": "MischMasch ", "description": "Souvenirs und Geschenke: Stricksachen, selbst gepfl\u00fcckten Wildkr\u00e4utertee, Sirup, Kr\u00e4utersalz, Sch\u00f6nheitsprodukte, kleine Backwaren.", "url": "https://www.instagram.com/mischmasch.gimmelwald/?hl=de", "image": "https://jrtagpimtsoch.sos-ch-dk-2.exoscale-cdn.com/catalog/0/3/3/0/033003e08a8a8df42aef25ca9d14bb0d9cee5311_MischMasch_2_768x432.jpg", "openstreetmap_id": "node/10025642808"}, "geometry": {"type": "Point", "coordinates": ["7.891820734979197", "46.54952848867581"]}}, {"type": "Feature", "properties": {"identifier": "bb64c9d0-108d-491f-9f84-da29d0aadc8c", "name": "Evening - Special", "description": "<p>Das Evening - Special beginnt mit der Fahrt in der steilsten Luftseilbahn der Welt von Stechelberg nach M&uuml;rren und anschliessend weiter bis zur Mittelstation Birg. Dort geniesst ihr ein Ap&eacute;ro auf der Terasse und die Mutigen unter euch passieren den Thrill Walk. Dann geht es weiter aufs Schilthorn zum Abendessen im 360&deg;-Restaurant Piz Gloria. Zwischen den G&auml;ngen geniesst ihr die interaktive Erlebnisausstellung Bond World, den 007 Walk of Fame oder die Aussicht von der Piz Gloria View Aussichtsplattform.</p><p>Mindestbeteiligung liegt bei 50 Personen, maximal k&ouml;nnen 300 Personen teilnehmen.</p><p>Gerne gestaltet das Schilthorn-Team den Anlass nach euren W&uuml;nschen.</p>", "url": "https://schilthorn.ch", "image": "https://jrtagpimtsoch.sos-ch-dk-2.exoscale-cdn.com/catalog/7/d/8/2/7d8277dd46e988b442ec763733a5b5158db84999_Schilthorn_Piz_Gloria_Sommer_Sonnenuntergang.jpg", "openstreetmap_id": "way/230567291"}, "geometry": {"type": "Point", "coordinates": ["7.83519548541131", "46.557266049999996"]}}, {"type": "Feature", "properties": {"identifier": "bbc98683-71d7-4288-bfb8-60aea888b809", "name": "T\u00e4llibahn", "description": "<p>Die Bahnfahrt von der Sustenstrasse&nbsp;zum Fuss der Gadmer-Dolomiten dauert gerade mal zehn Minuten. Hier oben findet ein jeder seinen pers&ouml;nlichen Lieblingsplatz. Familien mit Teenagern, aber auch Vereine oder Ausflugsgruppen bezwingen mit Helm und Karabiner die 1300 Meter Drahtseile und Leitern des T&auml;lli-Klettersteigs. Auf Wanderlustige warten Bergwege Richtung Alp Birchlaui, Engstlenalp oder Wendenalp, S&auml;tteli oder Gadmen.<br>Auf der Aussichtsterrasse des Restaurants und Berghauses T&auml;lli&nbsp;geniesst man bei w&auml;hrschafter Kost aus regionalen und nachhaltigen Produkten die einmalige Rundsicht vom Titlis bis zum Wetterhorn. Die heimeligen Zimmer des Berghauses laden zur traumhaften &Uuml;bernachtung in der erfrischenden Bergluft.</p>", "url": "https://www.grimselwelt.ch/", "image": "https://jrtagpimtsoch.sos-ch-dk-2.exoscale-cdn.com/catalog/2/4/9/6/2496a6dbceac70f398f7efb194cdfd42665e70c2_T__llibahn_Haslital_Tourismus.jpg", "openstreetmap_id": "way/84087137"}, "geometry": {"type": "Point", "coordinates": ["8.3321389", "46.7367592"]}}, {"type": "Feature", "properties": {"identifier": "bf7c5f0c-b752-4c85-8816-b39f68548fd2", "name": "Schilthorn - Piz Gloria", "description": "<p>Geniesse die atemberaubende Aussicht auf das UNESCO Welterbe mit Eiger, M&ouml;nch, Jungfrau und mehr als 200 weiteren Berggipfeln im weltweit ersten 360&deg;-Restaurant Piz Gloria. Bei guten Sichtverh&auml;ltnissen siehst du sogar das Mont-Blanc-Massiv und der Schwarzwald. Im 360&deg;-Restaurant geniesst du ein feines Mittagessen. Das Piz Gloria dreht sich in 45 Minuten einmal um die eigene Achse. Das Piz-Gloria-Geb&auml;ude befindet sich auf dem Gipfel des Schilthorns. Ringsherum ist es von abfallendem Gel&auml;nde umgeben. Im Winter startet hier die oberste Skipiste auf kanpp 3000 m &uuml;. M. Im Sommer ist der Gipfel &uuml;ber zwei Wanderwege erreichbar.&nbsp;</p><p>&nbsp;</p>", "url": "https://schilthorn.ch", "image": "https://jrtagpimtsoch.sos-ch-dk-2.exoscale-cdn.com/catalog/1/e/5/3/1e53747f52c994dfc39fe0d0e61630408c7171f7_Schilthorn_Winter.jpg", "openstreetmap_id": "node/271904229"}, "geometry": {"type": "Point", "coordinates": ["7.8351745", "46.5572822"]}}, {"type": "Feature", "properties": {"identifier": "bfa42df7-8c06-43a6-b020-f3603e695595", "name": "Naturperlenweg", "description": "Dieser Rundweg in der N\u00e4he von Meiringen f\u00fchrt dich zu ganz besonderen Bewohnern in einem Wald mit bizarren Felsen \u2013 und in ein Auengebiet und Amphibienlaichgebiet von nationaler Bedeutung.\n\nBeim Funtenensee erwartet dich ein 4 km langer Rundweg mit Infotafeln, die dir Geheimnisse der Wald- und Auenbewohner erz\u00e4hlen. Der Weg f\u00fchrt dich durch den zauberhaften Birglenwald hinauf zur Lichtung Schwindeln. Danach geht es wieder bergab zur Aare und entlang des H\u00fcsenbachs durch das Auengebiet Sytenwald.\n\nAuen sind faszinierende Bereiche von B\u00e4chen, Fl\u00fcssen und Weihern, die periodisch von Wasser \u00fcberflutet werden. Bei Hochwasser wird eine Aue \u00fcberschwemmt, so dass immer wieder neue kiesige Fl\u00e4chen entstehen, und st\u00e4ndig neue Lebensr\u00e4ume f\u00fcr Pioniere unter den Pflanzen und Tieren geschaffen werden. Der Funtenensee, die T\u00fcmpel auf den kiesigen Pionierfl\u00e4chen und der vern\u00e4sste Wald sind wichtige Lebensr\u00e4ume f\u00fcr die gesch\u00fctzten Amphibien und andere Tiere, die es hier zu entdecken gibt.\n\nL\u00e4nge: 4,1 km\nH\u00f6hendifferenz: 118 m\nH\u00f6chster Punkt: 688 m \u00fc. M.\nReine Wanderzeit: 1 h 10 min", "image": "https://jrtagpimtsoch.sos-ch-dk-2.exoscale-cdn.com/catalog/e/4/9/f/e49f22d7299a083bc25471849e297373f60ff966_Naturperlenweg_2.jpg", "openstreetmap_id": "way/4545536"}, "geometry": {"type": "Point", "coordinates": ["8.143778846109281", "46.743370299999995"]}}, {"type": "Feature", "properties": {"identifier": "c0727d49-eaf2-4dda-9f18-88ccfc8f924a", "name": "Mountainbike", "description": "Unterwegs auf zwei R\u00e4dern. Entdecke die Bergwelt von Wengen mit dem Mountainbike. Mit einem Klick auf den Button gelangst du zur \u00dcbersicht aller Trails. ", "image": "https://jrtagpimtsoch.sos-ch-dk-2.exoscale-cdn.com/catalog/a/1/4/6/a146b9f31b3b43496d4a103eaa6a6ade7ee2f1cd_mountainbike_grindelwald_76.jpg", "openstreetmap_id": "way/282059913"}, "geometry": {"type": "Point", "coordinates": ["7.92134", "46.605"]}}, {"type": "Feature", "properties": {"identifier": "c0d682fb-86ba-4e4b-99f2-70295a48e168", "name": "Kraftwerksf\u00fchrungen der KWO", "description": "Die Anlagen der KWO, Kraftwerke Oberhasli AG, bilden eines der komplexesten Wasserkraftsysteme der Alpen. In zahlreichen Bauetappen entstanden seit der Gr\u00fcndung im Jahre 1925 13 Kraftwerke, acht Speicherseen, 160 km Stollen, Hunderte von Kilometern Rohrleitungen sowie Strassen und Seilbahnen. J\u00e4hrlich produziert die KWO Strom aus Wasserkraft f\u00fcr mehr als 1 Million Menschen.\n\nDie KWO erm\u00f6glicht dir einen spannenden Blick in die Welt der Wasserkraft. Du kannst die Kraftwerksanlagen im Sommer wie im Winter besichtigen.", "url": "https://www.grimselwelt.ch/besichtigungen/", "image": "https://jrtagpimtsoch.sos-ch-dk-2.exoscale-cdn.com/catalog/f/8/e/9/f8e9fe77c0ac17c14897032b4db6c131b4ff0659_Kristallkluft_3_by_davidbirri.jpg", "openstreetmap_id": "way/1130968494"}, "geometry": {"type": "Point", "coordinates": ["8.307654261589052", "46.61694711184071"]}}, {"type": "Feature", "properties": {"identifier": "c1dad7e1-23e5-4b4a-a8b1-868e68cdc442", "name": "Kino Meiringen", "description": "Das Kino Meiringen bietet den Besuchern ein abwechslungsreiches und sehenswertes Programm an Filmen w\u00e4hrend des ganzen Jahres.\n\nJeweils am zweiten Freitag des Monats finden Kleinkunstanl\u00e4sse statt.", "url": "https://www.kino-meiringen.ch/", "image": "https://jrtagpimtsoch.sos-ch-dk-2.exoscale-cdn.com/catalog/9/b/8/f/9b8f61202091e86dae4fcfd1371c4a1627946641_90ad89a6_b747_4caf_991f_49a7878a4ef6.jpg", "openstreetmap_id": "node/1934343380"}, "geometry": {"type": "Point", "coordinates": ["8.1876112", "46.7280707"]}}, {"type": "Feature", "properties": {"identifier": "c2f5879a-eda3-461a-9da7-aca9c32aec8d", "name": "Kl\u00f6ppelstube Lauterbrunnen", "description": "<p data-start=\"0\" data-end=\"472\">Mit zwei linken H&auml;nden wird das nichts. Zum Kl&ouml;ppeln braucht es flinke Finger. Gar nicht so einfach, staunt der Zuschauer beim Besuch der Kl&ouml;ppelstube in Lauterbrunnen. Das kunstvolle Schaffen mit Seide, Leinen oder Baumwolle hat im Lauterbrunnental schon seit mehr als 500 Jahren Tradition. Jeden Freitagnachmittag lassen sich die Kl&ouml;pplerinnen &uuml;ber die Schulter schauen, wie sie die feinen Spitzen herstellen. Gut, dass es zum Zuschauen keine Fingerfertigkeit braucht.</p><p data-start=\"474\" data-end=\"1024\" data-is-last-node=\"\" data-is-only-node=\"\">Fasziniert verfolgt man, wie aus scheinbar einfachem Garn mit Geduld, Pr&auml;zision und viel &Uuml;bung wahre Kunstwerke entstehen. Klappernd tanzen die Holzspulen &uuml;ber das Kissen, w&auml;hrend sich Muster um Muster zu filigranen Spitzen formen. Jede Bewegung sitzt, jeder Handgriff ist einstudiert &ndash; und doch gleicht kein St&uuml;ck dem anderen. Wer genauer hinschaut, erkennt schnell: Hinter der zarten Sch&ouml;nheit steckt harte, konzentrierte Arbeit. Umso beeindruckender ist es, dass diese traditionelle Handwerkskunst bis heute mit so viel Leidenschaft gepflegt wird.</p>", "url": "https://lauterbrunnen.swiss", "image": "https://jrtagpimtsoch.sos-ch-dk-2.exoscale-cdn.com/catalog/5/5/1/e/551e3f44050663edfe13c67ec7b0cf5e2c9a45ce_kloeppeln_lauterbrunnen__1_.jpg", "openstreetmap_id": "node/10723245131"}, "geometry": {"type": "Point", "coordinates": ["7.9074586", "46.5970418"]}}, {"type": "Feature", "properties": {"identifier": "c3c20e0b-4646-413c-af86-12421f88ece8", "name": "Trail Running", "description": "Zahlreiche Trails macht M\u00fcrren zu einem Paradies f\u00fcr L\u00e4uferinnen und L\u00e4ufer. Mit einem Klick auf den Button gelangst du zur \u00dcbersicht aller Trailruns.", "image": "https://jrtagpimtsoch.sos-ch-dk-2.exoscale-cdn.com/catalog/8/7/9/b/879b099d27288f601f52c86a1d1902dde9fe1495_Jungfrau_Marathon.jpg", "openstreetmap_id": "node/10723247723"}, "geometry": {"type": "Point", "coordinates": ["7.8926445", "46.559373"]}}, {"type": "Feature", "properties": {"identifier": "c3c45389-6874-462d-a4ee-197c2eb1aa58", "name": "Themenpfad Guttannen", "description": "Der Themenpfad \u00abDas Wetter und wir\u00bb zeigt in Ton- und Textdokumenten, was es f\u00fcr die Bewohner*innen des Bergdorfes Guttannen heisst, mit Wetterextremen und Klimawandel umzugehen. Es ist ein einzigartiges H\u00f6rerlebnis, eine M\u00f6glichkeit, das Leben im Bergdorf Guttannen hautnah zu erfahren. \n\nStarte deinen Rundgang mit der ersten Tafel vor dem Gemeindehaus, Pl\u00e4tzli 186, 3864 Guttannen. Auf dem Themenpfad findest du QR-Codes, die du mit deinem Smartphone einscannen kannst. So gelangst du du einerseits direkt zur \u00dcbersicht mit der Karte von Guttannen und kannst dir andererseits die Audiodateien anh\u00f6ren. Weiter geht es nun von einer Station zur n\u00e4chsten. \n\nDie Texttafeln sind allgemein verst\u00e4ndlich formuliert und die Tondokumente beinhalten Aufnahmen von Kindern und Erwachsenen meist im lokalen Dialekt Haslideutsch. Der Themenpfad ist f\u00fcr ein breites Publikum gedacht: f\u00fcr Familien, f\u00fcr Schulklassen, f\u00fcr Studierende als Anstoss zur Vertiefung eines Fachthemas oder f\u00fcr einen Betriebsausflug.", "url": "https://guttannen.ch", "image": "https://jrtagpimtsoch.sos-ch-dk-2.exoscale-cdn.com/catalog/a/9/5/e/a95e1d3351dde3965da1674107b29cd7697cb8c5_ein_bergdorf_erzaehlt__5_.jpg", "openstreetmap_id": "node/6564797305"}, "geometry": {"type": "Point", "coordinates": ["8.2896174", "46.6544751"]}}, {"type": "Feature", "properties": {"identifier": "c6bd3264-039d-4cdf-b3de-1c61f558d68d", "name": "3970 Nordwand Br\u00e4u", "description": "Nordwand Br\u00e4u, eine Kleinbrauerei in Grindelwald am Fusse der legend\u00e4ren Eigernordwand, stellt mit erlesenen Zutaten und traditionellen Braumethoden oberg\u00e4rige Biere her. Mit dem reinsten Grindelwalder Bergwasser entwickeln ihre Biere w\u00e4hrend des Brauprozesses einen einzigartigen Charakter. Die Brauerei zelebriert die Grindelwalder Braukunst und produziert ein authentisches Bier, das seinem Namen alle Ehre macht. Die Bierspezialit\u00e4ten der Brauerei sind in Hotels, Bars und Restaurants in der ganze Region erh\u00e4ltlich.", "url": "https://nordwandbraeu.ch/#", "image": "https://jrtagpimtsoch.sos-ch-dk-2.exoscale-cdn.com/catalog/d/2/0/e/d20e59d100979be81928b45b44284aca857011f8_Nordwand_Braeu_0082_scaled.jpg", "openstreetmap_id": "way/348680874"}, "geometry": {"type": "Point", "coordinates": ["8.029841780662538", "46.61691750810862"]}}, {"type": "Feature", "properties": {"identifier": "c70dd0c7-1205-49d9-aa07-cea0e64f9321", "name": "Winterwanderungen", "description": "Wandern im Winterm\u00e4rchenland. Von der Bussalp nach Bort. Oder von der First zum Bachalpsee. Oder... An Routen mangelt es in Grindelwald nicht. Und eine ist sch\u00f6ner wie die andere. Mit einem Klick auf den Button gelangst du zur \u00dcbersicht aller Winterwanderungen.", "image": "https://jrtagpimtsoch.sos-ch-dk-2.exoscale-cdn.com/catalog/b/3/1/b/b31bafd84a3d226ab4cd89c9d0523f534d2c4612_Winterwandern_in_Grindelwald.jpg", "openstreetmap_id": "node/11557201756"}, "geometry": {"type": "Point", "coordinates": ["8.03601", "46.62396"]}}, {"type": "Feature", "properties": {"identifier": "c7d72a9c-6519-4b95-96c0-2d1d4f739e03", "name": "Birg ", "description": "<p>An stolzer Lage auf dem Felsmassiv &ndash; 1000 m &uuml;ber M&uuml;rren &ndash; befindet sich Birg, die Mittelstation der Seilbahn zwischen M&uuml;rren und dem Schilthorn. Diese Station sorgt f&uuml;r viel Adrenalin, denn hier gibt es verschiedene ausgesetzte Bauten. Es lohnt sich eindeutig, hier auf dem Weg zum Schilthorn einen Stopp einzulegen um sich die Attraktionen anzusehen. Im Sommer sind hier vor allem Ausflugsg&auml;ste, die &uuml;ber den Thrill Walk gehen und auf der Plattform unz&auml;hlige Selfies schiessen. Im Winter ist Birg ein zentraler Punkt des Skigebiets. Viele starten hier ihren Skitag und lassen ihn mit den letzten Sonnenstrahlen und einem Kaffee Schnapps auf der Terrasse ausklingen. Das Bistro mit grosser Sonnenterrasse sowie zwei Attraktionen mit bester Sicht auf Eiger, M&ouml;nch und Jungfrau erwarten dich hier. Thrill Walk Der Thrill Walk f&uuml;hrt von der Sonnenterrasse hinab in die senkrechten W&auml;nde des gewaltigen Birgmassivs. Die Stegkonstruktion schmiegt sich den Felsen entlang, schwingt sich unter der Aussichtsplattform und Seilbahn durch, um schliesslich unterhalb der Bergbahnstation wieder auf festen Grund zu stossen. Der Felsensteg enth&auml;lt verschiedene Abschnitte: ein Spiel aus Luft, Glas und Gitter. Nach rund 20 Metern Weg &uuml;ber einem Glasboden folgen zehn Meter &uuml;ber Viehrostboden-Elemente. Zudem sind acht Meter Nepalsteg sowie ein acht Meter langer Kriechtunnel f&uuml;r Kinder Teil des Stegs. Swiss Skyline Die Panorama-Plattform Skyline Walk l&auml;dt zum Rundgang mit Nervenkitzel ein: Direkt an die Birg-Terrasse angebaut f&uuml;hrt die Plattform &uuml;ber den senkrechten Abgrund und gibt den Blick &uuml;ber das Panorama bis ins Bodenlose frei. Die Konstruktion, vorwiegend aus Stahl und Glas sowie einem Boden aus Gitterrosten, f&uuml;gt sich durch ihre eckige Form nahtlos in die Landschaft rund um die exponierte Station Birg und die kantige Felslandschaft ein. Bistro Birg Das Bistro hat eine Terrasse, die gr&ouml;sser ist als der Innenraum. Grund daf&uuml;r: Draussen ist es einfach sch&ouml;ner. Angeboten werden Getr&auml;nke sowie warme und kalte Speisen. Birg liegt oberhalb von M&uuml;rren auf 2677 m &uuml;. M. und ist am einfachsten mit der Seilbahn zu erreichen. Im Winter f&uuml;hrt zus&auml;tzlich der Sessellift Riggli von der Schilthornh&uuml;tte bis nach Birg. Im Sommer liegt die Station auch an einem Wanderweg.</p><p>&nbsp;</p>", "url": "https://schilthorn.ch", "image": "https://jrtagpimtsoch.sos-ch-dk-2.exoscale-cdn.com/catalog/8/b/4/6/8b466e3787338b736fb6289f1000b5930c1bd682_birg_herbst_Copyright_Schilthornbahn.jpg", "openstreetmap_id": "node/3227897672"}, "geometry": {"type": "Point", "coordinates": ["7.8573934", "46.5619777"]}}, {"type": "Feature", "properties": {"identifier": "caff0d45-0679-4dfe-b3ba-f2e34596a5c1", "name": "Trail Running", "description": "Zahlreiche Trails machen die Jungfrau Region zu einem Paradies f\u00fcr L\u00e4uferinnen und L\u00e4ufer. Mit einem Klick auf den Button gelangst du zur \u00dcbersicht aller Trailruns.", "image": "https://jrtagpimtsoch.sos-ch-dk-2.exoscale-cdn.com/catalog/c/2/0/0/c2009bdb1f46a46acfa984113983c444cee54dbe_Trailrunning_Grindelwald.jpg", "openstreetmap_id": "node/11434275959"}, "geometry": {"type": "Point", "coordinates": ["7.9436061", "46.6111252"]}}, {"type": "Feature", "properties": {"identifier": "cf13bf09-cadc-4a08-b240-01344dccc29d", "name": "Schneeschuhwanderungen", "description": "Schneeschuhwandern im Winterparadies. Mit dem Dreigestirn Eiger, M\u00f6nch und Jungfrau vor Augen. An Routen mangelt es in Grindelwald nicht. Und eine ist sch\u00f6ner wie die andere. Mit einem Klick auf den Button gelangst du zur \u00dcbersicht aller Schneeschuhwanderungen.", "image": "https://jrtagpimtsoch.sos-ch-dk-2.exoscale-cdn.com/catalog/b/8/9/7/b897b15dbd911cd5280cf3370ba716234fdb81e2_Schneeschuhlaufen_Grindelwald.jpg", "openstreetmap_id": "node/11557201756"}, "geometry": {"type": "Point", "coordinates": ["8.03601", "46.62396"]}}, {"type": "Feature", "properties": {"identifier": "d0c54ef0-0748-4531-9b30-e0ab316e0026", "name": "Winterwanderungen", "description": "Wandern im Winterm\u00e4rchenland. Von der kleine Scheidegg nach Wengen oder vom M\u00e4nnlichen zum M\u00e4nnlichengipfel  Oder... An Routen mangelt es in Wengen nicht. Und eine ist sch\u00f6ner wie die andere. Mit einem Klick auf den Button gelangst du zur \u00dcbersicht aller Winterwanderungen.", "image": "https://jrtagpimtsoch.sos-ch-dk-2.exoscale-cdn.com/catalog/8/7/d/c/87dc4df19c143290419da54f7b004400230b57e3_Winterwandern_in_Grindelwald__2_.jpg", "openstreetmap_id": "way/282059913"}, "geometry": {"type": "Point", "coordinates": ["7.92134", "46.605"]}}, {"type": "Feature", "properties": {"identifier": "d1310c87-020a-404b-8877-a34c2ade887e", "name": "FeWo Chalet Sunneschyn", "description": "<p>1 km vom Dorfkern entfernt. K\u00fcche und Bad sind frisch renoviert.<br>Direkte Aussicht zum Eiger und der Eigernordwand, Mettenberg, Wetterhorn und Finsteraarhorn. N\u00e4chster \u00d6V Anschluss (Bus 124) ca. 40m entfernt. Optimaler Ausgangspunkt f\u00fcr Ausfl\u00fcge oder einfach zum geniessen.</p>", "image": "https://jrtagpimtsoch.sos-ch-dk-2.exoscale-cdn.com/catalog/3/d/0/6/3d06fb92615f88e794c847f2a241f4f8bfbabec5_FeWo_Chalet_Sunneschyn.jpg", "openstreetmap_id": "way/320821357"}, "geometry": {"type": "Point", "coordinates": ["8.0204726", "46.6297053"]}}, {"type": "Feature", "properties": {"identifier": "d29688d7-cf0a-4553-b790-83b843d9a9ee", "name": "Schneeschuhwanderungen", "description": "Schneeschuhwandern im Winterparadies. An Routen mangelt es rund um Lauterbrunnen nicht. Und eine ist sch\u00f6ner wie die andere. Mit einem Klick auf den Button gelangst du zur \u00dcbersicht aller Schneeschuhwanderungen.", "image": "https://jrtagpimtsoch.sos-ch-dk-2.exoscale-cdn.com/catalog/d/5/b/0/d5b0a496850006fe93fad6283e1488a31f48d5f4_Ch__nelegg_Trail_M__rren.jpg", "openstreetmap_id": "node/10723245131"}, "geometry": {"type": "Point", "coordinates": ["7.90765", "46.59568"]}}, {"type": "Feature", "properties": {"identifier": "d5cc0dc1-e027-4c08-bd39-88bbd51b239f", "name": "Dorfrundgang Wengen", "description": "<p>Der Rundgang f&uuml;hrt Sie durch das autofreie Dorf, vorbei an traditionellen Chalets, kleinen Hotels und sonnigen Aussichtspunkten. Unterwegs erfahren Sie Spannendes &uuml;ber die Geschichte des Ortes, die Entwicklung vom Bergbauerndorf zum beliebten Ferienziel und die Bedeutung des Tourismus f&uuml;r die Region.&nbsp;</p><p>Der Dorfrundgang ist ideal f&uuml;r G&auml;ste, die Wengen in ihrem eigenen Tempo entdecken m&ouml;chten &ndash; entspannt, informativ und mit vielen M&ouml;glichkeiten zum Verweilen und Geniessen.</p>", "url": "https://wengen.swiss/de/", "image": "https://jrtagpimtsoch.sos-ch-dk-2.exoscale-cdn.com/catalog/6/4/b/c/64bca6193736644df4b8bf0a28031b22f4e0befe_Dorfstrasse_Bernerhof.jpg", "openstreetmap_id": "way/282059913"}, "geometry": {"type": "Point", "coordinates": ["7.9218831", "46.6059913"]}}, {"type": "Feature", "properties": {"identifier": "d5f6b352-10ea-43db-aa76-c41b6f7ee428", "name": "Wanderungen", "description": "Der Blick in das Tal der 72 Wasserf\u00e4lle ist ein Augeblick, der seinesgleichen sucht. In Lauterbrunnen wird jede Wanderung zum unvergesslichen Erlebnis. Mit einem Klick auf den Button gelangst du zur \u00dcbersicht aller Wanderungen.", "image": "https://jrtagpimtsoch.sos-ch-dk-2.exoscale-cdn.com/catalog/c/2/5/c/c25c0138c1616c6e7db6d010d5517b1878794f7a_Wandern_Lauterbrunnental.jpg", "openstreetmap_id": "node/10723245131"}, "geometry": {"type": "Point", "coordinates": ["7.90765", "46.59568"]}}, {"type": "Feature", "properties": {"identifier": "d76b29bc-7dc9-4be3-bad4-4e8b5160810e", "name": "Brienz Rothorn", "description": "Spezielle Angebote: Abendfahrten, Dampfw\u00fcrstlibummler, Bahn und Fr\u00fchst\u00fcck. Roth\u00f6rner gibt es viele. Aber nur eines bei Brienz, am sch\u00f6nen Brienzersee im Berner Oberland.\n\nUnd nur hier kannst du den Aufstieg auf so romantische und eindr\u00fcckliche Weise absolvieren. Mit der Brienz Rothorn Bahn, der \u00e4ltesten Dampfzahnradbahn der Schweiz. Seit 1892 legt sie stampfend, zischend und schnaufend die Strecke nach Rothorn Kulm zur\u00fcck. \u00dcberwinde 1678 Meter H\u00f6hendifferenz, ohne ins Schnaufen zu kommen.\n\nBelohnt wird die Fahrt mit einer herrlichen Rundsicht sowie der Gastfreundschaft des Hotels Rothorn Kulm. Und es locken einmalige Wanderrouten. So zuverl\u00e4ssig, wie du  hochgekommen bist, bringt dich die Brienz Rothorn Bahn aber auch wieder zur\u00fcck. F\u00fcr Familien, Gruppen, Schulen jeder Altersklasse eine zugstarke Attraktion.", "url": "https://brienz-rothorn-bahn.ch/", "image": "https://jrtagpimtsoch.sos-ch-dk-2.exoscale-cdn.com/catalog/8/7/5/a/875ae6de22acd4f4c5e44cb682fe7044ef69dda6_Brienzer_Rothorn_2.JPG", "openstreetmap_id": "node/26862632"}, "geometry": {"type": "Point", "coordinates": ["8.0468683", "46.787096"]}}, {"type": "Feature", "properties": {"identifier": "d7b7bce9-cc36-4145-b36d-a723b094f812", "name": "Airtime Caf\u00e9", "description": "Das Airtime Caf\u00e9 in Lauterbrunnen bietet eine einzigartige Mischung aus einem Caf\u00e9 und einer NFT-Galerie. Das Caf\u00e9 befindet sich in der Strasse Auf der Fuhren 452d und ist bekannt f\u00fcr sein exklusives Staubbach-Bier, das nur vor Ort erh\u00e4ltlich ist. Das Caf\u00e9 bietet ausserdem eine Vielzahl von Speisen und Getr\u00e4nken an, darunter auch eine spezielle Eisschokolade mit Alkohol.", "url": "https://airtime.ch/", "image": "https://jrtagpimtsoch.sos-ch-dk-2.exoscale-cdn.com/catalog/b/7/7/e/b77ea08367e71ee1c8a403abd5aa4bc76810d0b5_PIM_Eintrag_Caf___Lauterbrunnen.jpg", "openstreetmap_id": "way/226930310"}, "geometry": {"type": "Point", "coordinates": ["7.907276726109892", "46.5951042"]}}, {"type": "Feature", "properties": {"identifier": "d87e23bb-0657-4d38-91a7-d64ab2c7dbd3", "name": "Harder Kulm", "description": "<p>In nur 10 Minuten mit der Harderbahn von Interlaken auf den Harder Kulm. Die 1,47 Kilometer lange Strecke f\u00fchrt \u00fcber 754 H\u00f6henmeter durch den schattigen Harderwald \u2013 eine kurze, aber eindrucksvolle Fahrt.</p><p></p><p>Oben angekommen, \u00f6ffnet sich ein atemberaubendes Panorama: Tief unten liegt das <span style=\"background-color: rgb(255, 255, 255); color: rgb(0, 0, 0);\">\u00ab</span>B\u00f6deli<span style=\"background-color: rgb(255, 255, 255); color: rgb(0, 0, 0);\">\u00bb </span>zwischen Thuner- und Brienzersee, w\u00e4hrend am Horizont das majest\u00e4tische Dreigestirn von Eiger, M\u00f6nch und Jungfrau den Blick fesselt.</p><p></p><p>Ein Highlight f\u00fcr Besucherinnen und Besucher ist der Zwei-Seen-Steg \u2013 eine moderne Plattform mit Glasboden, die scheinbar \u00fcber dem Abgrund schwebt. Sie bietet freie Sicht nach unten und ist beliebtes Motiv f\u00fcr Fotos mit Nervenkitzel.</p><p></p><p>Die Harderbahn wurde am 5. Mai 1908 in Betrieb genommen und war von Beginn an elektrisch betrieben. Seit \u00fcber einem Jahrhundert geh\u00f6rt sie zur touristischen Identit\u00e4t Interlakens. Heute ist sie Teil der Jungfraubahnen und verbindet Tradition mit moderner Technik \u2013 eine kurze Fahrt, die lange in Erinnerung bleibt.</p><p></p>", "url": "https://www.jungfrau.ch/de-ch/", "image": "https://jrtagpimtsoch.sos-ch-dk-2.exoscale-cdn.com/catalog/7/8/a/9/78a9745657b92162beafd77c455a8fbd820eda10_Harder_Kulm_Key_Visual.jpg", "openstreetmap_id": "way/991900960"}, "geometry": {"type": "Point", "coordinates": ["7.8549038", "46.6982497"]}}, {"type": "Feature", "properties": {"identifier": "db7b050e-e3b1-4700-834c-829f2ac3d910", "name": "Wanderungen", "description": "Tiefblaue Bergseen, gr\u00fcne Alpweiden, weisse Berggipfel \u2013 ein Panorama, das seinesgleichen sucht. In der Jungfrau Region wird jede Wanderung zum unvergesslichen Erlebnis. Mit einem Klick auf den Button gelangst du zur \u00dcbersicht aller Wanderungen.", "image": "https://jrtagpimtsoch.sos-ch-dk-2.exoscale-cdn.com/catalog/9/f/1/f/9f1f6ec587be69f0c6860ef55e60f761e84f659d_Wandern___ber_dem_Nebelmeer_in_M__rren.jpg", "openstreetmap_id": "node/272852989"}, "geometry": {"type": "Point", "coordinates": ["7.9409459", "46.6131638"]}}, {"type": "Feature", "properties": {"identifier": "dbe8523d-df3a-46df-97ec-094869dfa005", "name": "Photo Fritz Wengen", "description": "Das \u00abPhoto-House\u00bb wurde 1926 von Walter Gabi gebaut. Fritz Lauener \u00fcbernahm das Gesch\u00e4ft von seinem Lehrmeister Julius Burch 1961 und \u00e4nderte den Namen in \u00abFotoFritz\u00bb. Mit der Zeit wandelte sich das Gesch\u00e4ft vom reinen Fotogesch\u00e4ft zu einem Souvenirgesch\u00e4ft mit Fotoartikeln, Ausr\u00fcstung, Zubeh\u00f6r und Spielwaren. Fritz und Therese Lauener-Juillerat\u2018s Sohn Christian Lauener f\u00fchrt das Gesch\u00e4ft seit 2014, um unsere nationalen und internationalen G\u00e4ste hier in Wengen zu bedienen.", "url": "https://www.photofritz.ch", "image": "https://jrtagpimtsoch.sos-ch-dk-2.exoscale-cdn.com/catalog/a/9/a/e/a9aed190e24e6551ae177c466b3427515dfffa9c_WengenWinter.jpg", "openstreetmap_id": "way/25074736"}, "geometry": {"type": "Point", "coordinates": ["7.9209979", "46.6059345"]}}, {"type": "Feature", "properties": {"identifier": "deba7ca4-4022-4edd-bb48-c34a09f4406f", "name": "Schneeschuhwanderungen", "description": "Schneeschuhwandern im Winterparadies. An Routen mangelt es im Haslital nicht. Und eine ist sch\u00f6ner wie die andere. Mit einem Klick auf den Button gelangst du zur \u00dcbersicht aller Schneeschuhwanderungen.", "image": "https://jrtagpimtsoch.sos-ch-dk-2.exoscale-cdn.com/catalog/6/7/9/e/679eedd6a4b8d5fe3b9013aaca1d8bd764f1ea9e_Schneeschuhlaufen_Hasliberg.jpg", "openstreetmap_id": "node/1939702876"}, "geometry": {"type": "Point", "coordinates": ["8.277708", "46.642224"]}}, {"type": "Feature", "properties": {"identifier": "e0afc4cb-4139-4bb6-88e8-fd40d9db1dac", "name": "Sidelhornbahn", "description": "<p>Die Sidelhornbahn bringt Sie vom Hotel Grimsel Hospiz &uuml;ber den Grimselsee hinauf an den Fuss des Sidelhorns, Ausgangspunkt der alpinen Wanderroute zum Gipfel des Sidelhorns sowie des atemberaubenden H&ouml;henwegs zum Tr&uuml;btensee und zum Oberaarsee.</p>", "url": "https://www.grimselwelt.ch/", "image": "https://jrtagpimtsoch.sos-ch-dk-2.exoscale-cdn.com/catalog/7/4/5/d/745d535962939bf205b93d5a03addf734100ece6_Sidelhornbahn_Copyright_Grimselwelt.jpg", "openstreetmap_id": "way/231867556"}, "geometry": {"type": "Point", "coordinates": ["8.3311199", "46.5671658"]}}, {"type": "Feature", "properties": {"identifier": "e23e0dfd-85ac-4c8c-a08d-7dd76cd8f165", "name": "Schifffahrt Brienzersee", "description": "<p>Der Brienzersee liegt eingebettet zwischen steilen Bergflanken und ruhigen Uferorten \u2013 eine Szenerie, wie man sie kaum ein zweites Mal findet. Die Schifffahrt zwischen Interlaken Ost und Brienz ist eine stille Reise durch eine der urspr\u00fcnglichsten Landschaften des Berner Oberlandes.</p><p></p><p>Im Vergleich zum Thunersee zeigt sich der Brienzersee wilder und naturbelassener. Seine intensiv t\u00fcrkisfarbene Wasseroberfl\u00e4che, gespeist von Gletscherfl\u00fcssen, und die steilen Abh\u00e4nge des Brienzergrats verleihen ihm eine besondere Atmosph\u00e4re. Entlang der Route liegen charmante Orte wie Iseltwald oder Giessbach \u2013 Letzterer mit seinem bekannten Wasserfall und dem historischen Grandhotel, das nur per Schiff oder Standseilbahn erreichbar ist.</p><p></p><p>Die Brienzersee-Schifffahrt hat ihren Ursprung im Jahr 1839. Heute bringt eine moderne Flotte G\u00e4ste bequem von Ufer zu Ufer \u2013 erg\u00e4nzt durch das Flaggschiff L\u00f6tschberg, ein sorgf\u00e4ltig restauriertes Dampfschiff aus dem Jahr 1914, das nostalgisches Flair an Bord bringt.</p><p></p><p><strong>Tickets:</strong></p><ul><li><a href=\"https://www.swissactivities.com/w-booking/?booking=1129&amp;widgetBrandColor=%23da4f3f&amp;widgetLogoUrl=https%3A%2F%2Fjungfrauregion.swiss%2Ffiles%2Fwebsites%2Fjungfrauregion.swiss%2FBilder%2FLogos%2FLogo%2520Jungfrau%2520Region%2520mit%2520Orten.png+&amp;widgetShowNavigation=true&amp;widgetNavigationTab=booking&amp;affiliateid=ztrizju&amp;returnUrl=https%3A%2F%2Fjungfrauregion.swiss%2Fde%2Fmap%2Fdetail%2Fschifffahrt-brienzersee-e23e0dfd-85ac-4c8c-a08d-7dd76cd8f165.html\" rel=\"noopener noreferrer\" target=\"_blank\">Tageskarte Brienzersee mit dem Schiff</a></li><li><a href=\"https://www.swissactivities.com/w-booking/?booking=358&amp;widgetBrandColor=%23da4f3f&amp;widgetLogoUrl=https%3A%2F%2Fjungfrauregion.swiss%2Ffiles%2Fwebsites%2Fjungfrauregion.swiss%2FBilder%2FLogos%2FLogo%2520Jungfrau%2520Region%2520mit%2520Orten.png+&amp;widgetShowNavigation=true&amp;widgetNavigationTab=booking&amp;affiliateid=ztrizju&amp;returnUrl=https%3A%2F%2Fjungfrauregion.swiss%2Fde%2Fmap%2Fdetail%2Fschifffahrt-brienzersee-e23e0dfd-85ac-4c8c-a08d-7dd76cd8f165.html\" rel=\"noopener noreferrer\" target=\"_blank\">Tageskarte Brienzersee und Thunersee im Sommer</a></li><li><a href=\"https://www.swissactivities.com/w-booking/?booking=92205&amp;widgetBrandColor=%23da4f3f&amp;widgetLogoUrl=https%3A%2F%2Fjungfrauregion.swiss%2Ffiles%2Fwebsites%2Fjungfrauregion.swiss%2FBilder%2FLogos%2FLogo%2520Jungfrau%2520Region%2520mit%2520Orten.png+&amp;widgetShowNavigation=true&amp;widgetNavigationTab=booking&amp;affiliateid=ztrizju&amp;returnUrl=https%3A%2F%2Fjungfrauregion.swiss%2Fde%2Fmap%2Fdetail%2Fschifffahrt-brienzersee-e23e0dfd-85ac-4c8c-a08d-7dd76cd8f165.html\" rel=\"noopener noreferrer\" target=\"_blank\">Interlaken Ost - Brienz Schiffsticket</a></li><li><a href=\"https://www.swissactivities.com/w-booking/?booking=88233&amp;widgetBrandColor=%23da4f3f&amp;widgetLogoUrl=https%3A%2F%2Fjungfrauregion.swiss%2Ffiles%2Fwebsites%2Fjungfrauregion.swiss%2FBilder%2FLogos%2FLogo%2520Jungfrau%2520Region%2520mit%2520Orten.png+&amp;widgetShowNavigation=true&amp;widgetNavigationTab=booking&amp;affiliateid=ztrizju&amp;returnUrl=https%3A%2F%2Fjungfrauregion.swiss%2Fde%2Fmap%2Fdetail%2Fschifffahrt-brienzersee-e23e0dfd-85ac-4c8c-a08d-7dd76cd8f165.html\" rel=\"noopener noreferrer\" target=\"_blank\">Interlaken Ost - Iseltwald Schiffsticket</a></li><li><a href=\"https://www.swissactivities.com/w-booking/?booking=92204&amp;widgetBrandColor=%23da4f3f&amp;widgetLogoUrl=https%3A%2F%2Fjungfrauregion.swiss%2Ffiles%2Fwebsites%2Fjungfrauregion.swiss%2FBilder%2FLogos%2FLogo%2520Jungfrau%2520Region%2520mit%2520Orten.png+&amp;widgetShowNavigation=true&amp;widgetNavigationTab=booking&amp;affiliateid=ztrizju&amp;returnUrl=https%3A%2F%2Fjungfrauregion.swiss%2Fde%2Fmap%2Fdetail%2Fschifffahrt-brienzersee-e23e0dfd-85ac-4c8c-a08d-7dd76cd8f165.html\" rel=\"noopener noreferrer\" target=\"_blank\">Interlaken Ost - Giessbachf\u00e4lle Schiffsticket</a></li><li><a href=\"https://www.swissactivities.com/w-booking/?booking=1131&amp;widgetBrandColor=%23da4f3f&amp;widgetLogoUrl=https%3A%2F%2Fjungfrauregion.swiss%2Ffiles%2Fwebsites%2Fjungfrauregion.swiss%2FBilder%2FLogos%2FLogo%2520Jungfrau%2520Region%2520mit%2520Orten.png+&amp;widgetShowNavigation=true&amp;widgetNavigationTab=booking&amp;affiliateid=ztrizju&amp;returnUrl=https%3A%2F%2Fjungfrauregion.swiss%2Fde%2Fmap%2Fdetail%2Fschifffahrt-brienzersee-e23e0dfd-85ac-4c8c-a08d-7dd76cd8f165.html\" rel=\"noopener noreferrer\" target=\"_blank\">B\u00f6nigen - Ringgenberg Schiffsticket</a></li></ul>", "image": "https://jrtagpimtsoch.sos-ch-dk-2.exoscale-cdn.com/catalog/4/d/d/7/4dd7b02d33a443f7ce74eaf7d34b2903465843a5_Seepass_Brienzersee.jpg", "openstreetmap_id": "relation/1682392"}, "geometry": {"type": "Point", "coordinates": ["7.9643029", "46.723148"]}}, {"type": "Feature", "properties": {"identifier": "e2576b62-07a9-45d7-be3c-76c25352bd5d", "name": "Oberaarbahn", "description": "<p>Geniessen Sie auf dieser Gondelbahnfahrt einen &laquo;Alpentiefflug&raquo; vom Alpinhotel Grimsel Hospiz&nbsp;&uuml;ber den Grimselsee bis an den Oberaarsee, an dessen Ende die Aare dem Gletscher entspringt. W&auml;hrend der 30-min&uuml;tigen Reise in zwei Sektionen erleben Sie die atemberaubende Granit- und Seenlandschaft aus ganz neuer Perspektive. Die Talstation der Oberaarbahn ist sowohl mit dem Auto als auch mit dem Postauto (Haltestelle: Grimsel Hospiz) gut erreichbar.</p>", "url": "https://www.grimselwelt.ch/", "image": "https://jrtagpimtsoch.sos-ch-dk-2.exoscale-cdn.com/catalog/8/3/1/8/83183e147509e26c2b3eaec7db220b6127c540a3_Oberaarbahn___ber_Bergseelein_by_davidbirri.jpg", "openstreetmap_id": "way/227029330"}, "geometry": {"type": "Point", "coordinates": ["8.331257700920107", "46.571370665236344"]}}, {"type": "Feature", "properties": {"identifier": "e36f4f12-0c74-4634-acd5-5e99b794a2bb", "name": "Eigermilch Grindelwald", "description": "Die Eigermilch AG in Grindelwald bietet eine Reihe von Molkereiprodukten an, darunter Joghurts mit niedrigem Zuckergehalt, Vollmilckquark in nat\u00fcrlichen und aromatisierten Varianten, Eigerbutter in zwei Gr\u00f6ssen und pasteurisierte Eiger-Milch mit mindestens 3.5% Fett. Das K\u00e4sesortiment umfasst Natur Mutschli, Pfeffer Mutschli, Alpenkr\u00e4uter Mutschli, Bergsteiger K\u00e4se, BBergk\u00e4se, Ziegenmutschli, Weisse Spinne, Eiger Fondue-Mischung und Raclette-K\u00e4se in verschiedenen Geschmacksrichtungen, alle hergestellt mit Milch aus dem Berner Oberland.&nbsp;", "url": "https://www.eigermilch.ch/", "image": "https://jrtagpimtsoch.sos-ch-dk-2.exoscale-cdn.com/catalog/d/4/6/6/d466df099adeb0062149316e8627f5daa4bb34a5_Eigermilch_Grindelwald.jpg", "openstreetmap_id": "node/708770230"}, "geometry": {"type": "Point", "coordinates": ["8.0288104", "46.6184509"]}}, {"type": "Feature", "properties": {"identifier": "e48ecf18-6743-4883-9e02-97cb74db1faa", "name": "Ballenberg-Kurse", "description": "<p>Von A wie Alphorn bauen bis Z wie Ziselieren: Die Ballenberg-Kurse vermitteln traditionelle Handwerkstechniken und erwecken altes Wissen zu neuem Leben. Die j&auml;hrlich &uuml;ber 120 angebotenen Kurse und Workshops sind eine Quelle der Inspiration und Kreativit&auml;t. Sie f&ouml;rdern Geschick, Erfindergeist und Fantasie. Jugendliche, Erwachsene, Semiprofis und Profis haben die M&ouml;glichkeit, traditionelles Handwerk auszuprobieren, zu erlernen oder weiterzuentwickeln.</p><p>Eine Kurs&uuml;bersicht und weitere Informationen finden Sie auf der Website der Ballenberg-Kurse.</p>", "url": "https://ballenbergkurse.ch/de/", "image": "https://jrtagpimtsoch.sos-ch-dk-2.exoscale-cdn.com/catalog/7/1/0/3/7103da2ac22602188b4753c5b204b0a8a82f80f4_Drechseln__Titelbild_.JPG", "openstreetmap_id": "way/188207526"}, "geometry": {"type": "Point", "coordinates": ["8.077990325487871", "46.750872400000006"]}}, {"type": "Feature", "properties": {"identifier": "e589d5d4-6cc1-4b9d-bcad-5c12e34b18d3", "name": "Versteckte Pfade & Wasserf\u00e4lle: Tief eintauchen ins Lauterbrunnental", "description": "<p>Erleben Sie das <span style=\"font-size: 10.0pt; mso-bidi-font-size: 12.0pt; font-family: 'Arial',sans-serif; mso-fareast-font-family: Aptos; mso-fareast-theme-font: minor-latin; mso-bidi-theme-font: minor-bidi; mso-ansi-language: DE-CH; mso-fareast-language: EN-US; mso-bidi-language: AR-SA;\">&laquo;</span>Tal der 72 Wasserf&auml;lle<span style=\"font-size: 10.0pt; mso-bidi-font-size: 12.0pt; font-family: 'Arial',sans-serif; mso-fareast-font-family: Aptos; mso-fareast-theme-font: minor-latin; mso-bidi-theme-font: minor-bidi; mso-ansi-language: DE-CH; mso-fareast-language: EN-US; mso-bidi-language: AR-SA;\">&raquo;</span> abseits der bekannten Touristenpfade. Dieses gef&uuml;hrte Trekking f&uuml;hrt Sie mitten in die UNESCO-Welterbe-Region des Berner Oberlands. Wandern Sie durch saftige Alpwiesen, sp&uuml;ren Sie die Gischt des Staubbachfalls und erfahren Sie spannende Details &uuml;ber die Geologie und alpine Kultur. Eine ideale Kombination aus genussvollem Wandern und spektakul&auml;ren Fotomotiven in einer der imposantesten Kulissen der Welt.</p>", "image": "https://jrtagpimtsoch.sos-ch-dk-2.exoscale-cdn.com/catalog/b/3/e/a/b3eaffd38d3589b3f8b9dfea69510a7683025559_hiking_trekking_sup_instructor_uimla_swiss_alps_guide_switzerland_andrew_lobhorn_hut.jpeg", "openstreetmap_id": "relation/1682529"}, "geometry": {"type": "Point", "coordinates": ["7.9078016", "46.5939043"]}}, {"type": "Feature", "properties": {"identifier": "e699f6f5-e96d-478d-9212-97d39ddd7f44", "name": "Haslitaler P\u00e4ckli", "description": "Haslitaler P\u00e4ckli bietet eine kulinarische Reise durch die Schweiz mit Geschenkpaketen gef\u00fcllt mit regionalen Spezialit\u00e4ten aus verschiedenen Schweizer Regionen. Das Unternehmen, das 2013 mit dem Walliser P\u00e4ckli gegr\u00fcndet wurde, hat seither mit dem Haslitaler P\u00e4ckli und anderen Geschenkk\u00f6rben expandiert und plant weitere regionale Spezialit\u00e4ten.&nbsp;", "image": "https://jrtagpimtsoch.sos-ch-dk-2.exoscale-cdn.com/catalog/3/6/c/7/36c777fc9b7b4c0c5c3a439dd545ed079b57bb53_Haslitaler_P__ckli.jpg", "openstreetmap_id": "relation/1682552"}, "geometry": {"type": "Point", "coordinates": ["8.1870934", "46.7285518"]}}, {"type": "Feature", "properties": {"identifier": "e71d751b-bdc9-4050-9525-152e15b2dc05", "name": "Fahnenschwingen", "description": "Eine Fahne schwingen, das k\u00f6nnen alle oder wie schwingt man eigentlich einen \u201eOberl\u00e4nder Stich\u201c?\n\nF\u00fcr das traditionelle Brauchtum des Fahnenschwingens existiert, typisch schweizerisch, eine Vielzahl von Vorschriften: von der Gr\u00f6sse der Fahne \u00fcber die genaue Beschreibung der 99 definierten Schw\u00fcnge bis hin zur Dauer der Vorf\u00fchrung.\n\nGanz so genau nehmen wir es bei unserem Fahnenschwingen-Event nicht. Wir holen euch am Treffpunkt ab und begleiten euch in unsere Fahnenschwinger-Arena, wo unsere professionellen Fahnenschwingerinnen & Fahnenschwinger aus der Jungfrau Region mit einer eindr\u00fccklichen Demonstration ihres K\u00f6nnens aufwarten.\nIn der Folge k\u00f6nnt ihr, aufgeteilt in Gruppen, einen Einsteiger-Fahnenschwingkurs besuchen. Dieser Kurs bereitet euch auf eure eigene Pr\u00e4sentation vor. Ausger\u00fcstet mit Schweizer Fahnenschwinger-Fahnen und zus\u00e4tzlichen kleineren Kantonsfahnen bereitet sich jede Gruppe mit einer eigenen Choreografie auf ihren grossen Auftritt in der Fahnenschwinger-Arena vor.\n\nDieser Event steigert folgende Teambuilding-Effekte:\nDer Teamevent \u00abFahnenschwingen\u00bb fordert deine Mitarbeitenden vielschichtig heraus: etwas Neues lernen und es dann auch noch vor allen Arbeitskollegen vorzeigen. Das Erfolgsgef\u00fchl nach der Team-Pr\u00e4sentation hat einen positiven Effekt auf das Selbstwertgef\u00fchl deiner Mitarbeitenden und f\u00f6rdert die Wahrnehmung des Selbstwerts deiner Equipe.\n\nTeilnehmerzahl: 20 bis 120 Personen\nDauer: ca. 2 Stunden\nKosten: auf Anfrage", "url": "https://outdoor.ch", "image": "https://jrtagpimtsoch.sos-ch-dk-2.exoscale-cdn.com/catalog/0/4/a/3/04a3427ed2605d8f57e6255917072e4bf3c230b7_Fahnenschwingen_2.JPG", "openstreetmap_id": "relation/1682457"}, "geometry": {"type": "Point", "coordinates": ["8.034309647892883", "46.624315971522016"]}}, {"type": "Feature", "properties": {"identifier": "e88fbb42-8bf6-4764-a571-adbb25c9471b", "name": "Alpbachschlucht", "description": "Die Alpbachschlucht ist nichts f\u00fcr schwache Nerven! Ein atemberaubender Aufstieg in den Felsw\u00e4nden \u00fcber dem rauschenden Bach zwischen Meiringen und Hasliberg bietet einiges. Mit klettersteig\u00e4hnlichen Passagen ohne Gel\u00e4nder ist Schwindelfreiheit und Trittsicherheit Voraussetzung. Eine Sicherung wird empfohlen. Start der Wanderung ist in Meiringen bei der Talstation der Bergbahnen Meiringen-Hasliberg.\n\nVon dort folgst du ca. 10 bis 15 Minuten dem Wanderweg Richtung Schr\u00e4ndli-Reuti, bis zum Schluchteingang (markiert). Die Schlucht kann nur von unten nach oben begangen werden. Die Begehung dauert ca. 30 Minuten. Schluchtausgang ist beim Haselholz, von dort f\u00fchrt der Weg zur\u00fcck nach Meiringen oder Reuti \u00fcber den normalen Wanderweg, ca. 30 Minuten. Im Winter und bei nassem Wetter sollte die Schlucht nicht begangen werden.", "image": "https://jrtagpimtsoch.sos-ch-dk-2.exoscale-cdn.com/catalog/a/4/d/a/a4daa517b150b53a55d3b8d045fd0ff6f562ce03_Alpbachschlucht.jpg", "openstreetmap_id": "node/2917958193"}, "geometry": {"type": "Point", "coordinates": ["8.193649649620058", "46.730056199863064"]}}, {"type": "Feature", "properties": {"identifier": "ecb4baa1-7223-4cbd-8471-f524a4659591", "name": "Wanderungen", "description": "Gr\u00fcne Alpweiden und weisse Berggipfel \u2013 ein Panorama, das seinesgleichen sucht. In Wengen wird jede Wanderung zum unvergesslichen Erlebnis. Mit einem Klick auf den Button gelangst du zur \u00dcbersicht aller Wanderungen.", "image": "https://jrtagpimtsoch.sos-ch-dk-2.exoscale-cdn.com/catalog/d/b/7/b/db7ba27889dacb7a0376e9ede8b96ad5b7215be6_Wandern_Wengen.jpg", "openstreetmap_id": "way/282059913"}, "geometry": {"type": "Point", "coordinates": ["7.92134", "46.605"]}}, {"type": "Feature", "properties": {"identifier": "edd250c4-08b2-4d54-b0e5-2b248a3fce21", "name": "M\u00fcrren-Winteregg", "description": "<p>Inmitten der weitgehend unber&uuml;hrten Natur ist die familienfreundliche Gastst&auml;tte mit ihrer Sonnenterrasse und dem Selbstbedienungsrestaurant eine Oase der Entspannung f&uuml;r Wanderinnen und Wanderer, Mountainbiker*innen oder Wintersportlern*innen. Winteregg ist der einzige Zwischenhalt auf der Bahnstrecke zwischen der Gr&uuml;tschalp und M&uuml;rren. Nebst dem Restaurant gibt es hier auch eine Alpk&auml;serei, welche im Sommer verschiedene K&auml;sesorten verkauft. Ein Highlight ist der &laquo;Ch&auml;steilet&raquo;, bei welchem Ende Sommer jeweils der K&auml;se verteilt wird, der produziert wurde. Ein Volksfest mit langj&auml;hriger Tradition in der ganzen Schweiz. In den Wintermonaten trifft man in Winteregg vor allem Skifahrer*innen an. An den Liften Winteregg, Maulerhubel und Allmiboden liegen blaue und rote Pisten, eine Slalomstrecke und der beliebte Skyline Snowpark. Auch Winterwanderinnen und -wanderer kommen hier auf ihre Kosten, denn der Winterwanderweg f&uuml;hrt am Restaurant vorbei. Kuschle dich in die warmen Decken und w&auml;rme dich mit einem heissen Getr&auml;nk auf. Winteregg ist sowohl im Sommer, wie auch im Winter zu Fuss erreichbar. Ab M&uuml;rren dauert der einfach Spaziergang ca. 40 Minuten. Ab Gr&uuml;tschalp sind es ca. 50 Minuten.</p><p>&nbsp;</p>", "url": "https://www.jungfrau.ch/de-ch/", "image": "https://jrtagpimtsoch.sos-ch-dk-2.exoscale-cdn.com/catalog/5/0/6/6/5066dca1cf22edbfa729b321662a71d749bd6b9e_Winteregg_Muerren_Bahn_BLM_Sommer.jpg", "openstreetmap_id": "way/150270143"}, "geometry": {"type": "Point", "coordinates": ["7.895994186401367", "46.581810162619306"]}}, {"type": "Feature", "properties": {"identifier": "ee11e409-4b00-430a-9226-8f5352db1f6d", "name": "HEIMET, heimelige Ferienwohnung auf dem Bauernhof", "description": "<p class=\"MsoNormal\">Eine Ferienwohnung inmitten der Bergwelt. In unmittelbarer\nN\u00e4he zur Skipiste. Mitten im Wanderparadies. Wir freuen uns auf dich.<o:p></o:p></p><p class=\"MsoNormal\">\u00dcber den Button gelangst du direkt zum Buchungsportal oder\nkannst eine E-Mail f\u00fcr deine Reservationsanfrage an den Vermieter schicken.</p>", "url": "https://www.beo-apartments.ch", "image": "https://jrtagpimtsoch.sos-ch-dk-2.exoscale-cdn.com/catalog/b/3/3/d/b33dff6bf941654a7bc433ca5a6b0b19d8f7a30d_Heimet.jpeg", "openstreetmap_id": "node/6919987313"}, "geometry": {"type": "Point", "coordinates": ["8.103564977645876", "46.74556557132895"]}}, {"type": "Feature", "properties": {"identifier": "f1c6b202-c1e5-4c4f-a900-a3253c63688e", "name": "Pfingstegg", "image": "https://jrtagpimtsoch.sos-ch-dk-2.exoscale-cdn.com/catalog/a/2/2/2/a222d5a79e8ca3f7c40d8d3a8d5c8f3269264b79_Pfingstegg_2025_1011_004000.jpg", "openstreetmap_id": "node/6845397401"}, "geometry": {"type": "Point", "coordinates": ["8.056427836418154", "46.617411440402215"]}}, {"type": "Feature", "properties": {"identifier": "f2e82022-1b82-422d-8f17-2911c8099466", "name": "Abseilen am Wasserfall", "description": "Wag dich an den Wasserfall, bestens gesichert und \u00fcberwacht durch unsere Bergf\u00fchrer der Alpinschule BERGFALKE. Du und dein Team versuchen gemeinsam den Wasserfall zu bezwingen.\nEin Wasserfall, ein Seil, viel Mut und eine grosse Ladung Adrenalin.\nProfessionelle Guides sorgen f\u00fcr die Sicherheit.\n \n...und danach zum gem\u00fctlichen Essen im nahen Bergrestaurant Steingletscher \u2013 jetzt haben alle ihren Leckerbissen verdient. Und wer lieber nur zuschauen m\u00f6chte \u2013 direkt vom Gartenrestaurant aus ist dies bestens m\u00f6glich!\n\nZeitbedarf: 2-4 Stunden\nAnforderungen: Schwindelfrei,  es braucht keine alpintechnischen Kenntnisse\nOrt: Steingletscher Sustenpass / Haslital", "url": "https://www.falkevent.ch/", "image": "https://jrtagpimtsoch.sos-ch-dk-2.exoscale-cdn.com/catalog/9/a/4/6/9a46b44274563e1d832f1235019653088974f67f_Falkevent_Abseilen_am_Wasserfall.jpg", "openstreetmap_id": "node/3442363647"}, "geometry": {"type": "Point", "coordinates": ["8.4277147", "46.7308378"]}}, {"type": "Feature", "properties": {"identifier": "f2f0423a-c665-48fc-b351-46a24c691d6e", "name": "Schlittelwege", "description": "Neben dem Klassiker Apollo Run wartet in M\u00fcrren der Bob Run auf dich. Mit einem Klick auf den Button gelangst du zur \u00dcbersicht der Schlittelwege.", "image": "https://jrtagpimtsoch.sos-ch-dk-2.exoscale-cdn.com/catalog/4/6/7/2/46722831b3e77a7cfe63a64b88aa9b66cacace92_Schlitteln_in_M__rren.jpg", "openstreetmap_id": "node/10723247723"}, "geometry": {"type": "Point", "coordinates": ["7.8926445", "46.559373"]}}, {"type": "Feature", "properties": {"identifier": "f3cc0a38-ec56-4381-ab86-08a19c0ede36", "name": "Radtouren", "description": "Auf zwei R\u00e4dern durch das atemberaubende Grindelwald. Die sch\u00f6nsten Touren auf asphaltierten Strassen, die besten \u00dcbernachtungsm\u00f6glichkeiten und Verpflegungstipps f\u00fcr unterwegs. Das und mehr erf\u00e4hrst du mit einem Klick auf den Button.", "image": "https://jrtagpimtsoch.sos-ch-dk-2.exoscale-cdn.com/catalog/3/f/d/6/3fd6668c34ff2e7cb22f45ba43e70cd282382b47_Velo_Kleine_Scheidegg.jpg", "openstreetmap_id": "node/11557201756"}, "geometry": {"type": "Point", "coordinates": ["8.03601", "46.62396"]}}, {"type": "Feature", "properties": {"identifier": "f3fb8019-b910-4c54-82c6-19714a03631c", "name": "Ikigai Games: Sinnstiftung inmitten der Alpenwelt", "description": "<p>Bereichern Sie Ihre Reise mit einem einzigartigen Mental-Wellness-Erlebnis. Die Ikigai Games verbinden Bewegung in der Natur mit interaktiven Coaching-Elementen, inspiriert vom japanischen Konzept des <span style=\"font-size: 10.0pt; mso-bidi-font-size: 12.0pt; font-family: 'Arial',sans-serif; mso-fareast-font-family: Aptos; mso-fareast-theme-font: minor-latin; mso-bidi-theme-font: minor-bidi; mso-ansi-language: DE-CH; mso-fareast-language: EN-US; mso-bidi-language: AR-SA;\">&laquo;</span>Ikigai<span style=\"font-size: 10.0pt; mso-bidi-font-size: 12.0pt; font-family: 'Arial',sans-serif; mso-fareast-font-family: Aptos; mso-fareast-theme-font: minor-latin; mso-bidi-theme-font: minor-bidi; mso-ansi-language: DE-CH; mso-fareast-language: EN-US; mso-bidi-language: AR-SA;\">&raquo;</span> (Sinn des Lebens). Vor der inspirierenden Kulisse der Eiger, M&ouml;nch und Jungfrau hilft diese Aktivit&auml;t Einzelpersonen und Gruppen, durch Spiel und Natur neue Klarheit und Motivation zu finden. Ein mentaler Reset der besonderen Art.</p>", "url": "http://www.ikigaigames.ch/", "image": "https://jrtagpimtsoch.sos-ch-dk-2.exoscale-cdn.com/catalog/a/c/e/8/ace8c440dc21ea710c4b2c94303da498a75e132a_Logo_Ikigai_Games.jpg", "openstreetmap_id": "way/184470348"}, "geometry": {"type": "Point", "coordinates": ["7.8416185", "46.6835083"]}}, {"type": "Feature", "properties": {"identifier": "f546a67c-4f67-4b9e-9009-5429173b7e34", "name": "Hofl\u00e4deli Budig ", "description": "Konfit\u00fcre, Sirup, Chutneys, Lik\u00f6r, Hasliberger Kr\u00e4utertee, Trockenwurst, Bretzeli, hausgemachte Torten, Brot & Z\u00fcpfe, Geschenkk\u00f6rbe ", "url": "https://www.facebook.com/budighasliberg/about", "image": "https://jrtagpimtsoch.sos-ch-dk-2.exoscale-cdn.com/catalog/b/0/3/7/b03764927e3f56668ec987db98a600dcf4fc5b6a_Hofl__deli_Budig.jpg", "openstreetmap_id": "way/287244152"}, "geometry": {"type": "Point", "coordinates": ["8.199259157839718", "46.73960385"]}}, {"type": "Feature", "properties": {"identifier": "f670932b-356f-4dc4-b439-3ed329c3a3f4", "name": "Langlaufen", "description": "Egal ob am Tag oder in der Nacht. Egal ob f\u00fcr Anf\u00e4nger, Fortgeschrittene oder Profis. In Lauterbrunnen warten zahlreiche perfekt pr\u00e4parierte Langlaufloipen auf dich. Mit einem Klick auf den roten Button gelangst du zur \u00dcbersicht aller Langlaufstrecken.", "image": "https://jrtagpimtsoch.sos-ch-dk-2.exoscale-cdn.com/catalog/4/8/8/7/4887ef7e40af4b895525a49461511f3ab34a7a7f_Inferno_Winter_Langlauf.jpg", "openstreetmap_id": "node/10723247723"}, "geometry": {"type": "Point", "coordinates": ["7.8926445", "46.559373"]}}, {"type": "Feature", "properties": {"identifier": "f7c0a7ad-87a1-4096-a6c9-064d084e2183", "name": "Schauk\u00e4serei Engstlenalp", "description": "K\u00e4se, Joghurt, Molke, Butter", "url": "https://www.outdooractive.com/de/hut/urner-alpen/schaukaeserei-engstlenalp/25506496/", "image": "https://jrtagpimtsoch.sos-ch-dk-2.exoscale-cdn.com/catalog/0/a/7/6/0a76726168677289a7936ece98841c1e3390e947_Schauk__serei_Engstlenalp.jpg", "openstreetmap_id": "way/335744127"}, "geometry": {"type": "Point", "coordinates": ["8.344857488533115", "46.7760469"]}}, {"type": "Feature", "properties": {"identifier": "f7fd3a71-fc43-4e8f-9206-c0b0a9e8808d", "name": "Hofl\u00e4deli Stein", "description": "<p>Das Hofl&auml;deli Stein ist ein Feinschmeckerlokal in Hasliberg, das f&uuml;r seine feine Auswahl an Produkten bekannt ist. Sie bieten Natura-Kalbfleisch, Natur-Beef, und andere erlesende St&uuml;cke aus ihrem Tiefk&uuml;hlsortiment an. Ihr Sortiment umfasst Berner Alpk&auml;se AOP, Berner Hobelk&auml;se AOP, Fleisch aus Mutterkuhhaltung und Trockenw&uuml;rste. Viele hausgemachte Spezialit&auml;ten warten auf die Kunden. Eine grosse Auswahl an tiefgek&uuml;hltem Fleisch, Das ausschliesslich vom Hof stammt, lockt Wiederholungsbesucher an. Um einen pers&ouml;nlichen Service zu gew&auml;hrleisten, werden die Kunden gebeten, vorher anzurufen.&nbsp;</p>", "url": "https://www.hoflaedeli-stein.ch/", "image": "https://jrtagpimtsoch.sos-ch-dk-2.exoscale-cdn.com/catalog/6/1/f/0/61f0bd6780d703544f19fc0a6d05b0f03396bf7a_Hofl__deli_Stein.jpg", "openstreetmap_id": "way/287224728"}, "geometry": {"type": "Point", "coordinates": ["8.192369706149751", "46.74962745"]}}, {"type": "Feature", "properties": {"identifier": "f8520903-9b4e-4c8f-b560-cf99931e4900", "name": "Aromatherapie Craniosacral", "description": "Gemeinsam sind wir als Aromatherapie Craniosacral Grindelwald unterwegs. Mit viel Freude und Engagement leben wir die Aromatherapie, Craniosacraltherapie, die Arbeit der Wickel & Kompressen. Dabei d\u00fcrfen wir immer wieder ber\u00fchrende und spannende Momente erfahren, die uns ergreifen und Staunen lassen.", "url": "https://aromatherapie-grindelwald.ch/ueber-uns-2/kontakt/", "image": "https://jrtagpimtsoch.sos-ch-dk-2.exoscale-cdn.com/catalog/2/9/f/6/29f6b2a291561b3a204b12348a148b898bc19006_IMG_0813_2048x896.jpg", "openstreetmap_id": "node/299311876"}, "geometry": {"type": "Point", "coordinates": ["8.0350988", "46.6244202"]}}, {"type": "Feature", "properties": {"identifier": "f90be467-d87c-40ea-870e-254b570a62d5", "name": "P\u00e4ssefahrten in den Zentralalpen", "description": "Linien:\n\nMeiringen \u2013 Grimsel \u2013 Oberwald (Grimselpass-Linie)\nMeiringen \u2013 Susten \u2013 G\u00f6schenen \u2013 Andermatt (Sustenpass-Linie)\nMeiringen \u2013 Susten \u2013 Furka \u2013 Grimsel \u2013 Meiringen (3-P\u00e4sse-Rundfahrt)\nMeiringen \u2013 Grimsel \u2013 Nufenen \u2013 Gotthard \u2013 Susten \u2013 Meiringen (4-P\u00e4sse-Rundfahrt)\n\nAbfahrtsort: Meiringen Bahnhof", "image": "https://jrtagpimtsoch.sos-ch-dk-2.exoscale-cdn.com/catalog/a/a/9/6/aa96cf8a19d7286e8220b701866b80e791b66179_Sustenpass_Postauto_byDavidBirri.jpg", "openstreetmap_id": "relation/1682552"}, "geometry": {"type": "Point", "coordinates": ["8.184288740158083", "46.72739717086505"]}}, {"type": "Feature", "properties": {"identifier": "f99e0ad7-b775-4a6d-a9a4-f0eaeb969de5", "name": "Themenwege", "description": "Auch Wanderwege und Spazierg\u00e4nge, die einem bestimmten Thema gewidmet sind, gibt es in Lauterbrunnen. Mit einem Klick auf den Button gelangst du zur \u00dcbersicht aller Themenwege.", "image": "https://jrtagpimtsoch.sos-ch-dk-2.exoscale-cdn.com/catalog/7/2/f/9/72f91295888ee6bdfd7f103c34c353e7e3ea177e_Lauterbrunnen_Dorf__3_.jpg", "openstreetmap_id": "node/10723245131"}, "geometry": {"type": "Point", "coordinates": ["7.90765", "46.59568"]}}, {"type": "Feature", "properties": {"identifier": "fb83e590-cfa2-484a-a232-fcf80897fb26", "name": "Station Eigergletscher", "image": "https://jrtagpimtsoch.sos-ch-dk-2.exoscale-cdn.com/catalog/7/f/3/3/7f338e5abb7076c3a5da5a2c84d632a3624c8357_Eigergletscher_Luftaufnahme_Abendstimmung_Winter_2.jpg", "openstreetmap_id": "node/12142157197"}, "geometry": {"type": "Point", "coordinates": ["7.9751857", "46.5754214"]}}]}