id;name;disambiguatingDescription;description;longitude;latitude;streetAddress;postalCode;addressLocality;telephone;email;url;image;dateModified04560137-16e1-441c-af3c-ef9ed13a2974;Kostenlos: Skatepark Haslital;Profitiere von kostenlosem ﻿Skatevergnügen auf 400 Quadratmetern.;<p><span style="background-color: #ffffff; color: #000000;">Der Skatepark Haslital bietet als einer der wenigen Indoor-Skateparks der Schweiz die M&ouml;glichkeit, unabh&auml;ngig von Jahreszeit und Witterung zu skateboarden.</span></p><p><span style="background-color: #ffffff; color: #000000;">Auf einer Fl&auml;che von ca. 400 m&sup2; sind eine Miniramp sowie ein Street-Bereich untergebracht, so dass es auch den anspruchsvollen Skatern nicht langweilig wird.</span></p><p><span style="background-color: #ffffff; color: #000000;">Die Anlage wurde professionell geplant, mit einem superschnellen Buchenbelag versehen und gen&uuml;gt damit h&ouml;chsten Anspr&uuml;chen.</span></p><p><span style="background-color: #ffffff; color: #000000;">G&auml;stekarte Haslital: </span><span style="background-color: #ffffff; color: #000000;">Kostenloser Eintritt</span></p>;8.1908654;46.7241558;Alpbachsäge 2;3860;Meiringen;+41 33 971 39 00;[{'@type': 'ImageObject', 'contentUrl': 'https://jrtagpimtsoch.sos-ch-dk-2.exoscale-cdn.com/catalog/1/5/2/c/152c079a1b98839fcdab82285f6bb2616ab6d654_113_8852_skatepark_haslital_bydavidbirri.jpg'}];2026-04-02T09:15:53+02:00
04b91192-c27c-49e5-9b43-c7563908ba38;Sagen-Trail Stechelberg;Auf dem Sagen-Trail erfahren Sie unterschiedliche Eigenarten der Lauterbrunner-Sagenwelt. Wir wünschen Ihnen viel Freude auf Ihrer Entdeckungsreise von Posten zu Posten. 

Der Sagen-Trail Stechelberg führt vom Weiler Sandbach in den Talhintergrund bei der Rütti. An sechs Posten wird man in die unterschiedlichen Eigenarten der Lauterbrunner-Sagenwelt entführt. Es sind 3.9 Kilometer und die Reine Gehzeit beträgt etwa 70 Minuten.;<p>Sagen sind m&uuml;ndlich &uuml;berlieferte Erz&auml;hlungen &uuml;ber wundersame Ereignisse, die sich an wohlbekannten St&auml;tten und &Ouml;rtlichkeiten ereignet haben sollen, und die, auch wenn sie als seltsam oder gar unverst&auml;ndlich erscheinen, f&uuml;r wahr gehalten werden.&nbsp;<br>Das Lauterbrunnental kann eine breite Palette von Erz&auml;hlungen aus einer tiefgr&uuml;ndigen Sagenwelt anbieten. Die m&auml;chtige Berg- und Wasserwelt hat die Bev&ouml;lkerung stets stark beeindruckt.&nbsp;<br>Man lebt nahe an dieser gewaltigen Natur, in enger Verbundenheit mit ihren Kr&auml;ften und ihren Erscheinungen. Siedler aus verschiedenen Kulturr&auml;umen, zuerst Alemannen mit ihrer nordisch gepr&auml;gten Mythologie und sp&auml;ter, Walser aus dem L&ouml;tschental mit ihrem natur-religi&ouml;sen Brauchtum, liessen einen vielschichtigen Volksglauben in unserer Talschaft entstehen.</p>;3824 ;Stechelberg;+41 33 855 10 32;info@stechelberg.ch;http://www.stechelberg.ch/;[{'@type': 'ImageObject', 'contentUrl': 'https://jrtagpimtsoch.sos-ch-dk-2.exoscale-cdn.com/catalog/c/5/7/2/c57231669ced5dd9fd471a4eba9f138e40f9a8a0_Screenshot_2024_10_16_093119.png', 'caption': {'de': 'Auf dem Sagen-Trail erfahren Sie utnerschiedliche Eigenarten der Lauterbrunner-Sagenwelt. Wir wünschen Ihnen viel Freude auf Ihrer Entdeckungsreise von Posten zu Posten.', 'en': 'On the Legend Trail, you will discover the various pecularities of the world of legens of Lauterbrunnen. We hope you enjoy your journey of discovery from post to post. ', 'fr': 'Sur le circuit des légendes, vous découvrirez différentes particularités du monde des légendes de Lauterbrunnen. Nous vous souhaitons beaucoup de plaisir lors de votre voyage de découverte de poste en poste. '}}];2026-07-07T15:59:28+02:00
059760ee-41cb-40b5-bbf5-1e717aedfc70;CHF 5.00 Rabatt: Fitnessraum Lauterbrunnen;Profitiere von CHF 5.00 Reduktion auf das Tagesticket.;<p data-start="411" data-end="574">D&eacute;couvrez la salle de fitness de Lauterbrunnen Tourisme au centre sportif Eyelti. Entra&icirc;nez-vous avec des &eacute;quipements ultramodernes et atteignez vos objectifs de remise en forme.<br>Que vous soyez d&eacute;butant ou professionnel, nous avons tout ce dont vous avez besoin pour votre entra&icirc;nement.<br>Carte d'h&ocirc;te Lauterbrunnen :<br>r&eacute;duction de 5 CHF sur le ticket journalier</p>;[{'@type': 'ImageObject', 'contentUrl': 'https://jrtagpimtsoch.sos-ch-dk-2.exoscale-cdn.com/catalog/9/0/5/7/9057c56c12b44ad550dd0c2aa3558aa32b332161_fitnessraum_lauterbrunnen_teaser.jpg'}];2026-09-03T17:35:13+02:00
080cb916-08f7-4b38-ace2-ed81ef83ce23;Sportzentrum Grindelwald Fitness- und Kraftraum;<p><span style="background-color: rgb(255, 255, 255); color: rgb(0, 0, 0);">Der ideale Ort, um Ihre Muskelkraft zu trainieren.</span></p><p><span style="background-color: rgb(255, 255, 255); color: rgb(0, 0, 0);">Auf total 160m2 stehen den Besuchern im Fitness- und Kraftraum 12 moderne Kraftgerätestationen, sechs Ausdauergeräte (Ergometer, Laufband, Rudermaschine) und ein grosszügiger Freihantelbereich zur Verfügung.</span></p><p><span style="background-color: rgb(255, 255, 255); color: rgb(0, 0, 0);">Der Fitness- und Kraftraum im Sportzentrum ist das ganze Jahr geöffnet und beinhaltet den Eintritt ins Hallenbad während der Öffnungszeiten.</span></p><p><span style="background-color: rgb(255, 255, 255); color: rgb(0, 0, 0);">Gästekarte Grindelwald:</span></p><p><strong style="background-color: rgb(255, 255, 255); color: rgb(0, 0, 0);">50 % Rabatt auf den Eintritt</strong></p>;[{'@type': 'ImageObject', 'contentUrl': 'https://jrtagpimtsoch.sos-ch-dk-2.exoscale-cdn.com/catalog/1/f/9/7/1f97031b085cb45ac1e1959c3cef5f88c1a857d6_kraftraum_grindelwald_teaser.jpg'}];2026-09-03T16:41:51+02:00
081ef51d-605c-4995-bcdd-40175c248551;33% Rabatt: Zvieriplättli «Wellhorn» im Chalet-Hotel Schwarzwaldalp;Profitiere werktags zwischen 14.30 - 16.00 Uhr von 33% Rabatt auf das Zvieriplättli «Wellhorn» im Chalet-Hotel Schwarzwaldalp;<p><span style="background-color: #ffffff; color: #000000;">Geniessen Sie unser feines Zvieripl&auml;ttli &laquo;Wellhorn&raquo; mit 3-j&auml;hrigem, alpeigenem Hobelk&auml;se von der Schwarzwaldalp auf unserer sch&ouml;nen Terrasse oder im gem&uuml;tlichen Restaurant.</span></p><p><span style="background-color: #ffffff; color: #000000;">Herzlich willkommen im Chalet-Hotel Schwarzwaldalp!</span></p><p><span style="background-color: #ffffff; color: #000000;">G&auml;stekarten der Jungfrau Region:<br></span><span style="background-color: #ffffff; color: #000000;">33% Rabatt (Montag &ndash; Freitag zwischen 14.30 &ndash; 16.00 Uhr)</span></p>;8.134302609494211;46.675906383472295;Schwarzwaldalp;3860;Meiringen;+41 33 971 35 15;info@schwarzwaldalp.ch;https://www.schwarzwaldalp.ch/;[{'@type': 'ImageObject', 'contentUrl': 'https://jrtagpimtsoch.sos-ch-dk-2.exoscale-cdn.com/catalog/1/f/7/b/1f7b829b7292477b166bbd6d4fed6b06450b355a_Wellhorn_Rollen.jpg'}];2026-07-07T15:59:28+02:00
09f6818d-cf9b-4284-8b7a-6bd21c2f52f5;Sportzentrum Grindelwald Sauna Oase;Entspannen Sie sich in der Sauna-Oase nach einem aktiven Tag in und um Grindelwald.;<p>Saunieren entschlackt und entgiftet den K&ouml;rper, regt die Stoffwechselvorg&auml;nge an, trainiert das Herz- und Kreislaufsystem und pflegt die Haut. K&ouml;rper, Geist und Seele werden erfrischt. Nach dem Saunagang f&uuml;hlen Sie sich wie "neu geboren"! G&auml;stekarte Grindelwald 50% Rabatt auf den Eintritt</p>;[{'@type': 'ImageObject', 'contentUrl': 'https://jrtagpimtsoch.sos-ch-dk-2.exoscale-cdn.com/catalog/9/0/2/4/9024a65ff2ae86518818959a8807fa037a3630fd__B191637_by.davidbirri.jpg'}];2026-09-03T16:37:46+02:00
12c36ebc-22a2-41bc-9f26-fc75c4b6c80b;50% Rabatt: Führung Audio Themenweg "Das Wetter und wir";Profitiere von 50% Rabatt auf die Führung Audio Themenweg "Das Wetter und Wir";<p>Eine enge Verbundenheit mit der Natur und das Wetter hautnah erfahren, geh&ouml;rt zum Lebensalltag der Guttannerinnen und Guttanner. Den Umgang mit Natureinfl&uuml;ssen und extremen Wetterereignissen lernt die einheimische Bev&ouml;lkerung von klein auf. Sie beobachtet den Berg und seine Ver&auml;nderungen und passt ihr Verhalten den Gegebenheiten entsprechend an. Auf dem Rundweg werden Sie von Einheimischen begleitet und erhalten dabei zus&auml;tzliche Informationen rund um das Leben im Bergdorf Guttannen. Stimmen aus der Bev&ouml;lkerung erz&auml;hlen von ihrem Umgang mit Themen wie Klima, Lawinen, Bergsteigen und vieles mehr. Reservation unter guttannen.bewegt@bluewin.ch.</p><p><strong>G&auml;stekarte Haslital: </strong>50% Rabatt auf die F&uuml;hrung Audio Themenweg "Das Wetter und Wir"</p>;8.28988;46.654742;3864;Guttannen;guttannen.bewegt@bluewin.ch;https://www.guttannen-bewegt.ch/;[{'@type': 'ImageObject', 'contentUrl': 'https://jrtagpimtsoch.sos-ch-dk-2.exoscale-cdn.com/catalog/0/3/5/e/035e896f6c071c41e2d7ccd9ffcaa6817a5c6f43_20210903_Wetter_u_wir_00013_kl.jpg'}];2026-04-27T11:24:34+02:00
145233c2-01a3-475f-a0c2-59e8d6d0cd3d;Museum Schloss Oberhof;<p>Der Rundgang durch das Museum ist eine Reise in die Geschichte der fr&uuml;heren Besitzer und derer, die im Schloss gelebt haben.- G&auml;stekarten der Jungfrau Region CHF 2.00 Erm&auml;ssigung auf den Eintritt</p>;[{'@type': 'ImageObject', 'contentUrl': 'https://jrtagpimtsoch.sos-ch-dk-2.exoscale-cdn.com/catalog/1/6/a/1/16a165ce3d5125098243509a9e9da398af09c82d_stiftung_schloss_oberhofen_teaser.jpg'}];2026-09-03T17:55:25+02:00
17dada6b-98d5-4cde-b13a-4235bb14e025;15% Rabatt: Kino Meiringen;Profitiere von 15% Rabatt auf den Eintritt für Erwachsene im Kino Meiringen;<p>Das Kino+ Meiringen, ist ein charmantes, Kino im Herzen von Meiringen.</p><p>Es ist bekannt f&uuml;r seine gem&uuml;tliche Atmosph&auml;re und bietet ein abwechslungsreiches Programm. Das Kino wird von der &ouml;rtlichen Gemeinschaft gesch&auml;tzt und dient oft als Treffpunkt f&uuml;r Filmabende und kulturelle Veranstaltungen. Die R&auml;umlichkeiten sind modernisiert, aber es wurde Wert daraufgelegt, den nostalgischen Charme des Kinos zu bewahren. Es gibt bequeme Sitzm&ouml;glichkeiten und eine kleine Snackbar.</p><p>G&auml;stekarte Haslital: 15% Rabatt auf den Eintritt f&uuml;r Erwachsene</p>;8.1875289;46.7281176;Kirchgasse 7;3860;Meiringen;info@kino-meiringen.ch;https://www.kino-meiringen.ch/;[{'@type': 'ImageObject', 'contentUrl': 'https://jrtagpimtsoch.sos-ch-dk-2.exoscale-cdn.com/catalog/e/f/b/4/efb44a59ace11949de9def4e62c4da9dde1a8436_Kino_aussen.jpg'}];2026-04-14T13:28:25+02:00
192351f3-9c71-4d62-88c0-7fed6bc1393f;Watson;<div><span style="font-weight: bold;">Kontakte:</span> ⌀ 400'000 Views und ⌀ 4'000 Klicks pro Story</div><div><span style="font-weight: bold;">Laufzeit:</span> 1 Woche</div><div><span style="font-weight: bold;">Sprache:</span> Deutsch, Franz&ouml;sisch</div><div><span style="font-weight: bold;">Umfang: </span>Paid Post w&auml;hrend einer Woche auf der Frontseite von watson.ch inkl. Mobile Teaser Push mit 60'000 Ad Impressions.&nbsp;</div><div><span style="font-weight: bold;">Personas:</span> -</div><div><span style="font-weight: bold;">Preis (exkl. MwSt.):</span> DE: CHF 6'280, FR: CHF 2'200 (&Auml;nderungen vorbehalten)</div><div>&nbsp;</div><div>watson.ch ist ein Schweizer Online-Newsportal, das aktuelle Informationen zu Politik, Wirtschaft, Gesellschaft, Sport und Unterhaltung bietet. Die Plattform richtet sich an ein breites, digitales Publikum und kombiniert News mit hintergr&uuml;ndigen Analysen, Bildstrecken und interaktiven Formaten.</div><div>&nbsp;</div><div><a href="https://www.watson.ch/" target="_blank" rel="noopener">Erfahre mehr</a></div>;[{'@type': 'ImageObject', 'contentUrl': 'https://jrtagpimtsoch.sos-ch-dk-2.exoscale-cdn.com/catalog/f/4/6/7/f467a8587796442c1adfb1fcdd4b80b5dd7ec45b_CHE_Watson.png'}];2025-09-09T11:29:44+02:00
1ad777d0-23dc-4805-9959-da3982ae053b;50% Rabatt: Führung Wollreich;Profitiere von 50% Rabatt auf die Führung im Wollreich Haslital.;<p><span style="color: #000000; background-color: #ffffff;">Wolle sehen, sp&uuml;ren und erleben</span></p><p><span style="color: #000000; background-color: #ffffff;">Die wichtigsten 80 Mitarbeiterinnen und Mitarbeiter in unserem Betrieb kommen urspr&uuml;nglich aus dem Wallis. Sie sind n&auml;mlich Schwarznasenschafe, welche im Sommer auf der Alp Gletscherhubel und im Winter in Geissholz eine neue Heimat gefunden haben.</span></p><p><span style="color: #000000; background-color: #ffffff;">Die F&uuml;hrungen finden jeweils am Donnerstagmorgen statt. Beginn um 09.30 Uhr, Dauer 30 Minuten, Deutsch). Eine Anmeldung ist zwingend erfoderlich bis am Mittwoch, 11.00 Uhr per E-Mail.</span></p><p><span style="color: #000000; background-color: #ffffff;">G</span><span style="color: #000000; background-color: #ffffff;">&auml;stekarte Haslital: </span><span style="color: #000000; background-color: #ffffff;">50% Rabatt auf die F&uuml;hrung im WollReich, Meiringen</span></p>;8.1841683;46.7286904;Hauptstrasse 10;3860;Meiringen;+41 33 971 84 88;info@wollreich.ch;https://www.wollreich.ch/;[{'@type': 'ImageObject', 'contentUrl': 'https://jrtagpimtsoch.sos-ch-dk-2.exoscale-cdn.com/catalog/4/9/c/0/49c0a2d624d68592a57a4a44311e38d29fca9509_wollreich_meiringen_2.jpg'}];2026-03-30T10:47:34+02:00
1ea2faf4-45e2-4c5b-992d-05fbb78a06e6;Ermässigte Eintrittspreise: Hallenbad Alpines Sportzentrum Mürren ;Ermässigte Eintrittspreise für Gäste mit Gästekarten aus Lauterbrunnen und Mürren.;<p data-start="459" data-end="602">Das Schwimmbad im Alpinen Sportzentrum M&uuml;rren eignet sich sowohl f&uuml;r genussvolles Freizeitschwimmen als auch f&uuml;r ambitioniertes Sportschwimmen.</p><p data-start="604" data-end="757">&bull; Schwimmbecken, 25 &times; 11 m, 28&deg;C<br data-start="636" data-end="639">&bull; Sprudelbecken mit Aussicht auf die Berge, 33&deg;C<br data-start="687" data-end="690">&bull; Aussenwhirlpool, 37&deg;C<br data-start="713" data-end="716">&bull; Kinderbecken f&uuml;r unsere kleinsten G&auml;ste</p><p data-start="759" data-end="903">Erwachsene: M&uuml;rren Goldcard kostenlos &ndash; mit Aussenwhirlpool CHF 6.00 / G&auml;stekarten der Jungfrau Region CHF 11.00 &ndash; mit Aussenwhirlpool CHF 17.00</p><p data-start="905" data-end="1072">Kinder: M&uuml;rren Goldcard kostenlos &ndash; mit Aussenwhirlpool (ab 12 Jahre) CHF 6.00 / G&auml;stekarten der Jungfrau Region CHF 6.00 &ndash; mit Aussenwhirlpool (ab 12 Jahre) CHF 12.00</p><p data-start="1074" data-end="1181">G&auml;stekarten Lauterbrunnen und M&uuml;rren:<br data-start="1106" data-end="1109">Erm&auml;ssigte Preise auf den Eintritt ins Hallenbad und den Aussenwhirlpool</p>;7.8953243;46.562483;Höhematte 1074b;3825 ;Mürren;+41 33 856 86 86;info@sportzentrum-muerren.ch;https://www.sportzentrum-muerren.ch/angebot/schwimmbad/;[{'@type': 'ImageObject', 'contentUrl': 'https://jrtagpimtsoch.sos-ch-dk-2.exoscale-cdn.com/catalog/f/b/a/c/fbac6e50276751a4d34ea4991808b2b7258f73d3__JRT8658.jpg'}];2026-09-03T17:24:16+02:00
1ebd8d12-fadb-400b-83f6-6c1751e6fa0a;50% Rabatt: Erstes offenes Bier in der Sherlock Lounge & Club;Profitiere von 50% Rabatt auf das erste offene Bier in der Sherlock Lounge & Club.
;<p>Ein auserlesenes Angebot an Gin, Rum, edlen Whiskys, Grappas und vielen weiteren Getr&auml;nken stehen zum Genuss bereit.&nbsp;Etwas stolz sind wir auf unser "Hausbier", welches wir neben anderen Hopfens&auml;ften anbieten. Prost! Die Lounge befindet sich im 1. Stock, oberhalb des Sherlock-Clubs. Rechts am Haus f&uuml;hrt eine Treppe zu uns.</p><p>G&auml;stekarte Haslital: 50% Rabatt auf das erste offene Bier in der Sherlock Lounge &amp; Club</p>;8.1906493;46.7254631;Alpbachstrasse 11;3860;Meiringen;info@sherlocklounge.ch;https://www.sherlock-lounge.ch/;[{'@type': 'ImageObject', 'contentUrl': 'https://jrtagpimtsoch.sos-ch-dk-2.exoscale-cdn.com/catalog/f/e/c/2/fec2318d2ea12bd0787a0dfdc452525fe1199e0f_Sherlock_Lounge.jpg'}];2026-07-07T15:59:28+02:00
2262d6df-4b90-45fb-a030-9aeb5cb97199;25% Rabatt: Yogakurse im Gruppenunterricht;Profitiere von 25% Rabatt auf alle Yogakurse im Gruppenunterricht.;<p>In der Natha Yoga Schule von Andrea Neiger steht der Mensch im Mittelpunkt. Mit achtsamen Bewegungen, bewusster Atmung und stiller Pr&auml;senz f&uuml;hrt Andrea ihre Kursteilnehmenden zur&uuml;ck zu mehr K&ouml;rpergef&uuml;hl, innerer Ruhe und Klarheit. Der Unterricht ist ruhig, kraftvoll und tiefgehend &ndash; frei von Leistungsdruck, daf&uuml;r getragen von Respekt und Aufmerksamkeit. Natha Yoga wirkt auf k&ouml;rperlicher, geistiger und energetischer Ebene und ist f&uuml;r Menschen jeden Alters geeignet. Ob im w&ouml;chentlichen Kurs, im Workshop oder w&auml;hrend eines Retreats: Hier entsteht Raum f&uuml;r echte Verbindung &ndash; mit sich selbst und dem Leben.</p><p>G&auml;stekarte Haslital: 25% Rabatt auf alle Yogakurse im Gruppenunterricht.</p>;8.1902268;46.7292808;Kapellen 19;3860;Meiringen;+41 79 753 61 91;info@andreaneiger.ch;https://www.andreaneiger.ch/;[{'@type': 'ImageObject', 'contentUrl': 'https://jrtagpimtsoch.sos-ch-dk-2.exoscale-cdn.com/catalog/5/4/0/b/540ba01e7f249c035b05084b06027a21ab06a507_Yoga_G__stekarteangebot.jpg'}];2026-04-02T10:01:39+02:00
23cb1b6a-69c2-456a-b864-a9465ccce4eb;20% Rabatt: Tablet Miete Explor Games;Profitiere von 20% Rabatt auf die Tablet Miete der Explor Games im Bergshop Mägisalp;<p>Am Tag des Alpabzuges bemerkt der alte &Auml;lpler B&auml;mpeler, dass alle Tiere aus dem Stall sowie die Bewohner verschwunden sind.&nbsp;</p><p>Verschiedene knifflige R&auml;tsel m&uuml;ssen gemeinsam mit B&auml;mpeler gel&ouml;st werden. Erleben Sie w&auml;hrend Ihrer Reise in die virtuelle Welt Spiel, Spass und Spannung.</p><p>G&auml;stekarte Haslital: 20% Rabatt auf die Tablet Miete der Explor Games im Bergshop M&auml;gisalp</p>;8.2363643;46.7498245;Hasliberg;+41 33 550 50 50;info@meiringen-hasliberg.ch;https://meiringen-hasliberg.ch/;[{'@type': 'ImageObject', 'contentUrl': 'https://jrtagpimtsoch.sos-ch-dk-2.exoscale-cdn.com/catalog/6/5/e/3/65e3f8ef1cee34124c2b1e0cbd1c2afe676d93b3_Explor_Games.jpg'}];2026-05-20T11:53:43+02:00
23ee3ac5-5069-471f-9298-458ccb6edbb8;SkiSet Wengen;Grosse Auswahl an Mietmaterial;<p>Skiset in Wengen offeriert dir eine grosse Auswahl an Mietmaterial und ist Teil des SKISET Networks, die Nummer 1 Verbindung in den Bergen. Skiset Wengen befindet sich im Dorfzentrum von Wengen an der Dorfstrasse und gleich gegen&uuml;ber von der Luftseilbahn Wengen-M&auml;nnlichen.</p><p>&nbsp;</p>;7.920819029918031;46.605931850000005;Wengiboden 1352h;3823;Wengen;+41 33 855 38 50;rentals@skiwengen.com;https://www.skiwengen.com;[{'@type': 'ImageObject', 'contentUrl': 'https://jrtagpimtsoch.sos-ch-dk-2.exoscale-cdn.com/catalog/3/0/4/8/3048ccf6a14e429aca4dcb9d430cccbf214d0427_bild2.jpg'}];2026-09-04T15:49:07+02:00
25cb4e8a-e18f-4ee3-9cd7-f9ef59f2a75a;20% Rabatt: Padel Platzmiete;Profitiere von 20% Rabatt auf die Padel Platzmiete sowie kostenloses Mietmaterial;<p>Unsere wundersch&ouml;n gelegene Anlage im Herzen des Haslitals mit drei Hallenpl&auml;tzen und zwei Aussenpl&auml;tzen l&auml;dt zum Tennis- und Badmintonspielen ein. Die famili&auml;re Tennisschule bietet Jung und Alt ein breites Angebot, um das Spiel mit der Filzkugel zu geniessen, zu verbessern oder zu erlernen.</p><p>G&auml;stekarte Haslital: 20% Rabatt auf die Padel Platzmiete sowie kostenloses Mietmaterial</p>;8.1883473;46.7229099;Alpbachstrasse 22;3860;Meiringen;+41 33 971 39 00;https://www.tennismeiringen.ch/;[{'@type': 'ImageObject', 'contentUrl': 'https://jrtagpimtsoch.sos-ch-dk-2.exoscale-cdn.com/catalog/f/9/8/c/f98c584f7c0619b3030ea6c80b209cc6a7c6f128_IMG_20250804_WA0007.jpg'}];2026-07-27T17:01:07+02:00
26db2efa-34b7-4121-a859-c486b9172f7a;40% Rabatt: Haslital Taschenmesser;Profitiere von 40% Rabatt auf das grosse Haslital Taschenmesser. ;<p>Es geh&ouml;rt in jeden Rucksack &ndash; das Schweizer Sackmesser. Das Taschenmesser ist an folgenden Standorten gegen Vorweisen der G&auml;stekarte Haslital erh&auml;ltlich:</p><p>Tourist Center Meiringen: Bahnhofplatz 12, 3860 Meiringen <br>Tourist Center Grimseltor: Grimselstrasse 2, 3862 Innertkirchen <br>Bergshop Twing: Talstation Bergbahnen Meiringen-Hasliberg, 6084 Hasliberg Wasserwendi</p><p>G&auml;stekarte Haslital: 40% Rabatt auf das grosse Haslital Taschenmesser</p>;8.1842692;46.7273758;Bahnhofplatz 12;3860;Meiringen;+41 33 972 50 50;info@haslital.swiss;https://haslital.swiss/de/;[{'@type': 'ImageObject', 'contentUrl': 'https://jrtagpimtsoch.sos-ch-dk-2.exoscale-cdn.com/catalog/f/b/3/1/fb31cde1df3e50653ae39d57ccb22fb27a73bed2_victorinox_taschenmesser_haslital_neu.jpg'}];2026-04-27T11:25:16+02:00
293e22d3-9b25-4104-915f-64191085ccbe;50% Rabatt: Cocktail aus der Happy-Hour-Karte im Hotel Gletscherblick;Profitiere von 50% Rabatt auf einen Cocktail aus der Happy-Hour-Karte im Hotel Gletscherblick. Täglich von 16.00 bis 17.30 Uhr für Erwachsene;<p>Bei uns steht gutes Essen und eine gem&uuml;tliche Atmosph&auml;re im Mittelpunkt. Wir machen vieles selber: Kuchen, Konfit&uuml;ren, Limos und immer wieder neue Rezepte, die wir mit Freude ausprobieren. Unsere K&uuml;che ist klein, ehrlich und mit viel Liebe gemacht.</p><p>Wir legen Wert auf frische Zutaten aus der Region und m&ouml;chten, dass du dich bei uns wie zu Hause f&uuml;hlst. Komm vorbei, geniesse feines Essen, ein gutes Getr&auml;nk und nette Gespr&auml;che in entspannter Atmosph&auml;re.</p><p>G&auml;stekarte Haslital: 50% Rabatt auf einen Cocktail aus der Happy-Hour-Karte im Hotel Gletscherblick</p>;8.19818;46.7435765;Urseni 329b;6085;Hasliberg Goldern;+41 33 972 40 40;info@gletscherblick.ch;https://gletscherblick.ch/;[{'@type': 'ImageObject', 'contentUrl': 'https://jrtagpimtsoch.sos-ch-dk-2.exoscale-cdn.com/catalog/2/c/1/8/2c1839775f95eeaf58de0f47d9a7600da30acb1e_Gletscherblick_WEB.jpg'}];2026-07-02T16:20:35+02:00
294aebca-bf5f-4634-99d1-bb900348663a;Pfingsteggbahn in Grindelwald ;<p>Die Luftseilbahn bringt Sie in weniger als f&uuml;nf Minuten von Grindelwald auf die Alp Pfingstegg</p><p>Die Bergstation kann nur mit der Luftseilbahn oder zu Fuss erreicht werden; mit dem Auto ist die Alp nicht erreichbar. Die Pfingstegg ist Ausgangspunkt mehrerer Wanderungen im UNESCO-Weltnaturerbe und bietet eine wundersch&ouml;ne Aussicht &uuml;ber das Tal von Grindelwald. G&auml;stekarte Grindelwald / Lauterbrunnen 20% Rabatt auf die Hin- und/oder Retourfahrt</p>;[{'@type': 'ImageObject', 'contentUrl': 'https://jrtagpimtsoch.sos-ch-dk-2.exoscale-cdn.com/catalog/8/8/b/1/88b146d1182730108ae507dad10d04c1850e55fb_pfingstegg_grindelwald.jpg'}];2026-09-03T16:38:13+02:00
2d576833-10cd-4091-882b-cfe58855cd10;Fonduerucksack;Den Rucksack abholen und loswandern - das war noch nie einfacher! Inmitten einer atemberaubenden Naturkulisse den Rucksack auspacken, ein feines Schweizer Käsefondue zubereiten und geniessen.
Angebot nur direkt am Schalter im Tourist Center Wengen buchbar.;<p><span style="color: #000000; background-color: #ffffff;">Das Erlebnis startet am Schalter im Tourist Center Wengen:</span></p><p><span style="color: #000000; background-color: #ffffff;">Bis sp&auml;testens 17 Uhr am Vorabend den Rucksack bestellen und bezahlen (nur direkt am Schalter m&ouml;glich). Am n&auml;chsten Morgen ab 9 Uhr den gepackten Rucksack abholen (Deposit CHF 50.00 bar).</span></p><p><span style="color: #0f0f0f; background-color: #ffffff;">Suche dir einen gem&uuml;tlichen Ort im Freien, bereite das Fondue zu (eine Anleitung dazu ist im Rucksack) und geniesse das feine Fondue.</span></p><p><span style="color: #0f0f0f; background-color: #ffffff;">Retourniere anschliessend den Rucksack inklusive dem schmutzigen Geschirr und Abfall bis sp&auml;testens 18 Uhr im Tourist Center, wo du dein Deposit zur&uuml;ck bekommst.</span></p><p><span style="color: #000000; background-color: #ffffff;">Das findest du in deinem Fondue-Rucksack:</span></p><ul><li><span style="color: #000000; background-color: #ffffff;">Regionale Fonduemischung aus dem Dorfladen Wengen</span></li><li><span style="color: #000000; background-color: #ffffff;">Fonduebrot</span></li><li><span style="color: #000000; background-color: #ffffff;">Gew&uuml;rze</span></li><li><span style="color: #000000; background-color: #ffffff;">Gasbrenner mit Aufsatz und Feuerzeug</span></li><li><span style="color: #000000; background-color: #ffffff;">Caquelon und Holzkelle</span></li><li><span style="color: #000000; background-color: #ffffff;">Fonduegeschirr sowie Gabeln</span></li><li>Abfallsack</li><li>Wanderkarte</li></ul><p><span style="color: #000000; background-color: #ffffff;">Bitte beachte, dass im Angebot keine Getr&auml;nke inbegriffen sind. </span></p><p><span style="color: #000000; background-color: #ffffff;">Ein Rucksack ist f&uuml;r zwei bis max. vier Personen.</span></p>;Wengen;[{'@type': 'ImageObject', 'contentUrl': 'https://jrtagpimtsoch.sos-ch-dk-2.exoscale-cdn.com/catalog/c/7/8/2/c78207a8f5a61a7032eac7e5f0a76ac85884cdd6_FondueRucksack_quer.jpg', 'caption': {'de': 'Fondue im Freien', 'en': 'Fondue outdoors', 'fr': 'Fondue en plein air'}}];2026-05-06T14:05:00+02:00
2f59bcac-9a58-40cc-a018-b555a45406c4;Intersport Enzian;Sportartikel und Bekleidung für Sommer und Winter;<p>Das Hauptgesch&auml;ft Intersport "Enzian", inmitten des Dorfzentrums, bietet modische und sportliche Bekleidung an, sei es f&uuml;r Sommer oder Winter. Speziell vermieten wir Bikes und Ausr&uuml;stung f&uuml;r den Klettersteig Via Ferrata.</p>;7.8929321;46.5594576;Chalet Enzian;3825;Mürren;+41 33 855 23 55;info@intersport-muerren.ch;https://intersport-muerren.ch/;[{'@type': 'ImageObject', 'contentUrl': 'https://jrtagpimtsoch.sos-ch-dk-2.exoscale-cdn.com/catalog/4/5/e/0/45e040e3959ff91ce9d76b8b75640cc58a3bb6df_Intersport_Muerren_Chalet_Enzian_Kontakt_Contact_Map.jpg'}];2026-09-04T15:49:09+02:00
30ae7744-3c09-4261-b62b-6dbaf24a565d;10% Rabatt: Glace der Molki Meiringen;Profitiere von 10% Rabatt auf die hauseigene Glace der Molki Meiringen;<p>Die Molki Meiringen steht f&uuml;r echte Handwerkskunst und regionale Qualit&auml;t. Aus frischer Milch entstehen hier feine Spezialit&auml;ten wie K&auml;se, Joghurt, Quark und Glace &ndash; alles mit viel Sorgfalt und Liebe zur Tradition hergestellt. Ob zum Mitnehmen oder direkt zum Geniessen: Die Molki verbindet Regionalit&auml;t, Geschmack und ehrliches Handwerk &ndash; Tag f&uuml;r Tag.</p><p>G&auml;stekarte Haslital: 10% Rabatt auf die hauseigenen Glace der Molki Meiringen.</p>;8.1901754;46.7260596;Lenggasse 1;3860;Meiringen;+41 33 971 14 32;mail@molki.ch;https://molki.ch/;[{'@type': 'ImageObject', 'contentUrl': 'https://jrtagpimtsoch.sos-ch-dk-2.exoscale-cdn.com/catalog/d/a/7/b/da7b565478802e932fa5867b9ac84b9ce96a01e5_Sherlock_Holmes_Glace.JPG'}];2026-04-27T13:45:32+02:00
31b47aaa-393b-4434-9a5b-60aac22148e5;Austellung im Schlossmuseum Spiez;<p>Die Ausstellung im Schlossmuseum stellt die ehemaligen Schlossbewohner in den Mittelpunkt. Geniessen Sie die Schlossr&auml;umlichkeiten und informieren Sie sich &uuml;ber vergangene Zeiten. Zeitachsen kontextualisieren die Schlossgeschichte und Medienstationen laden zu Vertiefung und Detailstudium ein. G&auml;stekarten der Jungfrau Region Rabatt: 20% auf den Eintritt</p>;[{'@type': 'ImageObject', 'contentUrl': 'https://jrtagpimtsoch.sos-ch-dk-2.exoscale-cdn.com/catalog/7/c/4/2/7c42c402dde50a57cd991202edd1c062091c098f_schloss_spiez_teaser.jpg'}];2026-09-03T17:53:29+02:00
35b7206a-0e5e-4fcf-ab3c-17c6055a51a5;50 % Rabatt: Sportzentrum Grindelwald Hallenbad;Profitiere von 50 % Rabatt auf den Eintritt ins Hallenbad.

;<p data-start="367" data-end="436">Unser Hallenbad ist der ideale Ort, um das Element Wasser zu erleben.</p><p data-start="438" data-end="627">Mit einem Nichtschwimmerbecken (10 m) und dem tieferen Schwimmerbecken (17 m), dem 1-Meter-Sprungbrett und der rasanten Rutschbahn mit Lichteffekten kommt die ganze Familie auf ihre Kosten.</p><p data-start="629" data-end="695">F&uuml;r die ganz Kleinen steht ein Kinder-Planschbecken zur Verf&uuml;gung.</p><p data-start="697" data-end="751">G&auml;stekarte Grindelwald:<br data-start="720" data-end="723">50 % Rabatt auf den Eintritt</p>;Dorfstrasse 110;3818 ;Grindelwald;https://www.sportzentrum-grindelwald.ch/;[{'@type': 'ImageObject', 'contentUrl': 'https://jrtagpimtsoch.sos-ch-dk-2.exoscale-cdn.com/catalog/8/1/a/d/81ad5d7bb5ca71f2eca86fab71897d25a84627d4__B190361_by.davidbirri.jpg'}];2026-09-03T17:25:22+02:00
362d05d9-cb7c-4206-8456-d2c8a2099fe3;60% Rabatt: Broschüre Gletscherlehrpfad Steinalp;Profitiere von 60% Rabatt auf die Broschüre zum Gletscherlehrpfad Steinalp;<p><span style="background-color: #ffffff; color: #000000;">Der Gletscherlehrpfad Steinalp f&uuml;hrt uns in pr&auml;historische Sph&auml;ren.</span></p><p><span style="background-color: #ffffff; color: #000000;">Anhand eines kleinen F&uuml;hrers, der im Berghotel Steingletscher erworben werden kann, erf&auml;hrt man auf der rund 2,5-st&uuml;ndigen Wanderung viel Wissenswertes &uuml;ber die Entstehung und den Wandel der Gletscher, &uuml;ber Fauna und Flora im Gebirge.</span></p><p><span style="background-color: #ffffff; color: #000000;">G&auml;stekarte Haslital: </span><span style="background-color: #ffffff; color: #000000;">60% Rabatt auf die Brosch&uuml;re Gletscherlehrpfad Steinalp</span></p>;8.4278907;46.7309924;3863 Steingletscher;+41 33 975 12 22;info@sustenpass.ch;https://sustenpass.ch/;[{'@type': 'ImageObject', 'contentUrl': 'https://jrtagpimtsoch.sos-ch-dk-2.exoscale-cdn.com/catalog/c/f/8/9/cf89f0eda07f1b69788d2bb53e0d7b50f6ed131e_gletscherlehrpfad_steinalp_teaser.jpg'}];2026-05-13T11:55:39+02:00
390b0aac-7238-47ef-bde2-dcf9557a1a7e;Switzerland Travel Mart (STM) - Autumn Edition;<p><strong>Austragungsort:</strong> Noch nicht bekannt<br><strong>Datum:</strong> September / Oktober 2026<br><strong>Art: </strong>Messe<br><strong>Personas: </strong>Alle 6 Personas<br><span data-teams="true"><strong>Preis halber Tisch (1 Person, exkl. MwSt.):&nbsp;</strong>CHF 1'650 pro Track (&Auml;nderungen vorbehalten)</span><br><span data-teams="true"><strong>Preis ganzer Tisch (2 Personen, exkl. MwSt.):&nbsp;</strong>CHF 3'300 pro Track (&Auml;nderungen vorbehalten)</span><br><br>Der Switzerland Travel Mart - Autumn Edition ist eine kleinere Versions des STM und ist in drei marktspezifische Tracks unterteilt, die ausschliesslich von Reiseveranstalter aus den entsprechenden M&auml;rkten besucht werden. An der Herbstausgabe werden die M&auml;rkte Indien, Greater China und S&uuml;dostasien/Korea/Japan vor Ort vertreten sein. Pro Track werden ca. 30-35 ausgew&auml;hlte Buyers aus den einzelnen Quellm&auml;rkten eingeladen, die sich mit dem Angebot der Schweiz vertraut machen. Zudem nehmen rund 55 Schweizer Anbieter teil, um ihre touristischen Angebote zu pr&auml;sentieren.<br><br>Partner haben die M&ouml;glichkeit, sich entweder f&uuml;r einen, zwei oder direkt alle drei Tracks anzumelden: Alle drei Tracks finden nacheinander &uuml;ber 5 Tage in einer Schweizer Destination (TBD) statt. Ein einzelner Track dauer ca. 1.5 Tage. Siehe auch <a href="https://jungfrauregion.swiss/files/websites/mzm.jungfrauregion.swiss/Dokumente/STM_Spring_2024.pdf" target="_blank" rel="noopener">Beispielablauf</a>. F&uuml;r die Herbstausgabe k&ouml;nnen sich Partner f&uuml;r die folgenden Tracks anmelden:<br><br>Track 1: Indien<br>Track 2: Greater China<br>Track 3: S&uuml;dostasien/Korea/Japan<br><br>Bitte teilt uns bei der Anmeldung im Feld &laquo;Bermerkungen&raquo; mit, f&uuml;r welche Tracks ihr euch anmelden m&ouml;chtet.<br><br>Weitere Eventdetails werden von ST zu gegebener Zeit auf der folgenden Website aufgeschaltet: <a href="https://www.stnet.ch/de/top-events/switzerland-travel-mart/" target="_blank" rel="noopener">https://www.stnet.ch/de/top-events/switzerland-travel-mart/&nbsp;</a></p>;[{'@type': 'ImageObject', 'contentUrl': 'https://jrtagpimtsoch.sos-ch-dk-2.exoscale-cdn.com/catalog/8/8/3/9/883974fdda2d0ad05fee8d2a724c08638e0660e4_st_logo.jpg'}];2025-09-10T11:31:56+02:00
3ca81c09-51af-4cda-8d5c-fa8329277920;20% Rabatt: Trauffer Erlebniswelt;Hereinspaziert, in die einzigartige Trauffer Erlebniswelt;<p>Im Erlebnis-Rundgang Kuhniversum tauchst du ein in die Welt der Holzkuh &amp; Co. &ndash; von ihrer Geschichte &uuml;ber gelebte Tradition bis hin zur nachhaltigen Herstellung. Danach laden Rosa&rsquo;s Bistro mit feinen, hausgemachten Snacks und der Trauffer Shop mit einer riesigen Auswahl an Produkten zum Verweilen und St&ouml;bern ein. Ob Hochzeit feiern, ein Seminar abhalten oder an einem Schnitzkurs teilnehmen &ndash; im vielseitigen Eventraum ist fast alles m&ouml;glich. Und wer seinem Gaumen etwas Gutes tun m&ouml;chte, l&auml;sst sich im &agrave; la carte Restaurant Alfred&rsquo;s kulinarisch verw&ouml;hnen.</p><p>G&auml;stekarten der Jungfrau Region: 20% Rabatt auf den Eintritt Erlebnis-Rundgang</p>;8.078244;46.7540925;Holzkuhplatz 1;3858;Hofstetten bei Brienz;+41 33 952 15 00;hallo@trauffer.ch;https://www.trauffer.ch/;[{'@type': 'ImageObject', 'contentUrl': 'https://jrtagpimtsoch.sos-ch-dk-2.exoscale-cdn.com/catalog/d/f/c/9/dfc9f2a5157be3d0b0e78b687b9c934010820330_trauffer_kuhniversum_05.jpg'}];2026-07-07T15:59:29+02:00
3d1b49b7-47df-41aa-afe4-c11fa3b0ad92;Wildtierbeobachtung Arni;Einen Vormittag lang Wildtiere beobachten in der stillen Bergwelt des Haslitals ;<p>Die Wildtierbeobachtung Arni f&uuml;hrt Sie in eine der stillen Ecken des Haslitals, fernab von Wegen und Trubel. Hier bestimmen nicht Wanderschilder die Richtung, sondern die Spuren der Tiere.</p><p>Die Wildtierbeobachtung Arni findet von Juli bis November jeden Dienstagvormittag oder auf Anfrage statt.</p><p><strong>Treffpunkte je nach Jahreszeit:</strong></p><ul><li>Juli / August: 06.15 Uhr Bergstation Hasliberg Reuti</li><li>September/Oktober: 07.15 Uhr Bergstation Hasliberg Reuti</li><li>November: 08.15 Uhr Bergstation Hasliberg Reuti</li></ul>;[{'@type': 'ImageObject', 'contentUrl': 'https://jrtagpimtsoch.sos-ch-dk-2.exoscale-cdn.com/catalog/c/0/e/a/c0ea9cb19cd9e34a83f399398e6af999bed9a39b_2508_11_282_by.davidbirri.jpg'}];2026-07-17T11:12:56+02:00
3dc34585-9237-40ad-8603-f57bd63837ed;Switzerland Travel Mart (STM) - Spring Edition;<p><strong>Austragungsort:</strong> Noch nicht bekannt<br><strong>Datum: </strong>Mai / Juni 2027<br><strong>Art:</strong> Messe<br><strong>Personas:</strong> Alle 6 Personas<br><span data-teams="true"><strong>Preis halber Tisch (1 Person, exkl. MwSt.):&nbsp;</strong>CHF 1'650 pro Track (&Auml;nderungen vorbehalten)</span><br><span data-teams="true"><strong>Preis ganzer Tisch (2 Personen, exkl. MwSt.):&nbsp;</strong>CHF 3'300 pro Track (&Auml;nderungen vorbehalten)</span></p><div class="ewa-rteLine">Der Switzerland Travel Mart - Spring Edition ist eine kleinere Version des STM und ist in zwei marktspezifische Tracks unterteilt, die ausschliesslich von Reiseveranstalter aus den entsprechenden M&auml;rkten besucht werden. An der Fr&uuml;hlingsausgabe werden die M&auml;rkte Brasilien und Europa (Deutschland/&Ouml;sterreich (ca. 11 Buyers), Frankreich, Spanien/Portugal, Tschechien, Polen (je ca. 6-7 Buyer)) vor Ort vertreten sein. Pro Track werden insgesamt also 30&ndash;35 ausgew&auml;hlte Buyers eingeladen, die sich mit dem Angebot der Schweiz vertraut machen. Zudem nehmen rund 55 Schweizer Anbieter teil, um ihre touristischen Angebote zu pr&auml;sentieren.</div><div class="ewa-rteLine">&nbsp;</div><div class="ewa-rteLine">Partner haben die M&ouml;glichkeit, sich entweder f&uuml;r einen, zwei oder direkt alle drei Tracks anzumelden. Alle drei Tracks finden nacheinander &uuml;ber 5 Tage in einer Schweizer Destination (TBD) statt. Ein einzelner Track dauert ca. 1.5 Tage. Siehe auch <a href="https://jungfrauregion.swiss/files/websites/mzm.jungfrauregion.swiss/Dokumente/STM_Spring_2024.pdf" target="_blank" rel="noopener">Beispielablauf</a>. F&uuml;r die Fr&uuml;hlingsausgabe k&ouml;nnen sich Partner f&uuml;r die folgenden Tracks anmelden:</div><div class="ewa-rteLine">&nbsp;</div><div class="ewa-rteLine">Track 1: Brasilien</div><div class="ewa-rteLine">Track 2: Europa (Deutschland/&Ouml;sterreich (ca. 11 Buyers), Frankreich, Spanien/Portugal, Tschechien, Polen (je ca. 6-7 Buyer)</div><div class="ewa-rteLine">&nbsp;</div><div class="ewa-rteLine">Bitte teilt uns bei der Anmeldung im Feld &laquo;Bemerkungen&raquo; mit, f&uuml;r welche Tracks ihr euch anmelden m&ouml;chtet.</div><div class="ewa-rteLine">&nbsp;</div><div class="ewa-rteLine">Weitere Eventdetails werden von ST zu gegebener Zeit auf der folgenden Webseite aufgeschalten: <a href="https://www.stnet.ch/de/top-events/switzerland-travel-mart/" target="_blank" rel="noopener">https://www.stnet.ch/de/top-events/switzerland-travel-mart/</a></div>;[{'@type': 'ImageObject', 'contentUrl': 'https://jrtagpimtsoch.sos-ch-dk-2.exoscale-cdn.com/catalog/6/2/9/7/6297c1b49705de73757261ba835109ff334bdf9b_st_logo.jpg'}];2025-09-10T11:30:34+02:00
3e00aa25-9163-42d6-8f4f-c00833959674;10% Rabatt: Helikopterrundflüge ab Basis Schattenhalb;Profitiere von 10% Rabatt auf alle Helikopterrundflüge ab der Basis Schattenhalb ;<p>G&auml;stekarte Haslital:&nbsp;<span style="font-size: 12.0pt; font-family: 'Arial',sans-serif; mso-fareast-font-family: Aptos; mso-fareast-theme-font: minor-latin; mso-ligatures: standardcontextual; mso-ansi-language: DE-CH; mso-fareast-language: EN-US; mso-bidi-language: AR-SA;">10% Rabatt auf alle Helikopterrundfl&uuml;ge ab der Basis Schattenhalb&nbsp;</span></p>;8.2014127248362;46.710950132810204;Geissholz 198a;3860;Schattenhalb;+41 33 828 90 00;berneroberland@swisshelicopter.ch;https://swisshelicopter.ch/de/;[{'@type': 'ImageObject', 'contentUrl': 'https://jrtagpimtsoch.sos-ch-dk-2.exoscale-cdn.com/catalog/e/2/f/3/e2f3f20b5f9f81772e2052af2665633ad350ddbd_Helikopterflug_Gletscher_ab_Schattenhalb.jpg'}];2026-07-07T15:59:29+02:00
47c51714-c183-43ed-8e84-7a4d953afe89;Schwimmbad Lauterbrunnen;[{'@type': 'ImageObject', 'contentUrl': 'https://jrtagpimtsoch.sos-ch-dk-2.exoscale-cdn.com/catalog/3/9/b/6/39b677d611cba8b71cec9241d58475dfd1e36422_schwimmbad_lauterbrunnen.jpg'}];2026-09-03T17:38:59+02:00
48885054-455b-4b32-a9ae-acb717dd5f18;Glatthard Sport & Mode GmbH;Wir leben den Sport;<p>Unsere Fachgesch&auml;fte f&uuml;r alle Produkte im In- und Outdoor-Bereich &ndash; besuche uns in Meiringen, Hasliberg Reuti, im Twing (Hasliberg Wasserwendi) oder in der Bidmi. Miete bequem und einfach deine komplette Ausr&uuml;stung bei uns &ndash; inklusive unserem Service f&uuml;r alle Probleme, die entstehen k&ouml;nnen. Wir bieten dir alles aus einer Hand.</p>;8.185554742813112;46.728135486587234;Bahnhofstrasse 3;3860;Meiringen;+41 33 972 52 72;info@glatthard-sport.ch;https://www.glatthard-sport.ch/;[{'@type': 'ImageObject', 'contentUrl': 'https://jrtagpimtsoch.sos-ch-dk-2.exoscale-cdn.com/catalog/9/c/c/d/9ccd402cb49f4c28b2f22e5f0b290c9d37a9c2f7_Glatthard_Hasliberg_WEB.jpg'}];2026-09-04T15:49:11+02:00
4a1db6c3-6b50-4107-a959-6b1b0f85e356;50% Rabatt: Hallenbad Meiringen;Profitiere von 50% Rabatt auf den Eintritt ins Hallenbad.;<p>Im Hallenbad Meiringen k&ouml;nnen sich G&auml;ste am R&uuml;ckenschwimmen, Crawl und Brustschwimmen erfreuen. Eine klassische finnische Sauna rundet den Badespass ab.</p><ul><li>Schwimmerbecken</li><li>Grosses Nichtschwimmerbecken</li><li>Geheizte Liege- und Sitzstufen bei einer Wassertemperatur von 28 Grad</li><li>Angenehme Lufttemperatur</li></ul><p>G&auml;stekarte Haslital: 50% Rabatt auf den Eintritt ins Hallenbad Meiringen.</p>;8.1871013;46.7290249;Pfrundmattenstrasse 2;3860;Meiringen;+41 33 971 16 68;hallenbad@meiringen.ch;[{'@type': 'ImageObject', 'contentUrl': 'https://jrtagpimtsoch.sos-ch-dk-2.exoscale-cdn.com/catalog/3/c/7/8/3c7818183b9d683a375a93062e02d1d8f0f27540_Hallenbad_Meiringen__4_.jpg'}];2026-07-07T15:59:29+02:00
4eb0adbf-4e1f-43d3-9de0-b9a13c6f40d5;50% Rabatt: Schwimmbad Meiringen;Profitiere von 50% Rabatt auf den Eintritt ins Schwimmbad Meiringen;<p>Tauchen Sie ein in erfrischende Momente im Schwimmbad Meiringen und geniessen Sie unbeschwerten Badespass inmitten der beeindruckenden Bergwelt des Haslitals. Ob sportlich aktiv oder entspannt auf der Liegewiese, hier kommt Urlaubsgef&uuml;hl auf.</p><p>G&auml;stekarte Haslital: 50% Rabatt auf den Eintritt</p><p><span data-teams="true">&nbsp;</span></p>;8.1904283;46.7225461;Alpbachstrasse 21;3860;Meiringen;+41 33 972 60 05;https://freizeitanlagen-meiringen.ch;[{'@type': 'ImageObject', 'contentUrl': 'https://jrtagpimtsoch.sos-ch-dk-2.exoscale-cdn.com/catalog/9/6/b/5/96b5e1fec35dd90c9b9c39fc827042244f47ae9d_Freibad_G__stekarte.jpg'}];2026-05-28T09:34:10+02:00
50276bb5-56e5-4de2-bd43-50210eeaa9f2;Schloss Hünegg;<p style="margin: 0in; font-family: Calibri; font-size: 11.0pt; color: black;"><span style="background: white;">Das Schloss H&uuml;negg ist kein gew&ouml;hnliches Museum. Seine Ausstattung ist seit 1900 unver&auml;ndert.</span></p><p style="margin: 0in; font-family: Calibri; font-size: 11.0pt; color: black;"><span style="background: white;">Als w&auml;re die Zeit stehengeblieben. Der herrschaftliche Sitz liegt in einem zauberhaften Park mit altem Baumbestand.</span></p><p style="margin: 0in; font-family: Calibri; font-size: 11.0pt; color: black;"><span style="background: white;">G&auml;stekarten der Jungfrau Region:</span></p><p style="margin: 0in; font-family: Calibri; font-size: 11.0pt; color: black;"><span style="font-weight: bold; background: white;">20 % Rabatt auf den Eintritt f&uuml;r Erwachsene</span></p>;[{'@type': 'ImageObject', 'contentUrl': 'https://jrtagpimtsoch.sos-ch-dk-2.exoscale-cdn.com/catalog/5/6/5/f/565fb3f880da8d5c2ac3a7312fe0834cccc92fba_schloss_huenegg_teaser.jpg'}];2026-09-03T17:58:44+02:00
554ae84b-7a55-4a4e-9520-9771b6237497;Skydive Flugzeug;<p>Gibt es einen besseren Ort auf der Welt f&uuml;r einen Fallschirmsprung als in den Schweizer Alpen? Wir glauben nicht! Du fliegst bis auf 4'000 Meter H&ouml;he, geniesst eine atemberaubende Aussicht und springst dann mit einem erfahrenen Tandempiloten aus dem Flugzeug. Ein Erlebnis, dass du niemals vergisst, versprochen!</p>;[{'@type': 'ImageObject', 'contentUrl': 'https://jrtagpimtsoch.sos-ch-dk-2.exoscale-cdn.com/catalog/d/d/2/a/dd2a92620418499bc72cf6851229cd873fb6056a_outdoor_outdoor_skydiving_switzerland_6_web.jpg'}];2025-10-08T13:45:54+02:00
571a03d5-60b8-4866-b6ed-0abed969c495;50% Rabatt: Kunsteisbahn Wengen;Profitiere von 50% Rabatt auf den Eintritt für Erwachsene.;<p data-start="376" data-end="513">Die Openair-Eisbahn mitten im Dorfzentrum liegt gleich neben dem Tourist Center. Wengen ist bekannt f&uuml;r das bestens pr&auml;parierte Kunsteis.</p><p data-start="515" data-end="571">Die Kunsteisbahn ist t&auml;glich von 10 bis 18 Uhr ge&ouml;ffnet.</p><p data-start="573" data-end="698">G&auml;stekarten der Jungfrau Region:<br data-start="605" data-end="608">50% Rabatt auf den Eintritt f&uuml;r Erwachsene<br data-start="651" data-end="654">Kinder unter 16 Jahren haben freien Eintritt</p>;7.9218831;46.6059913;Wengiboden 1349b;3823 ;Wengen;+41 33 856 85 85;info@wengen.swiss;https://wengen.swiss/de/;[{'@type': 'ImageObject', 'contentUrl': 'https://jrtagpimtsoch.sos-ch-dk-2.exoscale-cdn.com/catalog/4/6/5/3/4653821a0b7b9e9b2db5da5b714cea94f87dbc7f_eisbahn_wengen__1_.jpg'}];2026-09-03T17:29:23+02:00
58511125-6d23-499a-a7c8-405641d549d6;Freibad Hellbach - Schwimmen am Fusse der Eiger-Nordwand;[{'@type': 'ImageObject', 'contentUrl': 'https://jrtagpimtsoch.sos-ch-dk-2.exoscale-cdn.com/catalog/8/3/6/4/8364d44334f7499b7299198536fcb85ce4a9d0c9_Freibad_Grindelwald.jpg'}];2026-09-03T16:38:59+02:00
59d94147-896b-449f-8199-f86b87fff93d;Sportzentrum Grindelwald Eishalle;<p><span style="background-color: rgb(255, 255, 255); color: rgb(0, 0, 0);">Wo die Eiskunstlauf- und Eishockeycracks sonst ihr Können unter Beweis stellen, können auch Sie Ihre Kurven ziehen.</span></p><p><span style="background-color: rgb(255, 255, 255); color: rgb(0, 0, 0);">Das öffentliche Eislaufen und Eishockey bietet viel Spass für die ganze Familie.</span></p><p><span style="background-color: rgb(255, 255, 255); color: rgb(0, 0, 0);">Schlittschuhe, Eishockeystock und Puck können vor Ort gemietet werden.</span></p><p><span style="background-color: rgb(255, 255, 255); color: rgb(0, 0, 0);">Gästekarte Grindelwald:</span></p><p><strong style="background-color: rgb(255, 255, 255); color: rgb(0, 0, 0);">50 % Rabatt auf den Eintritt</strong></p>;[{'@type': 'ImageObject', 'contentUrl': 'https://jrtagpimtsoch.sos-ch-dk-2.exoscale-cdn.com/catalog/7/7/5/8/77582b031cd9bff627e8b9a576d366d5a7425f55__B197273_by.davidbirri.jpg'}];2026-09-03T16:43:30+02:00
5b7d5d96-eb80-45f2-b31b-c2a7fbbc19f7;OUTDOOR - Gletscherschlucht 300 Meter hohe Felswände ;Ein Imposantes Kunstwerk der Natur!;Die 300 Meter hohen Felswände der Gletscherschlucht zeugen von der unglaublichen Kraft des unteren Grindelwaldgletschers.

Leider existiert dieser Gletscher nicht mehr. Doch die Gletscherschlucht erinnert daran und ist nicht minder spektakulär. Sie bietet mit dem Steg tief hinein einen einmaligen, echten Blick in die Vergangenheit. 

Gästekarte Wengen, Grindelwald, Mürren und Lauterbrunnen. 
Rabatt: Erwachsene CHF 2.00;[{'@type': 'ImageObject', 'contentUrl': 'https://jrtagpimtsoch.sos-ch-dk-2.exoscale-cdn.com/catalog/f/f/b/d/ffbd1b59cfc48ae069f58d7a974db66b0dbe8e4a_gletscherschlucht.jpg'}];2026-09-04T15:49:14+02:00
5d474ce9-746e-4eba-8ce5-a5eca88f0846;Scenic Jetboat Ride;Jetboat auf dem Brienzersee;<p>Die rasante Bootsfahrt geht von unserem Jet-Port zu den imposanten Giessbachf&auml;llen, welche &uuml;ber 14 Kaskaden 500 Meter in den See st&uuml;rzen. Unsere Kapit&auml;ne kennen den See wie aus der Westentasche und nehmen sich viel Zeit dir Informationen zur Umgebung und der Region zu vermitteln.</p><p>Wir nehmen Dich mit auf eine unvergessliche Bootstour gespickt mit eindr&uuml;cklicher Landschaft, einzigartigem Fahrgef&uuml;hl, ein bisschen Adrenalin, vollen 360&deg; Umdrehungen und einer guten Portion Seemannsgarn! Dieses Outdoor Erlebnis in Interlaken wirst du so schnell nicht vergessen.</p>;7.8978288195127995;46.689379110489575;Am Quai;3806 ;Bönigen;[{'@type': 'ImageObject', 'contentUrl': 'https://jrtagpimtsoch.sos-ch-dk-2.exoscale-cdn.com/catalog/b/0/2/e/b02e8c4fc9df60df6082c0d5572bd5cf42c19310_outdoor_jetboat_interlaken_5_web.jpg', 'caption': {'de': 'Jetboat mit Menschen'}}];2025-09-05T11:48:40+02:00
60afcee4-f460-4fc5-87aa-e5895f090f54;33% Rabatt: Reichenbachfall-Bahn ;Profitiere von 33% Rabatt auf die Retourfahrt für Erwachsene mit der Reichenbachfall-Bahn;<p>Die nostalgische Reichenbachfall-Bahn bringt Sie in wenigen Minuten zum Fuss des imposanten, 110 Meter hohen Reichenbachfalls, wo der ber&uuml;hmte Detektiv Sherlock Holmes seinen Erzfeind Professor Moriarty zum Kampf forderte.&nbsp;</p><p>G&auml;stekarte Haslital 33% Rabatt auf die Retourfahrt f&uuml;r Erwachsene</p>;8.187721967697145;46.71944594711042;3860;Schattenhalb;+41 33 982 26 26;welcome@grimselwelt.ch;https://www.grimselwelt.ch/;[{'@type': 'ImageObject', 'contentUrl': 'https://jrtagpimtsoch.sos-ch-dk-2.exoscale-cdn.com/catalog/a/6/d/2/a6d219c20e0e4a9d9f8f2f81a82e3634329f2f09_Reichenbachfall_Bahn.jpg'}];2026-07-07T15:59:30+02:00
64e4a3f6-aff4-45fe-ae1b-13679eae18d3;Kostenlos: Vollmondwanderung;Profitiere von kostenloser Teilnahme an der Winterwanderung bei Vollmond.;<p data-start="342" data-end="475">Bei Einbruch der Dunkelheit f&uuml;hrt dich unser Guide zu einem Aussichtspunkt, wo du den Vollmond sowie einen Gl&uuml;hwein geniessen kannst.</p><p data-start="477" data-end="670">&bull; Datum: ausgew&auml;hlte Daten<br data-start="520" data-end="523">&bull; Dauer: ca. zwei Stunden<br data-start="548" data-end="551">&bull; Anmeldung: bis am Vortag, 17 Uhr, bei der Tourist Information M&uuml;rren oder online<br data-start="633" data-end="636">&bull; Treffpunkt: Alpines Sportzentrum M&uuml;rren</p><p data-start="672" data-end="736">G&auml;stekarte M&uuml;rren:<br data-start="690" data-end="693">Kostenlose Teilnahme an der Winterwanderung</p>;7.8953243;46.562483;Höhematte ;3825;Mürren;+41 33 856 86 86;info@sportzentrum-muerren.ch;https://www.sportzentrum-muerren.ch;[{'@type': 'ImageObject', 'contentUrl': 'https://jrtagpimtsoch.sos-ch-dk-2.exoscale-cdn.com/catalog/3/a/b/b/3abb8246d743df97c0b2894f2133fd7825b4796d_Dorf_M__rren_EMJ.jpg'}];2026-09-03T17:33:20+02:00
68d28a7f-ca19-425a-90cf-597c5e159716;﻿Aussen-Tennisplätze Sportchalet Mürren – Sand in den Bergen;<p><span style="background-color: rgb(255, 255, 255); color: rgb(0, 0, 0);">Die Tenniscourts, die sich kurz vor dem Abgrund befinden.</span></p><p><span style="background-color: rgb(255, 255, 255); color: rgb(0, 0, 0);">Das Sportchalet Mürren bietet vier Sandtennisplätze mit der wohl spektakulärsten Aussicht in das Lauterbrunnnental.</span></p><p><span style="background-color: rgb(255, 255, 255); color: rgb(0, 0, 0);">Im Sommer werden regelmässig Tenniswochen mit einem professionellen Tennislehrer durchgeführt. Gäste können die Courts aber auch individuell buchen. Vor Ort stehen das nötige Mietmaterial, Garderoben und Toiletten zur Verfügung.</span></p><p><span style="background-color: rgb(255, 255, 255); color: rgb(0, 0, 0);">Gästekarte Mürren:</span></p><p><strong style="background-color: rgb(255, 255, 255); color: rgb(0, 0, 0);">10 % Rabatt auf die Tennisplatzmiete</strong></p>;[{'@type': 'ImageObject', 'contentUrl': 'https://jrtagpimtsoch.sos-ch-dk-2.exoscale-cdn.com/catalog/d/d/7/0/dd70afa45f51cc6ef06f5db8e48ae2eb204a5a92_tennis_sportchalet_muerren_.jpg'}];2026-09-03T17:39:39+02:00
69b3c932-cba6-498d-9b1b-489fd6e4dfcb;Spezialpreis: Fitnessraum Alpines Sportzentrum Mürren ;Profitiere von einem Spezialpreis für den Eintritt in den Fitnessraum vom alpinen Sportzentrum Mürren.;<p data-start="422" data-end="502">Sie m&ouml;chten Ihre Leistungsf&auml;higkeit steigern oder an Ihrer Muskelkraft arbeiten?</p><p data-start="504" data-end="593">In unserem Fitnessraum bieten wir Ihnen moderne Ger&auml;te f&uuml;r schweiss&shy;treibende Stunden an.</p><p data-start="595" data-end="632">Der Zutritt ist ab 16 Jahren erlaubt.</p><p data-start="634" data-end="715">Erwachsene: M&uuml;rren Goldcard CHF 18.00 / G&auml;stekarten der Jungfrau Region CHF 18.00</p>;7.8953243;46.562483;Höhematte 1074b;3825 ;Mürren; +41 33 856 86 86;info@sportzentrum-muerren.ch;https://www.sportzentrum-muerren.ch/;[{'@type': 'ImageObject', 'contentUrl': 'https://jrtagpimtsoch.sos-ch-dk-2.exoscale-cdn.com/catalog/9/2/6/2/926240928d1a06cd4fe82a8d8c3298889f8681c7_Fitness_1.png'}];2026-09-03T17:30:17+02:00
69d4d321-68ae-42e7-bd6b-c7b509c8e75c;20% Rabatt: Tageseintritt Fitness Wellness Center;Profitiere von 20% Rabatt auf den Tageseintritt ins Fitness Wellness Center in Meiringen;<p><span style="background-color: #ffffff; color: #000000;">Ob Einsteiger*in oder Spitzensportler*in: Die vielseitigen Trainingsm&ouml;glichkeiten und die kompetente Betreuung erm&ouml;glichen ein individuelles Training.</span></p><p><span style="background-color: #ffffff; color: #000000;">Der stilvoll gestaltete Wellnessbereich l&auml;sst mit der Sauna, dem Sanarium, dem Dampfbad, zwei Erlebnisduschen und den Kneippbecken keine W&uuml;nsche offen.</span></p><p><span style="background-color: #ffffff; color: #000000;">Das Angebot wird mit dem stimmungsvollen Ruheraum und dem originellen Aussenbereich abgerundet.</span></p><p><span style="background-color: #ffffff; color: #000000;">G&auml;stekarte Haslital: </span><span style="background-color: #ffffff; color: #000000;">20% Rabatt auf den Eintritt</span></p>;8.1889206;46.7274374;Schulhausgasse 1;3860;Meiringen;+41 33 971 22 00;info@fitnesswellness.ch;https://www.fitnesswellness.ch/;[{'@type': 'ImageObject', 'contentUrl': 'https://jrtagpimtsoch.sos-ch-dk-2.exoscale-cdn.com/catalog/a/a/b/a/aaba557daf91e8937e6f82008650ee19be34ba3b_fitness_wellness_center_meiringen.jpg'}];2026-03-25T16:20:57+01:00
69d69b46-4b6b-4ae6-a63d-352d787eb740;Skiservice Hasliberg;Der Ski- und Snowboardservice direkt an der Piste;Mach eine Pause an der Kuhstallbar und lass dein Material nebenan in Topform bringen.;8.2052569;46.7379056;6086;Hasliberg;+41 79 648 47 07; info@skiservicehasliberg.com;https://www.skiservicehasliberg.com/;[{'@type': 'ImageObject', 'contentUrl': 'https://jrtagpimtsoch.sos-ch-dk-2.exoscale-cdn.com/catalog/a/b/5/9/ab594b49403efb22eb08d8e3184a56589958f44d_csm_Skiservice_M__gisalp_57653461e0.jpg'}];2026-09-04T15:49:14+02:00
6aee7b4c-c4ef-4f78-ba18-0252b46aecc9;Biwak-Abenteuer im Haslital;Zwei Tage offline – Natur geniessen im Haslital;<p>Eine Nacht unter dem Sternenhimmel des Haslitals ist ein Erlebnis, das bleibt. Unser gef&uuml;hrtes Biwak-Abenteuer f&uuml;hrt Sie am Nachmittag auf einer Wanderung zu einem geheimen Ort mitten in der Bergwelt.</p><p>Am Abend versammelt sich die Gruppe ums Lagerfeuer, um gemeinsam zu grillen. Die Nacht verbringen Sie draussen unter freiem Himmel. Morgens gibt es Kaffee und Fr&uuml;hst&uuml;ck bevor es auf dem R&uuml;ckweg wieder ins Tal geht.</p>;[{'@type': 'ImageObject', 'contentUrl': 'https://jrtagpimtsoch.sos-ch-dk-2.exoscale-cdn.com/catalog/5/2/1/5/5215e0db0b9c49d13786a4c30b6142bc4689cf46_Hochmoor_Haslital.jpg'}];2026-07-17T11:13:45+02:00
72adb088-0890-4a8f-aa89-4f253599ff2e;Kostenlos: Ortsbus Grindelwald;Profitiere von kostenloser Nutzung des Ortsbusses in Grindelwald.;<p data-start="349" data-end="495">Unsere Angebote umfassen diverse Aktivit&auml;ten, Erlebnisse, Ausfl&uuml;ge, touristische Dienstleistungen und Reiseangebote ab Grindelwald und Interlaken.</p><p data-start="497" data-end="678">Im Sommer betreiben wir einerseits den Ortsbus in Grindelwald und andererseits die touristischen Buslinien zu den Wander- und Ausflugszielen Bussalp, Waldspitz und Grosse Scheidegg.</p><p data-start="680" data-end="764">Die Grosse-Scheidegg-Rundfahrt ist ein einmaliges Erlebnis mit Bahn, Bus und Schiff.</p><p data-start="766" data-end="892">G&auml;stekarte Grindelwald:<br data-start="789" data-end="792">Kostenloser Ortsbus auf den Linien 121, 122 und 123<br data-start="843" data-end="846">(nicht g&uuml;ltig auf den Linien 126, 127 und 128)</p>;[{'@type': 'ImageObject', 'contentUrl': 'https://jrtagpimtsoch.sos-ch-dk-2.exoscale-cdn.com/catalog/3/0/9/b/309b055da1c76d411ab64f372e3a3d360db2469a_Grindelwald_Dorf.jpg'}];2026-09-03T17:23:30+02:00
749089a2-fb1b-4d5e-ae1d-695d5de828a7;20% Rabatt: Eintritt Aareschlucht;Profitiere von 20% Rabatt auf den Einzeleintritt in die Aareschlucht. Nicht kumulierbar mit anderen Vergünstigungen;<p>Erlebe die rohe Kraft der Natur: T&uuml;rkisblaues Wasser, steil aufragende Felsw&auml;nde und ein Weg, der dich mitten hindurchf&uuml;hrt. Die Aareschlucht ist ein Naturerlebnis, das sofort fesselt und lange nachhallt.</p><p>G&auml;stekarten der Jungfrau Region: 20% Rabatt auf den Einzeleintritt&nbsp;</p>;8.2048521;46.7201799;Aareschluchtstrasse 3;3860;Meiringen;+41 33 971 40 48;info@aareschlucht.ch;https://aareschlucht.ch;[{'@type': 'ImageObject', 'contentUrl': 'https://jrtagpimtsoch.sos-ch-dk-2.exoscale-cdn.com/catalog/c/e/c/e/cece46827276929f6eaf380073a24a659601fb18__1_aareschlucht_key_visual_2019_haslital_by.davidbirri.jpg'}];2026-04-08T08:30:18+02:00
75964f36-79c7-414d-b066-e30abcbbde25;50% Rabatt: Hospizbahn, Grimsel Hospiz;Profitiere von 50% Rabatt auf die Fahrt für Erwachsene mit der Hospizbahn;<p>Die Hospizbahn bringt Wandernde in wenigen Minuten vom Grimsel Hospiz an den Fuss der Grimselstaumauer, hinunter ins Sommerloch zu den Wanderwegen Richtung R&auml;terichsboden- und Grimselsee.</p><p>G&auml;stekarte Haslital: 50% Rabatt auf die Fahrt f&uuml;r Erwachsene</p>;8.3330922;46.5734043;3864;Guttannen;+41 33 982 26 26;welcome@grimselwelt.ch;https://www.grimselwelt.ch/;[{'@type': 'ImageObject', 'contentUrl': 'https://jrtagpimtsoch.sos-ch-dk-2.exoscale-cdn.com/catalog/4/e/c/4/4ec4ca1ace8616291ea7edd117ce1d776a822dea_Hospizbahn.jpg'}];2026-07-07T15:59:30+02:00
75c09c32-b7f7-4900-90b6-60bbcff97d46;50% Rabatt: Cocktail aus der Happy-Hour-Karte im Badesee-Bistro;Profitiere von 50% Rabatt auf einen Cocktail aus der Happy-Hour-Karte im Badesee-Bistro. Täglich von 16.00 bis 17.30 Uhr für Erwachsene (Bistro nur bei schönem Wetter offen);<div><p class="x_MsoNormal" data-olk-copy-source="MessageBody">Mit Sandstrand und herrlichem Blick aufs Bergpanorama ist der Badesee Hasliberg der perfekte Sommertreffpunkt f&uuml;r G&auml;ste und Einheimische. Vor dieser eindrucksvollen Kulisse f&auml;llt der Sprung ins k&uuml;hle Nass besonders leicht.</p></div><div><p class="x_MsoNormal">Der Badesee befindet sich direkt neben der Talstation der Gondelbahn Twing&ndash;K&auml;serstatt und bietet alles f&uuml;r einen entspannten Sommertag: Ein Kinderbereich mit flachem Wasser und Sandstrand, Liegewiesen, Strandspiele, eine kleine Bibliothek, Umkleidekabinen sowie ein Bistro mit sommerlichen Snacks.</p></div><div><p class="x_MsoNormal">Direkt beim Badesee gibt es keine Parkpl&auml;tze. Vom Parkplatz der Bergbahnen f&uuml;hrt jedoch ein ausgeschilderter Fussweg direkt zum See.</p></div><p>G&auml;stekarte Haslital: 50% Rabatt auf einen Cocktail aus der Happy-Hour-Karte im Badesee-Bistro</p>;8.1935939;46.7466242;6084;Hasliberg Wasserwendi;+41 33 972 40 40;https://gletscherblick.ch/badesee/;[{'@type': 'ImageObject', 'contentUrl': 'https://jrtagpimtsoch.sos-ch-dk-2.exoscale-cdn.com/catalog/7/2/f/d/72fdd93c040aa887ad38be01651e2b4eeb758fe6_Badesee_Hasliberg.jpg'}];2026-05-20T11:51:25+02:00
765d44d0-2fce-4192-b2e3-0e7e37d90b47;﻿Minigolf auf der Sportanlage Eyelti in Lauterbrunnen;<p><span style="background-color: rgb(255, 255, 255); color: rgb(0, 0, 0);">Jung und Alt können sich beim Minigolfspielen auf der Sportanlage Eyelti vergnügen.</span></p><p><span style="background-color: rgb(255, 255, 255); color: rgb(0, 0, 0);">Die 18-Loch-Minigolfanlage am Fusse des Staubbachfalls lädt zu einem gemütlich-sportlichen Zeitvertreib ein.</span></p><p><span style="background-color: rgb(255, 255, 255); color: rgb(0, 0, 0);">Öffnungszeiten: Von Juni bis Anfang Oktober, täglich von 15 bis 19 Uhr, steht die Anlage Gästen und Einheimischen zur Verfügung.</span></p><p><span style="background-color: rgb(255, 255, 255); color: rgb(0, 0, 0);">Gästekarte Lauterbrunnen:</span></p><p><strong style="background-color: rgb(255, 255, 255); color: rgb(0, 0, 0);">CHF 1.00 Rabatt pro Spiel</strong></p>;[{'@type': 'ImageObject', 'contentUrl': 'https://jrtagpimtsoch.sos-ch-dk-2.exoscale-cdn.com/catalog/c/f/0/1/cf013d565f12e4e0352e765e647c5c5d275a247b_minigolf_lauterbrunnen.jpg'}];2026-09-03T17:47:11+02:00
79c29c69-ddce-4ac4-919b-fa3f76149f65;Sportzentrum Grindelwald Boulderraum;<p><span style="background-color: rgb(255, 255, 255); color: rgb(0, 0, 0);">Knifflige Kletterbewegungen ausprobieren, die Fingerkraft trainieren und die Koordination und Körperbeherrschung mit viel Spass schulen.</span></p><p><span style="background-color: rgb(255, 255, 255); color: rgb(0, 0, 0);">In unserer Boulderhalle, welche sich im Tribünenbereich der Eishalle befindet, können Sie diesen Klettersport auf 170 Quadratmetern erleben.</span></p><p><span style="background-color: rgb(255, 255, 255); color: rgb(0, 0, 0);">Er steht bei jeder Witterung für Indoor-Kletteraktionen zur Verfügung.</span></p><p><span style="background-color: rgb(255, 255, 255); color: rgb(0, 0, 0);">Gästekarte Grindelwald:</span></p><p><strong style="background-color: rgb(255, 255, 255); color: rgb(0, 0, 0);">50 % Rabatt auf den Eintritt</strong></p>;[{'@type': 'ImageObject', 'contentUrl': 'https://jrtagpimtsoch.sos-ch-dk-2.exoscale-cdn.com/catalog/1/8/9/8/1898ce8c93b59e27c9327390de7ca2afc0419858__B197725_by.davidbirri.jpg'}];2026-09-03T16:43:57+02:00
7afb48fb-b70e-49d8-97c7-c9cd7b5803dd;﻿Restaurant Alpenblick in Grindelwald – Gutes, preiswertes Essen;[{'@type': 'ImageObject', 'contentUrl': 'https://jrtagpimtsoch.sos-ch-dk-2.exoscale-cdn.com/catalog/f/d/0/1/fd011ad638b516a4f6e1a87ee222c6c66b4467b1_hotel_alpenblick_grindelwald.jpg'}];2026-09-03T16:41:15+02:00
7db1cd34-cae9-43b5-a606-84003194c604;50% Rabatt: Muggestutz Puzzle;Profitiere von 50% Rabatt auf das Muggestutz Puzzle.;<p>Erh&auml;ltlich im:&nbsp;</p><p>Tourist Center Meiringen, Bahnhofplatz 12, 3860 Meiringen</p><p>&nbsp;</p><p>G&auml;stekarte Haslital: 50% Rabatt auf das Muggestutz Puzzle, Verlag Selbtan&nbsp;</p>;8.1842692;46.7273758;Bahnhofplatz 12;3860;Meiringen;+41 33 972 50 50;info@haslital.swiss;https://haslital.swiss/de/;[{'@type': 'ImageObject', 'contentUrl': 'https://jrtagpimtsoch.sos-ch-dk-2.exoscale-cdn.com/catalog/b/e/6/2/be621aa961132dc0c6df364b0fc64663b147eae2_Muggestutz_Puzzle.png'}];2026-02-02T08:21:49+01:00
7fbdafa3-d9bf-41c9-9231-3ca14bc3e9d6;10% Rabatt: Erste Online Bestellung Haslitaler Päckli;Profitiere von 10% Rabatt auf die erste Online Bestellung Haslitaler Päckli;<p>Haslitaler P&auml;ckli - das Beste aus dem Haslital! Einfach online bestellen und in der ganzen Schweiz Spezialit&auml;ten aus dem Haslital geniessen! Ideal als Geschenk oder f&uuml;r dich selber zum geniessen.</p><p>G&auml;stekarte Haslital: 10% Rabatt auf die erste Online Bestellung Haslitaler P&auml;ckli mit dem Code "gaestekarte"</p>;8.1870934;46.7285518;[{'@type': 'ImageObject', 'contentUrl': 'https://jrtagpimtsoch.sos-ch-dk-2.exoscale-cdn.com/catalog/e/4/6/d/e46d2b7ab3e1b104d2d8610a75c5eab608a8d5db_Haslitaler_P__ckli_G__stekartenangebot.jpg'}];2026-04-13T09:37:04+02:00
84813109-fc32-4f55-b5f3-d53b15412205;Niesenbahn - die schweizer Pyramide am Thunersee;<p><span style="background-color: rgb(255, 255, 255); color: rgb(0, 0, 0);">Der Niesen (2362 m ü. M.) wird wegen seiner ikonischen Form oft die «Schweizer Pyramide am Thunersee» genannt.</span></p><p><span style="background-color: rgb(255, 255, 255); color: rgb(0, 0, 0);">Die 360-Grad-Panoramasicht ist einmalig. Kombiniere die historische Bahnfahrt mit einer Wanderung und einem Besuch im Berghaus Niesen Kulm.</span></p><p><span style="background-color: rgb(255, 255, 255); color: rgb(0, 0, 0);">Gästekarten der Jungfrau Region:</span></p><p><strong style="background-color: rgb(255, 255, 255); color: rgb(0, 0, 0);">20 % Rabatt auf die Hin- und/oder Retourfahrt</strong></p>;[{'@type': 'ImageObject', 'contentUrl': 'https://jrtagpimtsoch.sos-ch-dk-2.exoscale-cdn.com/catalog/f/3/5/3/f3536ff851a581889d5ddc60de721e65e705bd45_niesenbahn_sommer_teaser.jpg'}];2026-09-03T17:49:45+02:00
84f61d30-2ef7-41f4-8a71-b306524956e2;Abegglen Sport;Abegglen Sport ist ein Familienbetrieb im Herzen von Mürren. Im Winter sind wir auf das Verleihen und Verkaufen von Wintersportartikeln sowie Accessoires zu fairen Preisen spezialisiert.;<div id="bgLayers_comp-lmuk30x6" class="MW5IWV" data-hook="bgLayers" data-motion-part="BG_LAYER comp-lmuk30x6"><div id="bgMedia_comp-lmuk30x6" class="VgO9Yg" data-motion-part="BG_MEDIA comp-lmuk30x6"></div></div><div class="" data-mesh-id="comp-lmuk30x6inlineContent" data-testid="inline-content"><div data-mesh-id="comp-lmuk30x6inlineContent-gridContainer" data-testid="mesh-container-content"><div id="comp-kanqdaw1" class="ku3DBC zQ9jDz qvSjx3 Vq6kJx comp-kanqdaw1 wixui-rich-text" data-testid="richTextElement"><p class="font_7 wixui-rich-text__text"><span class="color_36 wixui-rich-text__text">Unser Mietsortiment umfasst Skis und Snowboards f&uuml;r alle Niveaustufen, Schlitten und Rodel, Schneeschuhe, Schneevelos, Skist&ouml;cke und Helme. In unserem Shop finden Sie zus&auml;tzlich warme Skiunterw&auml;sche, Skisocken, Skibrillen, Helme, Protektoren, Handschuhe, Winterschuhe und zahlreiche Souvenirs.</span></p><p class="font_7 wixui-rich-text__text"><span class="color_36 wixui-rich-text__text">Unser freundliches und kompetentes Personal ber&auml;t Sie gerne und freut sich Sie in unserem Gesch&auml;ft Willkommen zu heissen.</span></p><p class="font_7 wixui-rich-text__text"><span class="color_36 wixui-rich-text__text">Sie finden uns mitten im Herzen von M&uuml;rren. Auf der unteren Dorfstrasse gelegen, gleich gegen&uuml;ber vom Coop. Die Allmendhubelbahn liegt eine Gehminute entfernt.</span></p></div></div></div>;7.8929321;46.5594576;Uf em Bort 1035C;3825;Mürren;+41 33 855 12 45;abegglen.sport@gmail.com;https://www.skirental-muerren.com/;[{'@type': 'ImageObject', 'contentUrl': 'https://jrtagpimtsoch.sos-ch-dk-2.exoscale-cdn.com/catalog/4/e/c/f/4ecf8b2b2dff6f2f45af8d8d234db67db4744f89_IMG_3451__1_.jpg'}];2026-09-04T15:49:16+02:00
87e71ca8-3c27-4fc9-afb8-5a491d1bf442;10% Rabatt: Bogenschiessen im Tipidorf von Hasli-Aktiv;Profitiere von 10% Rabatt auf das Bogenschiessen mit Einführungskurz, Ausrüstungsmiete und selbstständiger Benutzung des Jagdparcours für 3 Stunden.;<p>Kennst du Katniss Everdeen, die junge Heldin der Tribute von Panem? Robin Hood oder Winnetou? Sie alle sind Profis im Umgang mit Pfeil und Bogen! Dazu geh&ouml;ren Konzentration, K&ouml;rperbewusstsein und Intuition - wir bieten dir die M&ouml;glichkeit, mit einem erfahrenen Guide die ersten Schritte in diese faszinierende Sportart zu wagen. Nachdem du w&auml;hrend einer Stunde deine Treffsicherheit ge&uuml;bt hast, kannst du selbst&auml;ndig dein K&ouml;nnen auf dem abwechslungsreichen 3D-Parcours beweisen.</p><p>G&auml;stekarte Haslital: 10% Rabatt auf das Bogenschiessen</p>;8.1538516;46.7467007;Brünigpassstrasse;3860;Meiringen;+41 76 572 54 72;info@hasli-aktiv.ch;https://hasli-aktiv.ch;[{'@type': 'ImageObject', 'contentUrl': 'https://jrtagpimtsoch.sos-ch-dk-2.exoscale-cdn.com/catalog/4/3/2/e/432e80baf94349d4128d4043d908b1ecac206143_bogenschiessen_hasli_aktiv_teaser.jpg'}];2026-04-27T13:46:17+02:00
8c1b99ba-4e5d-4b89-93d2-fa99166c610a;Exklusive Winterbeilage Schweiz via JRT;<p>Gemeinsam mit unseren Partnern m&ouml;chten wir den Winter im Schweizer Markt st&auml;rken. Daf&uuml;r planen wir eine exklusive Winterbeilage in einem renommierten Schweizer Medium, zum Beispiel Coop Zeitung, NZZ oder Tages-Anzeiger.&nbsp;</p><p>In diesem Zusammenhang m&ouml;chten wir eine erste Interessensabfrage starten, um abzusch&auml;tzen, wie viele Partner an einer Teilnahme interessiert sind. Auf dieser Basis k&ouml;nnen wir dann die n&auml;chsten Schritte mit den Medien kl&auml;ren. Sobald alle MzM-Anmeldungen vorliegen, werden wir uns mit den Details zu Preis, Medium und Format wieder bei euch melden.</p>;[{'@type': 'ImageObject', 'contentUrl': 'https://jrtagpimtsoch.sos-ch-dk-2.exoscale-cdn.com/catalog/3/a/4/5/3a45ac92e560a4f1d0ef609294039e6cfa248253_M__nnlichen_Panorama.jpg'}];2025-09-05T14:01:08+02:00
8c358bc6-f230-4135-9d66-f06578911ac0;#Caprice_Eiger_Hotpot;<p>Buchen Sie das ganz spezielle Erlebnis mit einzigartigem Blick auf die Eigernordwand. T&auml;glich von 17 bis 21 Uhr. Maximal 4 Personen, nur eine Buchung pro Tag. Wir wechseln nach jeder Ben&uuml;tzung das Wasser f&uuml;r Sie. Pauschalpreis: CHF 95.00 f&uuml;r 2 Personen Ben&uuml;tzung #Caprice_eiger_hotpot - 1 Bademantel pro Person - 1 Glas Prosecco oder Moscato pro Person Reservation bis 22 Uhr am Vorabend. G&auml;stekarte der Jungfrau Region Kostenlos f&uuml;r die dritte und vierte Person (ohne G&auml;stekarte CHF 20.00 f&uuml;r die dritte und vierte Person)</p>;[{'@type': 'ImageObject', 'contentUrl': 'https://jrtagpimtsoch.sos-ch-dk-2.exoscale-cdn.com/catalog/8/8/0/7/880735cad772749d1119b2ed3d729a3ff41daa5a_hot_pot_sommer.jpg'}];2026-09-03T16:36:48+02:00
8f1f2de1-a012-4697-b9ad-6e5cc7cf10c3;10% Rabatt: Wanderkarte Haslital und gesamtes Hasliliteratur-Sortiment;Profitiere von 10% Rabatt auf die Wanderkarte Haslital 1:50000 und das gesamte Hasliliteratur-Sortiment;<p>Jenny &amp; Banholzer AG steht seit vielen Jahren f&uuml;r Vielfalt und Qualit&auml;t im Bereich Papeterie, B&uuml;cher und B&uuml;robedarf im Berner Oberland. Ob Schulmaterial, kreative Bastelartikel oder professionelle Einrahmungen &ndash; hier findest du alles, was du brauchst. Mit mehreren Filialen in der Region und einem pers&ouml;nlichen Service, der keine W&uuml;nsche offenl&auml;sst, ist Jenny &amp; Banholzer f&uuml;r viele die erste Adresse, wenn es um Beratung und Auswahl geht. Verl&auml;sslich, vielseitig und immer nah am Kunden &ndash; so pr&auml;sentiert sich Jenny &amp; Banholzer AG.</p><p>G&auml;stekarte Haslital: 10% Rabatt auf die Wanderkarte Haslital 1:50000 und das gesamte Hasliliteratur-Sortiment</p>;8.186671;46.7275771;Bahnhofstrasse 20 / 22;3860;Meiringen;+41 33 971 13 07;info@papeterie-jenny.ch;https://www.papeterie-jenny.ch/;[{'@type': 'ImageObject', 'contentUrl': 'https://jrtagpimtsoch.sos-ch-dk-2.exoscale-cdn.com/catalog/0/5/f/3/05f3c1dc4e4cd85194c1eb91420e007081b5efe7_Jenny_G__stekartenangebot_2.jpg'}];2026-04-13T09:59:10+02:00
9c855fd4-f725-4ba4-b948-94f349627d3f;25% Rabatt: Eintritt Tourismuseum Unterseen;Profitiere von 25% Rabatt auf den Eintritt im Tourismuseum in Unterseen;<p>Das Tourismuseum stellt auf drei Stockwerken &nbsp;die Entwicklung des Fremdenverkehrs vom 17. bis zum 21. Jahrhundert dar. Auf einer unterhaltsamen Reise kann nachvollzogen werden, welchen Weg die Tourismuswirtschaft in den letzten gut 300 Jahren zur&uuml;ckgelegt hat.&nbsp;</p>;7.8491474;46.686908;Obere Gasse 26;3800;Unterseen;+41 79 476 96 26;info@tourismuseum.ch;https://www.tourismuseum.ch/;[{'@type': 'ImageObject', 'contentUrl': 'https://jrtagpimtsoch.sos-ch-dk-2.exoscale-cdn.com/catalog/c/a/9/e/ca9e8cdcf5414af7bad2380f3e51b1b80c061cf5_Tourismuseum_Unterseen_3.jpg'}];2026-03-30T09:38:20+02:00
a0dd9c55-4a54-4fa4-b8a8-be54b3ec5a8c;Testhotel;[{'@type': 'ImageObject', 'contentUrl': 'https://jrtagpimtsoch.sos-ch-dk-2.exoscale-cdn.com/catalog/b/b/e/a/bbead632766557bd24fc366ae620ae6dbd92997f_Sonderangebote_Hotels.jpg'}];2026-09-04T14:24:48+02:00
a747763c-031b-42fc-b197-1ecc1541a088;50% Rabatt: Eintritt Sherlock Holmes Museum;Profitiere von 50% Rabatt auf den Eintritt in das Sherlock Holmes Museum in Meiringen;<p>Tritt ein in die Welt von Sherlock Holmes: Originalgetreue Schaupl&auml;tze, spannende Details und &uuml;berraschende Fundst&uuml;cke lassen die legend&auml;ren Geschichten lebendig werden. Ein Erlebnis, das Fans, Neugierige und Sp&uuml;rnasen sofort in seinen Bann zieht.</p><p>G&auml;stekarte Haslital: 50% Rabatt auf den Eintrittspreis</p>;8.187345;46.7269404;Bahnhofstrasse 26;3860;Meiringen;+41 33 972 50 00;info@sherlockholmes.ch;https://sherlockholmes.ch/de/Info/Museum;[{'@type': 'ImageObject', 'contentUrl': 'https://jrtagpimtsoch.sos-ch-dk-2.exoscale-cdn.com/catalog/0/1/8/9/01898e34c12879281fe962783bcf287d3971e96b_Sherlock_Holmes_Museum_by_David_Birri_HT__18_.jpg'}];2026-04-30T17:05:32+02:00
a80e1cf5-c61f-4495-a804-6818e4de3f86;Canyoning Interlaken;;<p>Das ist die perfekte Tour f&uuml;r alle, die Canyoning einmal ausprobieren wollen! Die lokale Schlucht ist nur f&uuml;nf Autofahrminuten von unserer Basis entfernt und bietet alles, was dieser Sport ausmacht. Klettere, rutsche, seile dich ab und springe in tiefe Wasserbecken. Sollte ein Element zu schwierig f&uuml;r dich sein, hast du immer eine angenehme Alternative nach unten zu kommen.<br>&nbsp;</p><table><tbody><tr><td><strong>Inbegriffen:</strong></td><td><ul><li>Komplett ben&ouml;tigte Canyoning Ausr&uuml;stung</li><li>Professionelle Guides</li><li>Gratis Getr&auml;nk nach dem Trip</li><li>Abhol- und R&uuml;ckfahrservice ab vorgegebenen Treffpunkten</li><li>Umkleidekabinen und Warmwasserduschen sind in unserer Basis in Interlaken verf&uuml;gbar.</li></ul></td></tr><tr><td><strong>Mitbringen:</strong></td><td><ul><li>Badebekleidung</li><li>Badetuch</li></ul></td></tr><tr><td><strong>Anforderungen:</strong></td><td><ul><li>Maximal Gewicht 125kg</li><li>Mindestalter 12&nbsp;Jahre (Kinder unter 18 Jahren nur in Begleitung eines Erwachsenen)</li><li>Schwimmkenntnisse empfohlen, aber nicht notwendig.</li><li>Eine gute k&ouml;rperliche Verfassung ist Voraussetzung f&uuml;r die Teilnahme.</li></ul></td></tr></tbody></table><p>&nbsp;</p>;7.878999742261668;46.67087158470646; Industriestrasse 17;3812 ;Wilderswil;[{'@type': 'ImageObject', 'contentUrl': 'https://jrtagpimtsoch.sos-ch-dk-2.exoscale-cdn.com/catalog/1/c/c/a/1ccaea4542bf9d2d68ff1c01784c202f5d0fdb37_2000x2000_0_70_3b6dc94ecbfefaaf72cbbad23964071e.jpg', 'caption': {'de': 'Gruppenbild '}}];2025-09-05T11:23:15+02:00
acebeaff-e239-449f-a3f0-ce9f2247227b;10% Rabatt: Abegglensport Mürren;Profitiere von 10% Rabatt auf die Skimiete.;<p data-start="329" data-end="389">Abegglen Sport ist ein Familienbetrieb im Herzen von M&uuml;rren.</p><p data-start="391" data-end="516">Im Winter sind wir auf das Verleihen und Verkaufen von Wintersportartikeln sowie Accessoires zu fairen Preisen spezialisiert.</p><p data-start="518" data-end="657">Das Mietsortiment umfasst Skis und Snowboards f&uuml;r alle Niveaustufen, Schlitten und Rodel, Schneeschuhe, Schneevelos, Skist&ouml;cke und Helme.</p><p data-start="659" data-end="724">G&auml;stekarten M&uuml;rren, Lauterbrunnen:<br data-start="693" data-end="696">10% Rabatt auf die Skimiete</p>;Auf dem Bort 1035c;3825 ;Mürren;+41 33 855 12 45; abegglen.sport@gmail.com;https://www.skirental-muerren.com/;[{'@type': 'ImageObject', 'contentUrl': 'https://jrtagpimtsoch.sos-ch-dk-2.exoscale-cdn.com/catalog/1/6/7/a/167af33c265c07198d340abcc57653ba59b48aff_Abegglen_Sport_Winter_Aussenansicht.jpg'}];2026-09-03T17:26:35+02:00
ad123108-c979-4126-89dd-d92f8e4549c7;Central Sport;Grosse Auswahl an Sportartikel
Miete Ebike / Bike

;<p>Im Zentrum von Wengen gelegen, bietet Central Sport eine grosse Auswahl an Sportartikeln sowie Ski- und Snowboardvermietung. Das Sportgesch&auml;ft befindet sich direkt neben der Luftseilbahn Wengen-M&auml;nnlichen</p>;7.921361;46.6058139;Wengiboden 1349;3823;Wengen;+41 33 855 23 23;rent@centralsport.ch;https://www.centralsport.ch;[{'@type': 'ImageObject', 'contentUrl': 'https://jrtagpimtsoch.sos-ch-dk-2.exoscale-cdn.com/catalog/b/1/e/e/b1eed9c3b61957be441d191930ee5fa929b29588_Central_004.jpg'}];2026-09-04T15:49:21+02:00
b592f16c-8dd5-411a-ad45-1c824d636d38;16.67% Rabatt: Gletscherschlucht Rosenlaui;Profitiere von 16.67% Rabatt auf den Einzeleintritt in die Gletscherschlucht Rosenlaui;<p>Auf einem gut gesicherten Weg erkunden Sie die wilde Schlucht. Sie entdecken fantasievolle Felsschliffe, hier einen Elefantenkopf, da eine Domkuppel&hellip; Hautnah erleben Sie die unb&auml;ndige Kraft des Gletscherwassers, tosend f&auml;llt es &uuml;ber Felsstufen, sprudelnd wirbelt es um Gletschert&ouml;pfe. Ein beeindruckendes Naturschauspiel. Der Rundgang dauert rund 45 Minuten. Ein Ausflug f&uuml;r jedermann bei jedem Wetter.</p><p>G&auml;stekarten der Jungfrau Region: 16.67% Rabatt auf den Einzeleintritt</p>;8.1554464;46.6788069;Rosenlaui;3860;Meiringen;+41 33 971 24 88;info@rosenlauischlucht.ch;https://rosenlauischlucht.ch/;[{'@type': 'ImageObject', 'contentUrl': 'https://jrtagpimtsoch.sos-ch-dk-2.exoscale-cdn.com/catalog/a/b/4/0/ab40a3c415506e460c7e5c5d453d9ee490113a11_Gletscherschlucht_Rosenlaui_G__stekartenangebot.jpg'}];2026-05-13T11:55:17+02:00
b6070cbb-756a-4d68-9efb-90be7a2a1245;Kostenlos: ﻿Langlaufloipe Lauterbrunnen;Profitiere von kostenloser Nutzung der Langlaufloipe.;<p data-start="386" data-end="563">Von Lauterbrunnen nach Stechelberg f&uuml;hrt die Strecke entlang der weissen L&uuml;tschine und vorbei an den Tr&uuml;mmelbachf&auml;llen, die als gr&ouml;sste unterirdische Wasserf&auml;lle Europas gelten.</p><p data-start="565" data-end="791">Die alpine Topographie bietet wenig Raum f&uuml;r Skilanglauf. Dennoch gibt es im Tal die Loipe zwischen Lauterbrunnen und Stechelberg. Und diese ist spektakul&auml;r. Den Weg zwischen den beiden Bergd&ouml;rfern s&auml;umen ganze 72 Wasserf&auml;lle.</p><p data-start="793" data-end="874">G&auml;stekarten Wengen, M&uuml;rren, Lauterbrunnen:<br data-start="835" data-end="838">Kostenlose Nutzung der Langlaufloipe</p>;[{'@type': 'ImageObject', 'contentUrl': 'https://jrtagpimtsoch.sos-ch-dk-2.exoscale-cdn.com/catalog/4/a/1/8/4a18f90f9c59471b3bd1e01a351b6f9afdc24468_Lauterbrunnen_Langlaufen.jpg'}];2026-09-03T16:47:38+02:00
b707d1e9-6df5-466d-8692-ec2448409186;Molitor Sport;Professionele Beratung mit viel Erfahrung;<p data-start="73" data-end="317">Das Sportgesch&auml;ft mit Tradition und Innovation: Molitor Sport besteht seit 1912 im Herzen von Wengen. Gepr&auml;gt wurde das Gesch&auml;ft von Karl Molitor, Rekordsieger am Lauberhorn, der als Mentor den Grundstein f&uuml;r den internationalen Erfolg legte.</p><p data-start="319" data-end="510" data-is-last-node="" data-is-only-node="">Bis heute verbindet Molitor Sport langj&auml;hrige Erfahrung im Sportartikelhandel mit professioneller Beratung und einem vielseitigen Angebot f&uuml;r Wintersport und Bergsport in der Jungfrau Region.</p>;7.9206198871099955;46.60667555;Wengiboden 1398C;3823;Wengen ;+41 33 855 21 31;info@molitor.ch;https://www.molitor.ch;[{'@type': 'ImageObject', 'contentUrl': 'https://jrtagpimtsoch.sos-ch-dk-2.exoscale-cdn.com/catalog/5/6/4/7/5647a8a55742073e7e826105ed003d5516712bec_Molitor_Sport_Wengen_14.jpg'}];2026-09-04T15:49:23+02:00
b73824ed-752d-44dc-b38e-3c536b6089bd;Alpia Sport;Skiverleih und Sportmode im Herzen von Wengen;<p>Alpia Sport + Mode AG ist spezialisiert auf den Verkauf, die Vermietung und den Verleih von Ski, Snowboards und Sportbekleidung. Im Mittelpunkt steht ein hoher Kundenservice - von Skiservice und Kleinreparaturen bis hin zu Anpassungen von Wander- und Skischuhen sowie Kleider&auml;nderungen.</p>;7.921763;46.6052304;Dorfstrasse;3823;Wengen;+41 33 855 26 26;alpia@alpiasport.ch;https://www.alpiasport.ch/;[{'@type': 'ImageObject', 'contentUrl': 'https://jrtagpimtsoch.sos-ch-dk-2.exoscale-cdn.com/catalog/6/d/a/2/6da2e7bf7ba55b25836756206f2de616568b5e7a_AlpiaSport_Wengen.JPG'}];2026-09-04T15:49:23+02:00
b9917d75-22af-4243-8271-5e2e8bdd22ae;Imboden Bike;Outdoor-Equipment mit charmanter Beratung;<p>F&uuml;r jede Jahreszeit und jedes Wetter haben wir Passendes an Lager: Robustes und sportliches Schuhwerk, funktionelle Bekleidung und eine stylische Auswahl an Brillen. Praktisches, wie Schn&uuml;rsenkel und Gamaschen, findest du in unserem Sortiment genauso wie Rucks&auml;cke, M&uuml;tzen oder Handschuhe namhafter Hersteller. Kompetente und charmante Beratung geh&ouml;rt mit dazu.</p><p>&nbsp;</p><p>Angebote:</p><ul><li>Shop</li><li>Service, Reperaturen &amp; Custom Bikes</li><li>Bike Vermietung&nbsp;</li><li>Schneeschuhe Vermietung</li><li>Schlitten Vermietung&nbsp;</li><li>Langlauf Vermietung</li><li>Gef&uuml;hrte E-Bike Touren</li></ul>;7.9078016;46.5939043;Fuhren;CH - 3822  ;Lauterbunnen;+41 33 855 21 14;info@imboden-bike.ch;https://www.imboden-bike.ch/de/;[{'@type': 'ImageObject', 'contentUrl': 'https://jrtagpimtsoch.sos-ch-dk-2.exoscale-cdn.com/catalog/2/f/d/c/2fdc2d8ca5c947d6d7ec904d6d384a2bbefa0389_Startseite_2560.jpg'}];2026-09-04T15:49:23+02:00
bce4c99d-5c97-4a5e-9616-c78e8d8ca2e3;Freie ÖV-Nutzung mit der Gästekarte im Haslital;<p>Sie fahren mit der analogen G&auml;stekarte oder dem digitalen &Ouml;V-Ticket untenstehende Strecken kostenlos.&nbsp;<strong>Das digitale &Ouml;V-Ticket ist nur in Verbindung mit der personalisierten G&auml;stekarte Haslital g&uuml;ltig.</strong></p><ul><li>158 PostAuto-Linie | Reuti &ndash; Br&uuml;nig</li><li>171 PostAuto-Linie | Innertkirchen &ndash; Guttannen/Handegg</li><li>172 PostAuto-Linie | Innertkirchen &ndash; Obermaad</li><li>174 PostAuto-Linie | Brienzwiler &ndash; Meiringen &ndash; Geissholz</li><li>470 Zentralbahn-Linie | Br&uuml;nig-Hasliberg &ndash; Meiringen &ndash; Brienzwiler</li><li>474 Zentralbahn-Linie | Meiringen &ndash; Innertkirchen</li><li>2480.8 Pendelbahn Meiringen &ndash; Hasliberg Reuti</li></ul><p>Der Fahrausweis ist g&uuml;ltig f&uuml;r die 2. Klasse. Hunde und Fahrr&auml;der sind nicht inbegriffen und werden nach den aktuellen Tarifen bef&ouml;rdert.</p>;8.1842692;46.7273758;[{'@type': 'ImageObject', 'contentUrl': 'https://jrtagpimtsoch.sos-ch-dk-2.exoscale-cdn.com/catalog/5/f/2/d/5f2d4b10205894ddc83e192b98e07d36ec4eac9d_G__stekarte___V_Haslital_Sommer.jpg'}];2026-06-13T13:43:33+02:00
beeb2072-9495-4ea4-ad8c-86b9e0ae0e61;15% Rabatt: St. Beatus-Höhlen inkl. Höhlenmuseum mit Shop;Profitiere von 15% Rabatt auf den Eintritt in die St. Beatus-Höhlen inkl. Höhlenmuseum mit Shop;<p>Entdecken Sie die magische Welt der St. Beatus-H&ouml;hlen!</p><p>Wandeln Sie durch beeindruckende Tropfsteinh&ouml;hlen und tauchen Sie ein in eine sagenhafte Unterwelt. Geniessen Sie anschliessend im Restaurant Stein &amp; Sein k&ouml;stliche Speisen mit atemberaubendem Blick auf den Thunersee. Ein Erlebnis f&uuml;r Naturliebhaber, Familien und Abenteurer &ndash; Geschichte, Natur und Kulinarik perfekt vereint!</p><p>G&auml;stekarte Haslital: 15% Rabatt auf den Eintritt.</p>;7.782526;46.6837513;Staatsstrasse 30;3800;Sundlauenen;+41 33 841 16 43;info@beatushoehlen.ch;https://www.beatushoehlen.swiss;[{'@type': 'ImageObject', 'contentUrl': 'https://jrtagpimtsoch.sos-ch-dk-2.exoscale-cdn.com/catalog/7/6/7/3/7673b2c722756c2cfef11d64e552e34bdbb09751_2304_2606_hdr_by.davidbirri_1320.jpg'}];2026-07-07T15:59:32+02:00
bfa2a856-17e2-4cf7-a357-d27c8c697cb4;25% Rabatt: Eintritt Freilichtmuseum Ballenberg ;Profitiere von 25% Rabatt auf den Eintrittstarif für Erwachsene im Freilichtmuseum Ballenberg;<p>Mehr als 100 historische Geb&auml;ude aus allen Landesteilem der Schweiz, &uuml;ber 200 Bauernhoftiere und alte Handwerkskunst:</p><p>Auf den Ballenberg erleben Sie die Schweiz mit allen Sinnen. Das grossz&uuml;gige Gel&auml;nde des einzigen Freilichtmuseums der Schweiz liegt oberhalb von Brienz, im Herzen des Berner Oberlands.&nbsp;</p><p>G&auml;stekarte Haslital: 25% Rabatt auf den Eintritt</p>;8.084871;46.7487621;Museumsstrasse 100;3858;Hofstetten bei Brienz;+41 33 952 10 30;info@ballenberg.ch;https://ballenberg.ch;[{'@type': 'ImageObject', 'contentUrl': 'https://jrtagpimtsoch.sos-ch-dk-2.exoscale-cdn.com/catalog/4/9/0/9/4909cafe77b716b68ac52c349bab4de44f9138a8_2018_09_27_michael_meier_KEY_Familie_6207.jpg'}];2026-07-07T15:59:32+02:00
c3a35d68-4052-4b24-b346-699d1d5df33f;20% Rabatt: Plüschtiere in Susan's Gschenk- und Mode-Budigg;Profitiere von 20% auf Plüschtiere in Susan's Gschenk- und Mode-Budigg;<p>Charmant, &uuml;berraschend und voller liebevoll ausgew&auml;hlter St&uuml;cke: In Susan&rsquo;s Gschenk- und Mode-Budigg entdeckst du Mode, Accessoires und Geschenke, die Freude machen. Ein Laden zum St&ouml;bern, Verlieben und Mitnehmen &ndash; f&uuml;r dich selbst oder jemanden, den du gern beschenkst.</p><p>G&auml;stekarte Haslital: 20% Rabatt auf Pl&uuml;schtiere</p>;8.1883682;46.7272078;Bahnhofstrasse 37;3860;Meiringen;+41 33 971 62 22;info@susan-gschenkbudigg.ch;http://www.susan-gschenkbudigg.ch;[{'@type': 'ImageObject', 'contentUrl': 'https://jrtagpimtsoch.sos-ch-dk-2.exoscale-cdn.com/catalog/0/f/2/9/0f29eda734806020ae6a424babfee8c4bd260e74_Susans_Gschenk__und_Modebudigg_G__stekartenangebot.jpg'}];2026-04-13T11:22:32+02:00
c75399c4-07f4-4d8a-9389-418911c1cda9;20% Rabatt: Pickleball Platzmiete;Profitiere von 20% Rabatt auf die Pickleball Platzmiete sowie kostenloses Mietmaterial;<p>Unsere wundersch&ouml;n gelegene Anlage im Herzen des Haslitals mit drei Hallenpl&auml;tzen und zwei Aussenpl&auml;tzen l&auml;dt zum Tennis- und Badmintonspielen ein. Die famili&auml;re Tennisschule bietet Jung und Alt ein breites Angebot, um das Spiel mit der Filzkugel zu geniessen, zu verbessern oder zu erlernen.</p><p>G&auml;stekarte Haslital: 20% Rabatt auf die Pickleball Platzmiete sowie kostenloses Mietmaterial</p>;8.1884654;46.7228766;Alpbachstrasse 22;3860;Meiringen;+41 33 971 39 00;https://www.tennismeiringen.ch/;[{'@type': 'ImageObject', 'contentUrl': 'https://jrtagpimtsoch.sos-ch-dk-2.exoscale-cdn.com/catalog/c/0/a/9/c0a9044de43b4b6e449b3cc07fe048fddda998be_20250425_190210_2.jpg'}];2026-07-27T16:51:45+02:00
cd2285d2-12b4-448e-9249-ddf3edba160a;﻿Grindelwald-First – Top of Adventure;<p><span style="background-color: rgb(255, 255, 255); color: rgb(0, 0, 0);">Geborgen in der Gondel schwebt man sanft hinauf auf First. Aber dann wirds luftig: Auf den beiden Flying-Fox-Varianten First Flyer und First Glider mit bis zu 80 Stundenkilometern, auf dem First Cliff Walk presented by Tissot oder dem First View in schwindelerregender Höhe oder auf dem wendigen First Mountain Cart oder dem First Trottibike mit dem Fahrtwind in den Haaren. Genau: Abenteuer kann man nicht planen. Sie finden einen. Auf First ganz gewiss.</span></p><p><span style="background-color: rgb(255, 255, 255); color: rgb(0, 0, 0);">Gästekarte Grindelwald:</span></p><p><strong style="background-color: rgb(255, 255, 255); color: rgb(0, 0, 0);">15 % Rabatt auf die Strecke Grindelwald – First einfach oder retour</strong></p><p></p>;[{'@type': 'ImageObject', 'contentUrl': 'https://jrtagpimtsoch.sos-ch-dk-2.exoscale-cdn.com/catalog/1/3/0/9/1309998b18800981fba82f8ec97caecb08f06fc7_medium__Ein_Steg_ins_Nichts__1_.jpg'}];2026-09-03T16:44:33+02:00
cdf4ef41-e51a-44b7-9e5c-f7eb35cdd12b;CHF 3.00 Rabatt: Indoor Seilpark;Profitiere von CHF 3.00 Rabatt auf den Erwachsenen-Eintritt in den Indoor Seilpark - Eine «seilstarke» Idee;<p data-start="319" data-end="430">Das schweizweit einmalige Erlebnis &ndash; und das bei jedem Wetter: Trocken und windstill im Winter, k&uuml;hl im Sommer.</p><p data-start="432" data-end="546">Fliegen Sie eine Runde durch den Park, pendeln Sie &uuml;ber den Hinterstosser-Quergang, rollen Sie zur Weissen Spinne&hellip;</p><p data-start="548" data-end="696">Unter dem Dach der Eishalle k&ouml;nnen Klein und Gross &uuml;ber die mehr oder weniger wackeligen und spannenden Elemente balancieren, klettern oder fliegen.</p><p data-start="698" data-end="806">G&auml;stekarte Wengen, Grindelwald, M&uuml;rren und Lauterbrunnen: CHF 3.00 Rabatt auf einen Erwachsenen-Eintritt in den Indoor-Kletterpark.</p>;Dorfstrasse 110;3818 ;Grindelwald;+41 33 224 07 01;info@outdoor.ch;https://outdoor.ch/;[{'@type': 'ImageObject', 'contentUrl': 'https://jrtagpimtsoch.sos-ch-dk-2.exoscale-cdn.com/catalog/7/8/6/4/7864d44d67c2a78b02b7f22bae0991ec1596760e_Sportzentrum_Seilpark_Copyright_Sportzentrum_GW__4_.JPG'}];2026-09-03T17:35:56+02:00
d20e5791-f79f-479b-9d76-481c6d3fcc50;50% Rabatt: Sidelhornbahn, Grimsel Hospiz;Profitiere von 50% Rabatt auf die Fahrt für Erwachsene mit der Sidelhornbahn;<p>Schwerelos mit der Sidelhornbahn vom Grimsel Hospiz &uuml;ber den Grimselsee hinauf an den Fuss des Sidelhorns, Ausgangspunkt der Wanderrouten zum Gipfel des Sidelhorns sowie des H&ouml;henwegs zum Triebtenseeli und weiter zum Oberaarsee.</p><p>G&auml;stekarte Haslital: 50% Rabatt auf die Fahrt f&uuml;r Erwachsene</p>;8.3311199;46.5671658;3864;Guttannen;+41 33 982 26 26;welcome@grimselwelt.ch;https://www.grimselwelt.ch/;[{'@type': 'ImageObject', 'contentUrl': 'https://jrtagpimtsoch.sos-ch-dk-2.exoscale-cdn.com/catalog/c/f/5/0/cf50aee0a4c38b18adcc735c20ab6e76284ea6fa_Sidelhornbahn.jpg'}];2026-07-07T15:59:32+02:00
d35ae2a9-ba21-4519-b2c6-4371f34cff92;Salomon Station;Direkt an der Schilthornbahn-Station in Mürren kannst du in der Salomon Station die neusten Ski von Salomon, Atomic, Fischer, Dynastar, Scott und Amplid testen oder mieten. Im Verkauf wie auch in der Miete gibt es diverse dazugehörige Accessoires.
Bei uns findest du ein grosses  Sortiment an Skis, Snowboards, Schlitten und Schlittschuhe. Selbstverständlich stehen auch Jacken, Hosen und Helme zur Verfügung.;7.890597581863404;46.55810782530409;3825;Mürren;+41 33 855 23 30;info@intersport-muerren.ch;https://www.intersportrent.ch/skimiete-muerren/intersport-muerren-schilthorn_3949788;[{'@type': 'ImageObject', 'contentUrl': 'https://jrtagpimtsoch.sos-ch-dk-2.exoscale-cdn.com/catalog/5/0/a/e/50ae3fcacbd0b5280f613d836936e1e7c1cae3e3_Alpines_Sportzentrum_Muerren_Intersport.jpg'}];2026-09-04T15:49:28+02:00
d36bc5a0-0b2d-4e6d-b873-3373e2a79cfa;20% Rabatt: Alle T-Shirts im Märithüsli (ausgenommen bereits reduzierte);Profitiere von 20% Rabatt auf alle T-Shirts im Märithüsli (ausgenommen bereits reduzierte T-Shirts);<p>Das M&auml;rith&uuml;sli ist ein regional verwurzelter Laden, in dem traditionelle Kleidung und vertraute Stile zuhause sind. Ein Ort, an dem man in Ruhe st&ouml;bern kann und sich sofort willkommen f&uuml;hlt.</p><p>G&auml;stekarte Haslital: 20% Rabatt auf alle T-Shirts im M&auml;rith&uuml;sli (ausgenommen bereits reduzierte T-Shirts)</p>;8.1903545;46.7258743;Alpbachstrasse 1;3860;Meiringen;+41 33 971 30 40;info@maerithuesli.ch;https://maerithuesli.ch/;[{'@type': 'ImageObject', 'contentUrl': 'https://jrtagpimtsoch.sos-ch-dk-2.exoscale-cdn.com/catalog/a/6/9/6/a696b6851db69078615e31dafbf603122e90052e_M__rith__sli_G__stekartenangebot_by.davidbirri.jpg'}];2026-04-14T13:30:37+02:00
d72cd366-3a66-4e74-9ccc-1f0c6ff7b00c;Eispalast;Entdecke die Eisskulpturen;<p>Je verg&auml;nglicher etwas ist, desto sch&ouml;ner. Das gilt besonders f&uuml;r den Eispalast und seine Sch&auml;tze. Bergf&uuml;hrer haben die G&auml;nge und Hallen in den dreissiger Jahren mit Pickel und S&auml;ge mitten im Jungfraufirn geschaffen. Heute formen K&uuml;nstler:innen das Eis &ndash; mit viel Fingerspitzengef&uuml;hl. Auf einem spiegelglatten Rundgang durch eine frostige Welt entdecken G&auml;ste in Nischen ihre Kunstwerke. Adler, Pinguin oder B&auml;r wirken, als seien sie eben zu Eis erstarrt, so naturgetreu sehen sie aus. Das bringt Besucher:innen &ndash; auch bei minus drei Grad Celsius &ndash; zum Schmelzen.</p>;7.982704639434815;46.54738758205446;[{'@type': 'ImageObject', 'contentUrl': 'https://jrtagpimtsoch.sos-ch-dk-2.exoscale-cdn.com/catalog/1/2/d/f/12df219966a76cfd872813b70acb70753d0db612_Jungfraujoch_Eispalast02.jpg', 'caption': {'de': 'zwei Menschen Laufen durch einen Eis Tunnel'}}];2026-03-23T07:46:37+01:00
dd1e16c3-575e-4e5a-b922-4fe515b60d55;5 % Rabatt: Imboden Bike – Schlittenmiete in Lauterbrunnen;Profitiere von 5 % Rabatt auf die Schlittenmiete.

;<p data-start="315" data-end="434">Gleiten durch den Schnee. Das Lauterbrunnental eignet sich wie kaum eine zweite Region f&uuml;r ausgiebige Schlittensafaris.</p><p data-start="436" data-end="649">Rasante Rodelabfahrten und langgezogene Schlittentouren laden zum Spass auf schnellen Kufen ein. Bei Imboden verleihen wir moderne Holz- und Aluschlitten und informieren &uuml;ber Tour-M&ouml;glichkeiten f&uuml;r jeden Anspruch.</p><p data-start="651" data-end="712">G&auml;stekarte Lauterbrunnen:<br data-start="676" data-end="679">5 % Rabatt auf die Schlittenmiete</p>;Fuhren 456/H;3822 ;Lauterbrunnen;079 382 44 39;rent@imboden-bike.ch;https://www.imboden-bike.ch/de/;[{'@type': 'ImageObject', 'contentUrl': 'https://jrtagpimtsoch.sos-ch-dk-2.exoscale-cdn.com/catalog/9/3/c/6/93c6540b66e753b0bf31b296f243abbafb6c97ea_imbodenbike_sommer_lauterbrunnen_teaser.jpg'}];2026-09-03T17:32:42+02:00
e1753e76-0fd4-4e28-8c5e-0fda4be51271;50% Rabatt: Oberaarbahn, Guttannen;Profitiere von 50% Rabatt auf die Fahrt für Erwachsene mit der Oberaarbahn;<p>Auf dieser Gondelbahnfahrt entdecken Sie die Grimselwelt in einem "Tiefflug" von Grimsel Hospiz &uuml;ber den Grimselsee bis an den Oberaarsee, an dessen Ende die Aare dem Gletscher entspringt. W&auml;hrend der 30-min&uuml;tigen Reise in zwei Etappen erleben Sie das wundersch&ouml;ne Alpenpanorama aus einer ganz neuen Perspektive.</p><p>G&auml;stekarte Haslital: 50% Rabatt auf die Fahrt f&uuml;r Erwachsene</p>;8.2951417;46.5565971;3864;Guttannen;+41 33 982 26 26;welcome@grimselwelt.ch;https://www.grimselwelt.ch/;[{'@type': 'ImageObject', 'contentUrl': 'https://jrtagpimtsoch.sos-ch-dk-2.exoscale-cdn.com/catalog/f/a/5/d/fa5d647e9794013999c0c21a85e59c2ee0ea6146_Oberaarbahn.jpg'}];2026-07-07T15:59:33+02:00
ec3cffe5-67a0-4f20-aca1-377ef9f186ff;10% Rabatt: Dakota Air Lounge;Profitiere von 10% Rabatt auf alle Speisen im Restaurant Dakota Air Lounge in Meiringen ;<p>Das Dakota Air Lounge Restaurant bietet ein einzigartiges Ambiente, das an die goldene &Auml;ra der Luftfahrt erinnert. Mit stilvollem Interieur, das von Flugzeugen inspiriert ist, und einer abwechslungsreichen Speisekarte, die sowohl lokale als auch internationale Gerichte umfasst, ist es der ideale Ort f&uuml;r Flugbegeisterte und Gourmets gleichermassen. Ob f&uuml;r ein entspanntes Abendessen oder einen besonderen Anlass &ndash; die Dakota Air Lounge verspricht ein unvergessliches Erlebnis.</p><p>G&auml;stekarte Haslital: 10% Rabatt auf alle Speisen im Restaurant Dakota Air Lounge in Meiringen.</p>;8.1855327;46.7282765;Bahnhofstrasse 3;3860;Meiringen;+41 33 733 30 03;info@dakota-airlounge.ch;https://dakota-airlounge.ch/;[{'@type': 'ImageObject', 'contentUrl': 'https://jrtagpimtsoch.sos-ch-dk-2.exoscale-cdn.com/catalog/8/8/5/f/885f6b7570c5b33271258b64584de77c4f86c14c_Dakota_Airloung_G__stekartenangebot.jpg'}];2026-04-04T14:57:38+02:00
eee9f108-db53-4a25-9c6b-1bb65e99f30d;﻿Lauberhorn Crazy Golf Wengen – 18-Loch-Minigolfbahn;<p>Das Lauberhorn Crazy Golf ist mehr als nur Minigolf. Die 18-Loch-Minigolfbahn erz&auml;hlt verschiedene Geschichten &uuml;ber die Lauberhornabfahrt. Das Kernen-S oder das &Ouml;sterreicherloch spielen oder den Ball aus der Schneekanone schleudern. Ein Erlebnis f&uuml;r die ganze Familie! G&auml;stekarte der Jungfrau Region 50% Rabatt auf den Eintritt und das Mietmaterial</p>;[{'@type': 'ImageObject', 'contentUrl': 'https://jrtagpimtsoch.sos-ch-dk-2.exoscale-cdn.com/catalog/c/8/4/1/c841406d0c24323383c06e23b916f21f3f421d54_lauberhorn_crazy_golf_wengen.jpg'}];2026-09-03T16:51:22+02:00
f1223cd3-97b0-49f3-8a40-dc7870874770;50% Rabatt: Tällibahn, Gadmen;Profitiere von 50% Rabatt auf die Fahrt für Erwachsene mit der Tällibahn;<p>Von der Sustenpassstrasse in nur zu zehn Minuten hinauf an den Fuss der Gadmer-Dolomiten.&nbsp;Hier finden alle ihren pers&ouml;nlichen Lieblingsplatz.</p><p>G&auml;stekarte Haslital: 50% Rabatt auf die Fahrt f&uuml;r Erwachsene</p>;8.3379516;46.7322411;Sustenstrasse;3863;Innertkirchen;+41 33 982 26 26;welcome@grimselwelt.ch;https://www.grimselwelt.ch/;[{'@type': 'ImageObject', 'contentUrl': 'https://jrtagpimtsoch.sos-ch-dk-2.exoscale-cdn.com/catalog/5/2/d/f/52df660e90fd2de6c3efaef9f4ece96124de4e2c_T__llibahn_Grimselwelt_Jungfrau_Region_David_Birri__3_.jpg'}];2026-07-07T15:59:33+02:00
f12525b8-56a4-488c-90af-b11ebf75c437;Kostenlos: Erlebniswelt UNESCO-Welterbe Jungfrau-Aletsch;<p>Das UNESCO-Welterbe Swiss Alps Jungfrau-Aletsch ist eine der sch&ouml;nsten und wertvollsten Gebirgslandschaften der Welt. Das Welterbe erstreckt sich vom ewigen Eis im Hochgebirge bis zur mediterranen Steppenlandschaft im S&uuml;den und dokumentiert den aktuellen Klimawandel. Die imposanten Nordw&auml;nde der Berner Hochalpen verk&ouml;rpern eindr&uuml;ckliche Zeugnisse der alpinen Gebirgsbildung.</p><p>Entdecke das UNESCO-Welterbe Swiss Alps Jungfrau-Aletsch im World Nature Forum!</p><p><strong><strong>G&auml;stekarten der Jungfrau Region</strong></strong> Kostenloser Eintritt in die Erlebniswelt UNESCO-Welterbe Jungfrau-Aletsch.</p>;7.9852843;46.3222452;Bahnhofstrasse 9a;3904;Naters;+41 27 924 52 76;info@jungfraualetsch.ch;https://wnf.ch/;[{'@type': 'ImageObject', 'contentUrl': 'https://jrtagpimtsoch.sos-ch-dk-2.exoscale-cdn.com/catalog/5/3/b/3/53b358320b55c6940f54864a51ea84a075db6849_WNF_Flora_Fauna_Insekten.jpg'}];2026-07-07T15:59:33+02:00
f2a31d17-0499-4ec9-a19f-3e829f20c970;Heimatmuseum Grindelwald;;<p>Museum auf drei Stockwerken mit Ausstellungen zu Landwirtschaft, Hauswirtschaft, Wintersport, Bergsteigen und zur Geschichte Grindelwalds.</p><p>Das Museum ist bis am 24. Oktober 2025, jeweils Dienstag - Freitag von 15 bis 18 Uhr ge&ouml;ffnet. Das Museum bleibt geschlossen 25. Oktober - 29. Dezember 2025. Ab 30 Dezember 2025 ist das Museum wieder offen, jeweils von Dienstag - Freitag 15 bis 18 Uhr.</p><p>&nbsp;</p><p><strong>Mit den G&auml;stekarten der Jungfrau Region erhalten Erwachsene CHF 2.00 Rabatt auf den Eintritt</strong></p>;Dorfstrasse 204;3818;Grindelwald;+41 33 853 43 02;museum@grindelwald-museum.ch;https://grindelwald-museum.ch/;[{'@type': 'ImageObject', 'contentUrl': 'https://jrtagpimtsoch.sos-ch-dk-2.exoscale-cdn.com/catalog/6/6/a/d/66ad72084e120f2ed0d8a536424c4b48f37e0a05_Grindelwald_Museum.jpg'}];2026-09-04T15:49:30+02:00
f342a9ec-07d6-40f7-9eb2-70b88f6017fc;Gondelbahn Grindelwald-Männlichen ;;[{'@type': 'ImageObject', 'contentUrl': 'https://jrtagpimtsoch.sos-ch-dk-2.exoscale-cdn.com/catalog/1/a/b/b/1abbbbb0c88729338c506805e264e8a8943e5f64_jpg.jpeg'}];2026-09-03T16:45:36+02:00
f3b499f8-cb04-48f9-871d-b17497cf6025;Schweizer Illustrierte online;<div><span style="font-weight: bold;">Kontakte:</span> 406'000</div><div><span style="font-weight: bold;">Laufzeit:</span> 1 Woche</div><div><span style="font-weight: bold;">Sprache:</span> Deutsch</div><div><span style="font-weight: bold;">Umfang: </span>Publireportage 1 Woche auf Homepage, 1 Newsletter Integration, 1 Facebook Post, 1 Instagram Story.</div><div><span style="font-weight: bold;">Personas:</span> -</div><div><span style="font-weight: bold;">Preis (exkl. MwSt.):</span> CHF 8'370 (&Auml;nderungen vorbehalten)</div><div>&nbsp;</div><div>In der Schweizer Illustrierte erscheinen t&auml;glich aktuelle Beitr&auml;ge rund um Gesellschaft, People, Lifestyle, Gesundheit, Reisen und Genuss. Neben exklusiven Interviews und Reportagen bietet die Online-Version multimediale Inhalte wie Fotostrecken und Videos sowie aktuelle News aus der Schweiz und der Welt.</div><div>&nbsp;</div><div><a href="https://www.schweizer-illustrierte.ch/" target="_blank" rel="noopener">Erfahre mehr</a></div>;[{'@type': 'ImageObject', 'contentUrl': 'https://jrtagpimtsoch.sos-ch-dk-2.exoscale-cdn.com/catalog/c/d/3/f/cd3f6dcbaa0cc7989e43268cdfa7bad4e5e5612b_CHE_SchweizerIllustrierte.jpg'}];2025-09-08T16:34:11+02:00
f5eac4c5-bc64-4f91-83f7-8e6e8cc0128a;25 % Rabatt: ﻿Luftseilbahn Isenfluh-Sulwald in Lauterbrunnen;Profitiere von 25 % Rabatt auf die Hin- und/oder Retourfahrt.;<p data-start="420" data-end="597">Die kleine, beinahe nostalgische Seilbahn existiert seit 1975 und bietet acht Personen oder einer Kuh Platz &ndash; ein &laquo;B&auml;hnchen&raquo; der speziellen Art, verbunden mit dem Leben vor Ort.</p><p data-start="599" data-end="743">Die Bahn f&uuml;hrt in ein grossartiges Wandergebiet mit der einmaligen Aussicht auf Eiger, M&ouml;nch und Jungfrau, das Dreigestirn des Berner Oberlands.</p><p data-start="745" data-end="825">Alle G&auml;stekarten der Jungfrau Region:<br data-start="777" data-end="780">25 % Rabatt auf die Hin- und/oder Retourfahrt</p>;[{'@type': 'ImageObject', 'contentUrl': 'https://jrtagpimtsoch.sos-ch-dk-2.exoscale-cdn.com/catalog/f/a/c/6/fac67ec03e832fcb46b60ad8f590416067fef422_luftseilbahn_isenfluh_sulwald_lauterbrunnen.jpg'}];2026-09-03T16:51:47+02:00
f6ff232a-77b1-4e4a-bc99-e47100afb3e2;Switzerland Travel Mart (STM) - Luxury Edition;<p><strong>Austragungsort: </strong>Crans-Montana<br><strong>Datum: </strong>15. - 17.06.2025<br><strong>Art: </strong>Messe<br><strong>Personas:</strong> Quinn<br><strong>Preis (exkl. MwSt.): </strong>Wird noch von ST kommuniziert<br><br>Der Switzerland Travel Mart - Luxury Edition ist eine neue Edition der bekannten Incoming-Fachmesse von Schweiz Tourismus und bietet eine professionelle Plattform, um Luxusprodukte und Dienstleistungen der Schweiz zu pr&auml;sentieren. An zwei Tagen treffen 40 sorgf&auml;ltig ausgew&auml;hlte Luxusreiseveranstalter aus wichtigen internationalen M&auml;rkten auf 40 Schweizer Luxushoteliers und Tourismusdienstleister in einer Reihe von vorab vereinbarten 40-min&uuml;tigen Meetings.<br><br><a href="https://www.stnet.ch/de/event/switzerland-travel-mart-2026-luxury-edition/">Erfahre mehr</a></p>;[{'@type': 'ImageObject', 'contentUrl': 'https://jrtagpimtsoch.sos-ch-dk-2.exoscale-cdn.com/catalog/4/d/c/b/4dcb8336b99489de4eee647c2c73a50048a7e4c9_st_logo.jpg'}];2025-09-08T16:52:00+02:00
f90922d9-d1a9-45d6-955b-c3edc2d8cd61;Kostenlos: Skibus Lauterbrunnen;Profitiere von kostenloser Nutzung der Buslinie mit der digitalen Gästekarte.;<p data-start="417" data-end="551">Die Gemeinde Lauterbrunnen umfasst sechs D&ouml;rfer. Die Ortschaften Lauterbrunnen und Stechelberg sind an ein Strassennetz angeschlossen.</p><p data-start="553" data-end="703">G&auml;stekarte Lauterbrunnen:<br data-start="578" data-end="581">Die Buslinie Lauterbrunnen&ndash;Stechelberg ist in den Wintermonaten f&uuml;r alle Inhaber*innen der digitalen G&auml;stekarte kostenlos.</p>;[{'@type': 'ImageObject', 'contentUrl': 'https://jrtagpimtsoch.sos-ch-dk-2.exoscale-cdn.com/catalog/f/7/9/d/f79d356c4c1635dbfd48989127ed2796777fb9ae_Lauterbrunnen_Dorf.jpg'}];2026-09-03T16:47:14+02:00
fa9c8940-3fbc-4af0-bfbd-1645f94f26e7;Pollux Sport;Das Sportfachgeschäft im Zentrum von Meiringen mit einem breiten Sortiment und langjähriger Erfahrung.;Ski- und Snowboard-Service auf höchtem Niveau.

Als führender Spezialist verfügen wir über die neusten Maschinen und die besten Präparationen für deine Wintersportausrüstung. 

Mit richtig präparierten Skis macht das Skifahren noch viel mehr Spass! Auf Wunsch bieten wir dir auch einen Rennservice an. Auf unserem Bindungsprüfgerät erledigen wir auch den BFU-Test – für einen unfallfreien Skitag.;8.1897885;46.7259285;Rudenz 32;3860;Meiringen;+41 33 971 43 18;pollux-sport@pollux-sport.ch;https://www.pollux-sport.ch/;[{'@type': 'ImageObject', 'contentUrl': 'https://jrtagpimtsoch.sos-ch-dk-2.exoscale-cdn.com/catalog/0/f/7/4/0f74d6881040dfb4ff2cbe4b7994d4d715ef8f33_csm_Pollux_1_22dbd3b762.jpg'}];2026-09-04T15:49:31+02:00
ff8929d5-9a3e-48b3-bbd0-06c6551cc32d;﻿Bibliothek Graben in Grindelwald;<p><span style="background-color: rgb(255, 255, 255); color: rgb(0, 0, 0);">Unsere Bibliothek verfügt über 7300 Medien: Belletristik, Sachbücher, Kinderbücher, Comics, DVDs, CDs und vieles mehr.</span></p><p><span style="background-color: rgb(255, 255, 255); color: rgb(0, 0, 0);">Bei uns finden auch regelmässig Versli-Vormittage für Kleinkinder von 1 bis 3 Jahren in Begleitung eines Erwachsenen statt.</span></p><p><span style="background-color: rgb(255, 255, 255); color: rgb(0, 0, 0);">Daten sowie aktuelle Informationen zu weiteren Veranstaltungen wie Lesenacht, Lesungen, Märlistunde usw. finden Sie auf unserer Homepage.</span></p><p><span style="background-color: rgb(255, 255, 255); color: rgb(0, 0, 0);">Gästekarte Grindelwald:</span></p><p><strong style="background-color: rgb(255, 255, 255); color: rgb(0, 0, 0);">Gratis Ausleihe von jeglichem Medium gegen Depot</strong></p>;[{'@type': 'ImageObject', 'contentUrl': 'https://jrtagpimtsoch.sos-ch-dk-2.exoscale-cdn.com/catalog/8/f/0/7/8f07b12e242bfb3887f410116c7e20350b12797b_bibliothek_graben_grindelwald.jpg'}];2026-09-03T16:37:20+02:00
